{"type":"FeatureCollection", "features": [
{"type":"Feature","geometry":{"type":"Polygon","coordinates":[[[179.999219,-16.168555],[180,-16.15293],[179.551758,-16.249902],[178.805078,-16.631445],[179.006836,-16.900195],[179.92793,-16.744434],[179.748145,-16.446289],[179.999219,-16.168555]]]},"properties":{"scalerank":0,"featurecla":"Land","min_zoom":1.5}},
{"type":"Feature","geometry":{"type":"Polygon","coordinates":[[[177.23418,-17.14707],[177.275781,-17.104883],[177.287402,-17.048633],[177.210156,-17.084277],[177.23418,-17.14707]]]},"properties":{"scalerank":0,"featurecla":"Land","min_zoom":4}},
{"type":"Feature","geometry":{"type":"Polygon","coordinates":[[[127.372656,0.791309],[127.319824,0.862012],[127.286426,0.811914],[127.372656,0.791309]]]},"properties":{"scalerank":0,"featurecla":"Land","min_zoom":4}},
{"type":"Feature","geometry":{"type":"Polygon","coordinates":[[[-81.334814,24.650488],[-81.322314,24.685059],[-81.42168,24.732617],[-81.364795,24.629932],[-81.334814,24.650488]]]},"properties":{"scalerank":0,"featurecla":"Land","min_zoom":3}},
{"type":"Feature","geometry":{"type":"Polygon","coordinates":[[[-80.829395,24.803662],[-80.786768,24.821045],[-80.799414,24.846289],[-80.838867,24.817871],[-80.829395,24.803662]]]},"properties":{"scalerank":0,"featurecla":"Land","min_zoom":4}},
{"type":"Feature","geometry":{"type":"Polygon","coordinates":[[[-80.638281,24.903174],[-80.6146,24.937939],[-80.625684,24.941113],[-80.665137,24.898438],[-80.638281,24.903174]]]},"properties":{"scalerank":0,"featurecla":"Land","min_zoom":4}},
{"type":"Feature","geometry":{"type":"Polygon","coordinates":[[[143.178906,-11.954492],[142.872559,-11.821387],[142.836816,-11.306934],[142.456445,-10.707324],[142.168359,-10.946582],[141.951563,-11.896191],[141.677734,-12.491406],[141.64541,-13.259082],[141.472559,-13.797559],[141.625488,-15.056641],[141.219141,-16.646191],[140.830469,-17.414453],[140.03584,-17.702637],[139.248438,-17.328613],[139.009863,-16.899316],[138.24502,-16.718359],[137.703711,-16.233008],[137.002148,-15.87832],[136.784668,-15.894238],[136.205371,-15.403418],[135.530762,-15.000391],[135.405176,-14.758203],[135.883398,-14.153125],[135.927344,-13.304297],[136.594336,-13.003809],[136.537012,-12.784277],[136.947461,-12.349902],[136.540234,-11.957617],[136.081836,-12.422461],[135.788477,-11.907031],[135.217969,-12.22168],[134.730273,-11.984375],[134.237109,-12.007715],[133.904199,-11.832031],[133.185254,-11.705664],[132.682813,-11.505566],[132.583789,-12.110254],[132.37207,-12.23916],[131.438281,-12.276953],[130.672363,-12.406934],[130.168164,-12.957422],[130.259766,-13.302246],[129.838867,-13.572949],[129.709863,-13.97998],[129.378711,-14.39248],[129.753516,-14.789551],[129.458984,-14.933203],[128.199414,-14.751758],[127.672852,-14.195117],[126.903223,-13.744141],[126.569727,-14.160938],[126.111328,-14.114063],[126.020703,-14.494531],[125.68125,-14.387988],[125.178711,-14.714746],[124.381641,-15.758203],[124.576855,-16.113672],[123.49043,-16.490723],[123.778125,-16.867773],[123.525195,-17.485742],[122.970703,-16.436816],[122.160254,-17.313672],[122.237402,-17.968555],[121.833789,-18.477051],[121.493555,-19.106445],[120.878418,-19.665039],[119.585938,-20.038281],[119.104492,-19.995313],[118.751465,-20.261914],[118.199219,-20.375195],[117.40625,-20.721191],[116.706738,-20.653809],[116.010938,-21.030371],[115.456152,-21.491699],[114.859082,-21.735938],[114.377734,-22.341504],[113.958398,-21.93916],[113.682813,-22.637793],[113.757031,-23.418164],[113.55293,-23.732813],[113.417676,-24.435645],[114.214258,-25.851562],[114.215723,-26.289453],[113.539453,-25.625195],[113.581641,-26.558105],[114.028125,-27.347266],[114.165137,-28.080664],[114.537402,-28.542871],[114.958984,-29.433594],[114.994531,-30.216211],[115.176855,-30.808008],[115.698438,-31.694531],[115.683008,-33.192871],[115.181641,-33.643457],[115.008789,-34.255859],[115.72627,-34.526074],[116.517188,-34.987891],[117.581934,-35.097754],[118.135547,-34.986621],[118.895312,-34.479883],[119.450586,-34.368262],[119.854102,-33.974707],[121.405078,-33.826758],[122.777539,-33.89082],[123.207617,-33.988281],[123.650391,-33.836328],[124.126074,-33.129395],[125.917188,-32.296973],[127.319824,-32.264063],[128.067676,-32.066504],[128.946191,-31.702637],[131.143652,-31.495703],[132.214648,-32.007129],[132.757422,-31.95625],[133.551367,-32.18291],[134.23418,-32.548535],[134.30127,-33.165039],[134.791016,-33.32832],[135.185449,-33.906738],[135.647559,-34.939648],[136.430664,-34.02998],[137.237305,-33.629492],[137.442285,-33.193555],[137.852344,-33.200781],[137.931836,-33.579102],[137.493848,-34.161133],[137.391016,-34.913281],[137.691699,-35.142969],[138.089258,-34.169824],[138.489941,-34.763574],[138.511133,-35.024414],[138.184375,-35.612695],[139.037695,-35.689258],[139.54873,-36.09668],[139.857324,-36.662109],[139.784277,-37.245801],[140.627246,-38.028418],[141.424219,-38.363477],[141.725,-38.271387],[142.612109,-38.45166],[143.538965,-38.820898],[144.665234,-38.209961],[145.79082,-38.666992],[145.935352,-38.901758],[146.856836,-38.663477],[147.395605,-38.219141],[148.2625,-37.830664],[149.298438,-37.802148],[149.932715,-37.528516],[149.960254,-36.845508],[150.195312,-35.833594],[150.690332,-35.177734],[150.960352,-34.29707],[151.231543,-34.029688],[151.483789,-33.347461],[151.812891,-32.901074],[152.47041,-32.439063],[152.559277,-32.045703],[152.943945,-31.434863],[153.030566,-30.563379],[153.272363,-29.89248],[153.348047,-29.29043],[153.60459,-28.854492],[153.575684,-28.240527],[153.116797,-27.194434],[153.08418,-26.303809],[153.164941,-25.96416],[152.913477,-25.432129],[151.902734,-24.200977],[151.500781,-24.012402],[150.843164,-23.458008],[150.763867,-22.576172],[150.076172,-22.164453],[149.703906,-22.440527],[149.204883,-21.125098],[148.683691,-20.580176],[148.759375,-20.289551],[147.915625,-19.869238],[147.418555,-19.378125],[147.13877,-19.393164],[146.481152,-19.078711],[146.333203,-18.553711],[146.032227,-18.272852],[146.125879,-17.635254],[145.901953,-17.070215],[145.426074,-16.406152],[145.458008,-16.056445],[145.271582,-15.47666],[145.287695,-14.943164],[144.648047,-14.49248],[144.473047,-14.231836],[143.961816,-14.462891],[143.756348,-14.348828],[143.548438,-13.741016],[143.586621,-13.443652],[143.401563,-12.639941],[143.110254,-12.303516],[143.178906,-11.954492]]]},"properties":{"scalerank":0,"featurecla":"Land","min_zoom":0}},
{"type":"Feature","geometry":{"type":"Polygon","coordinates":[[[178.280176,-17.371973],[177.617969,-17.461035],[177.263965,-17.863477],[177.321387,-18.077539],[177.84707,-18.254883],[178.667676,-18.080859],[178.591602,-17.651465],[178.280176,-17.371973]]]},"properties":{"scalerank":0,"featurecla":"Land","min_zoom":0.5}},
{"type":"Feature","geometry":{"type":"Polygon","coordinates":[[[164.202344,-20.246094],[164.454688,-20.829102],[165.241992,-21.525488],[166.774121,-22.376172],[166.942383,-22.090137],[165.662793,-21.267188],[165.191797,-20.768848],[164.435938,-20.282227],[164.202344,-20.246094]]]},"properties":{"scalerank":0,"featurecla":"Land","min_zoom":1}},
{"type":"Feature","geometry":{"type":"Polygon","coordinates":[[[127.732715,0.848145],[128.011719,1.331738],[128.010938,1.701221],[127.631738,1.843701],[127.420313,1.251953],[127.555371,0.489648],[128.691602,0.360352],[128.298828,0.876807],[128.702637,1.106396],[128.424121,1.517529],[127.732715,0.848145]]]},"properties":{"scalerank":0,"featurecla":"Land","min_zoom":1}},
{"type":"Feature","geometry":{"type":"Polygon","coordinates":[[[69.184863,-49.10957],[68.87207,-49.444336],[69.612891,-49.650977],[69.915625,-49.348535],[69.184863,-49.10957]]]},"properties":{"scalerank":0,"featurecla":"Land","min_zoom":0.5}},
{"type":"Feature","geometry":{"type":"Polygon","coordinates":[[[63.373828,80.700098],[64.54834,80.75542],[65.382031,81.056738],[63.11582,80.966797],[63.373828,80.700098]]]},"properties":{"scalerank":0,"featurecla":"Land","min_zoom":1.5}},
{"type":"Feature","geometry":{"type":"Polygon","coordinates":[[[57.95625,80.123242],[58.480469,80.464746],[57.075,80.493945],[57.95625,80.123242]]]},"properties":{"scalerank":0,"featurecla":"Land","min_zoom":2}},
{"type":"Feature","geometry":{"type":"Polygon","coordinates":[[[-25.432324,70.921338],[-27.708936,70.897119],[-27.897998,70.454004],[-25.402246,70.652686],[-25.432324,70.921338]]]},"properties":{"scalerank":0,"featurecla":"Land","min_zoom":0}},
{"type":"Feature","geometry":{"type":"Polygon","coordinates":[[[159.750391,-9.272656],[159.853711,-9.791504],[160.649219,-9.928613],[160.625488,-9.588867],[159.750391,-9.272656]]]},"properties":{"scalerank":0,"featurecla":"Land","min_zoom":1}},
{"type":"Feature","geometry":{"type":"Polygon","coordinates":[[[117.311133,8.4396],[118.434961,9.256006],[118.782129,9.916113],[119.191504,10.061084],[119.684375,10.551709],[119.52666,10.953174],[118.114844,9.34668],[117.349902,8.713574],[117.311133,8.4396]]]},"properties":{"scalerank":0,"featurecla":"Land","min_zoom":1}},
{"type":"Feature","geometry":{"type":"Polygon","coordinates":[[[122.496191,11.615088],[122.103516,11.64292],[121.964355,10.87168],[122.197656,10.6229],[122.769922,10.823828],[123.158301,11.535547],[122.496191,11.615088]]]},"properties":{"scalerank":0,"featurecla":"Land","min_zoom":1}},
{"type":"Feature","geometry":{"type":"Polygon","coordinates":[[[123.130859,9.064111],[123.308398,9.356982],[123.162012,9.864258],[123.567578,10.780762],[123.256641,10.993945],[122.983301,10.886621],[122.816992,10.503809],[122.855566,10.086914],[122.471484,9.961523],[122.5625,9.482812],[123.130859,9.064111]]]},"properties":{"scalerank":0,"featurecla":"Land","min_zoom":1}},
{"type":"Feature","geometry":{"type":"Polygon","coordinates":[[[124.574609,11.343066],[124.445508,10.923584],[124.786719,10.781396],[124.780762,10.168066],[125.25332,10.263818],[125.013184,10.785693],[124.92998,11.372852],[124.574609,11.343066]]]},"properties":{"scalerank":0,"featurecla":"Land","min_zoom":0}},
{"type":"Feature","geometry":{"type":"Polygon","coordinates":[[[125.239551,12.527881],[124.294727,12.569336],[124.384863,12.243994],[124.884277,11.775488],[125.233398,11.145068],[125.628125,11.132031],[125.456543,11.952539],[125.535645,12.191406],[125.239551,12.527881]]]},"properties":{"scalerank":0,"featurecla":"Land","min_zoom":0}},
{"type":"Feature","geometry":{"type":"Polygon","coordinates":[[[120.704395,13.479492],[120.508301,13.260059],[120.922168,12.511621],[121.236719,12.218799],[121.540625,12.638184],[121.522754,13.131201],[121.202734,13.432324],[120.704395,13.479492]]]},"properties":{"scalerank":0,"featurecla":"Land","min_zoom":1.5}},
{"type":"Feature","geometry":{"type":"Polygon","coordinates":[[[155.957617,-6.686816],[154.99707,-5.539941],[154.781934,-5.970703],[155.202148,-6.307617],[155.344043,-6.72168],[155.719336,-6.862793],[155.957617,-6.686816]]]},"properties":{"scalerank":0,"featurecla":"Land","min_zoom":1}},
{"type":"Feature","geometry":{"type":"Polygon","coordinates":[[[152.96582,-4.756348],[153.124219,-4.252344],[152.598438,-3.994824],[152.680664,-4.498438],[152.96582,-4.756348]]]},"properties":{"scalerank":0,"featurecla":"Land","min_zoom":1.5}},
{"type":"Feature","geometry":{"type":"Polygon","coordinates":[[[138.535352,-8.273633],[138.989063,-7.696094],[138.769824,-7.39043],[138.295508,-7.438477],[138.00752,-7.641602],[137.685156,-8.262207],[138.296289,-8.405176],[138.535352,-8.273633]]]},"properties":{"scalerank":0,"featurecla":"Land","min_zoom":0.5}},
{"type":"Feature","geometry":{"type":"Polygon","coordinates":[[[129.754688,-2.86582],[129.427344,-2.790723],[128.198535,-2.865918],[128.082129,-3.184082],[128.419238,-3.416016],[128.96748,-3.326074],[129.467676,-3.453223],[129.844141,-3.327148],[130.805078,-3.857715],[130.859961,-3.570312],[130.379102,-2.989355],[129.754688,-2.86582]]]},"properties":{"scalerank":0,"featurecla":"Land","min_zoom":1}},
{"type":"Feature","geometry":{"type":"Polygon","coordinates":[[[126.861133,-3.087891],[126.026465,-3.170508],[126.214551,-3.605176],[126.686328,-3.823633],[127.22959,-3.633008],[127.227344,-3.391016],[126.861133,-3.087891]]]},"properties":{"scalerank":0,"featurecla":"Land","min_zoom":1.5}},
{"type":"Feature","geometry":{"type":"Polygon","coordinates":[[[122.78291,-8.611719],[122.263086,-8.624902],[121.966504,-8.455176],[121.444531,-8.577832],[120.610254,-8.24043],[119.918262,-8.445117],[119.80791,-8.697656],[121.035254,-8.935449],[121.651367,-8.89873],[122.78291,-8.611719]]]},"properties":{"scalerank":0,"featurecla":"Land","min_zoom":1}},
{"type":"Feature","geometry":{"type":"Polygon","coordinates":[[[120.0125,-9.374707],[119.185645,-9.384473],[119.085449,-9.706934],[119.601074,-9.773535],[120.43916,-10.294043],[120.832617,-10.0375],[120.503711,-9.674023],[120.0125,-9.374707]]]},"properties":{"scalerank":0,"featurecla":"Land","min_zoom":1.5}},
{"type":"Feature","geometry":{"type":"Polygon","coordinates":[[[118.242383,-8.317773],[118.11748,-8.122266],[117.56709,-8.426367],[117.164844,-8.367188],[116.835059,-8.532422],[116.788477,-9.006348],[117.061328,-9.099023],[118.189941,-8.840527],[119.00625,-8.749609],[118.987793,-8.337695],[118.242383,-8.317773]]]},"properties":{"scalerank":0,"featurecla":"Land","min_zoom":1}},
{"type":"Feature","geometry":{"type":"Polygon","coordinates":[[[116.64082,-8.613867],[116.401563,-8.204199],[116.061133,-8.437402],[116.076465,-8.744922],[116.377246,-8.929004],[116.64082,-8.613867]]]},"properties":{"scalerank":0,"featurecla":"Land","min_zoom":2}},
{"type":"Feature","geometry":{"type":"Polygon","coordinates":[[[115.447852,-8.155176],[114.475293,-8.119434],[115.236133,-8.797559],[115.704297,-8.407129],[115.447852,-8.155176]]]},"properties":{"scalerank":0,"featurecla":"Land","min_zoom":0.5}},
{"type":"Feature","geometry":{"type":"Polygon","coordinates":[[[106.045703,-1.669434],[105.585449,-1.526758],[105.133398,-2.042578],[105.78584,-2.181348],[105.99873,-2.824902],[106.546777,-3.055566],[106.678809,-2.704004],[106.365918,-2.464844],[106.045703,-1.669434]]]},"properties":{"scalerank":0,"featurecla":"Land","min_zoom":2}},
{"type":"Feature","geometry":{"type":"Polygon","coordinates":[[[22.617383,58.62124],[22.081348,58.478125],[22.15293,58.115332],[23.292871,58.483496],[22.617383,58.62124]]]},"properties":{"scalerank":0,"featurecla":"Land","min_zoom":2}},
{"type":"Feature","geometry":{"type":"Polygon","coordinates":[[[21.608105,78.595703],[20.22793,78.477832],[22.056836,77.501172],[23.841211,77.497754],[21.608105,78.595703]]]},"properties":{"scalerank":0,"featurecla":"Land","min_zoom":1}},
{"type":"Feature","geometry":{"type":"Polygon","coordinates":[[[62.167773,80.834766],[59.592285,80.816504],[59.304395,80.521533],[61.05127,80.418604],[62.167773,80.834766]]]},"properties":{"scalerank":0,"featurecla":"Land","min_zoom":1.5}},
{"type":"Feature","geometry":{"type":"Polygon","coordinates":[[[47.441992,80.853662],[45.124512,80.652246],[46.141406,80.446729],[47.303906,80.606201],[47.441992,80.853662]]]},"properties":{"scalerank":0,"featurecla":"Land","min_zoom":1}},
{"type":"Feature","geometry":{"type":"Polygon","coordinates":[[[50.278125,80.927246],[48.896094,80.369189],[51.703613,80.687646],[50.278125,80.927246]]]},"properties":{"scalerank":0,"featurecla":"Land","min_zoom":1}},
{"type":"Feature","geometry":{"type":"Polygon","coordinates":[[[50.265234,69.185596],[49.225195,69.51123],[48.278809,69.040332],[48.666992,68.733154],[49.62627,68.859717],[50.265234,69.185596]]]},"properties":{"scalerank":0,"featurecla":"Land","min_zoom":2}},
{"type":"Feature","geometry":{"type":"Polygon","coordinates":[[[60.450488,69.934863],[59.005273,70.465186],[58.473047,70.266846],[59.578223,69.738623],[60.450488,69.934863]]]},"properties":{"scalerank":0,"featurecla":"Land","min_zoom":2}},
{"type":"Feature","geometry":{"type":"Polygon","coordinates":[[[70.673926,73.09502],[71.626172,73.173975],[70.940234,73.514404],[69.995898,73.359375],[70.673926,73.09502]]]},"properties":{"scalerank":0,"featurecla":"Land","min_zoom":2}},
{"type":"Feature","geometry":{"type":"Polygon","coordinates":[[[92.683496,79.685205],[93.803125,79.904541],[92.173438,80.045459],[91.126074,79.904932],[92.683496,79.685205]]]},"properties":{"scalerank":0,"featurecla":"Land","min_zoom":2}},
{"type":"Feature","geometry":{"type":"Polygon","coordinates":[[[113.387207,74.400439],[112.084473,74.548975],[111.642969,74.272949],[112.782422,74.095068],[113.387207,74.400439]]]},"properties":{"scalerank":0,"featurecla":"Land","min_zoom":2}},
{"type":"Feature","geometry":{"type":"Polygon","coordinates":[[[141.010254,73.999463],[140.849219,74.273779],[140.101562,74.184277],[140.507227,73.918652],[141.010254,73.999463]]]},"properties":{"scalerank":0,"featurecla":"Land","min_zoom":2}},
{"type":"Feature","geometry":{"type":"Polygon","coordinates":[[[23.852246,35.535449],[23.561621,35.295166],[24.463672,35.160352],[24.799805,34.934473],[25.475684,35.306201],[24.721289,35.424805],[24.312891,35.363818],[23.852246,35.535449]]]},"properties":{"scalerank":0,"featurecla":"Land","min_zoom":1}},
{"type":"Feature","geometry":{"type":"Polygon","coordinates":[[[23.41543,38.958643],[23.758789,38.401221],[24.099023,38.670996],[23.41543,38.958643]]]},"properties":{"scalerank":0,"featurecla":"Land","min_zoom":0}},
{"type":"Feature","geometry":{"type":"Polygon","coordinates":[[[34.463184,35.593506],[33.458789,35.335889],[32.941602,35.39043],[32.317188,34.95332],[32.941797,34.575879],[34.050195,34.988379],[33.941992,35.292041],[34.463184,35.593506]]]},"properties":{"scalerank":0,"featurecla":"Land","min_zoom":1}},
{"type":"Feature","geometry":{"type":"Polygon","coordinates":[[[19.076465,57.835938],[18.136523,57.556641],[18.699902,57.242725],[19.076465,57.835938]]]},"properties":{"scalerank":0,"featurecla":"Land","min_zoom":2}},
{"type":"Feature","geometry":{"type":"Polygon","coordinates":[[[12.56875,55.785059],[12.218945,56.118652],[10.978906,55.721533],[11.286328,55.204443],[11.653809,55.186914],[12.56875,55.785059]]]},"properties":{"scalerank":0,"featurecla":"Land","min_zoom":1}},
{"type":"Feature","geometry":{"type":"Polygon","coordinates":[[[10.645117,55.609814],[9.860645,55.515479],[9.98877,55.163184],[10.785254,55.133398],[10.645117,55.609814]]]},"properties":{"scalerank":0,"featurecla":"Land","min_zoom":2}},
{"type":"Feature","geometry":{"type":"Polygon","coordinates":[[[3.145313,39.790088],[2.784961,39.854834],[2.371289,39.613086],[3.072852,39.30127],[3.145313,39.790088]]]},"properties":{"scalerank":0,"featurecla":"Land","min_zoom":2}},
{"type":"Feature","geometry":{"type":"Polygon","coordinates":[[[-120.55625,-73.756055],[-123.112158,-73.682227],[-122.859082,-74.342676],[-121.062402,-74.337305],[-120.55625,-73.756055]]]},"properties":{"scalerank":0,"featurecla":"Land","min_zoom":1}},
{"type":"Feature","geometry":{"type":"Polygon","coordinates":[[[-126.329883,-73.28623],[-127.414355,-73.516309],[-124.872998,-74.208301],[-124.993408,-73.829785],[-126.329883,-73.28623]]]},"properties":{"scalerank":0,"featurecla":"Land","min_zoom":1}},
{"type":"Feature","geometry":{"type":"Polygon","coordinates":[[[-66.173633,-80.077832],[-65.504443,-79.954297],[-66.01416,-79.624414],[-66.978906,-79.568652],[-66.904199,-79.908887],[-66.173633,-80.077832]]]},"properties":{"scalerank":0,"featurecla":"Land","min_zoom":2}},
{"type":"Feature","geometry":{"type":"Polygon","coordinates":[[[-57.845996,-64.053906],[-58.304443,-64.314551],[-57.327637,-64.237793],[-57.845996,-64.053906]]]},"properties":{"scalerank":0,"featurecla":"Land","min_zoom":0}},
{"type":"Feature","geometry":{"type":"Polygon","coordinates":[[[-63.180566,-64.469531],[-64.171094,-64.581934],[-63.646875,-64.803027],[-63.180566,-64.469531]]]},"properties":{"scalerank":0,"featurecla":"Land","min_zoom":2}},
{"type":"Feature","geometry":{"type":"Polygon","coordinates":[[[-73.706641,-70.635156],[-75.007471,-70.608887],[-76.500244,-70.941406],[-76.176318,-71.132422],[-74.205029,-70.924121],[-73.706641,-70.635156]]]},"properties":{"scalerank":0,"featurecla":"Land","min_zoom":2}},
{"type":"Feature","geometry":{"type":"Polygon","coordinates":[[[-74.987109,-69.727832],[-75.726758,-70.096094],[-74.848828,-70.179297],[-74.987109,-69.727832]]]},"properties":{"scalerank":0,"featurecla":"Land","min_zoom":2}},
{"type":"Feature","geometry":{"type":"Polygon","coordinates":[[[-98.091113,-71.9125],[-98.61543,-71.76377],[-102.128125,-71.985449],[-98.407812,-72.547656],[-96.051758,-72.577246],[-95.609375,-72.068457],[-96.869434,-71.850977],[-98.091113,-71.9125]]]},"properties":{"scalerank":0,"featurecla":"Land","min_zoom":1}},
{"type":"Feature","geometry":{"type":"Polygon","coordinates":[[[-74.354443,-73.098438],[-75.376855,-72.82041],[-75.90083,-73.332617],[-74.574658,-73.611328],[-74.354443,-73.098438]]]},"properties":{"scalerank":0,"featurecla":"Land","min_zoom":2}},
{"type":"Feature","geometry":{"type":"Polygon","coordinates":[[[-67.988477,-67.474414],[-67.687842,-67.147363],[-68.335938,-66.802051],[-69.082422,-67.403125],[-67.988477,-67.474414]]]},"properties":{"scalerank":0,"featurecla":"Land","min_zoom":2}},
{"type":"Feature","geometry":{"type":"Polygon","coordinates":[[[-178.876465,71.577051],[-180,71.537744],[-180,71.464648],[-180,71.094336],[-180,70.993018],[-177.821777,71.067578],[-177.532178,71.263086],[-178.876465,71.577051]]]},"properties":{"scalerank":0,"featurecla":"Land","min_zoom":0}},
{"type":"Feature","geometry":{"type":"Polygon","coordinates":[[[-58.850195,-51.269922],[-59.059521,-51.685449],[-59.570801,-51.925391],[-59.068018,-52.173047],[-57.838184,-51.70918],[-58.850195,-51.269922]]]},"properties":{"scalerank":0,"featurecla":"Land","min_zoom":0.5}},
{"type":"Feature","geometry":{"type":"Polygon","coordinates":[[[-37.10332,-54.065625],[-36.085498,-54.866797],[-35.798584,-54.763477],[-36.326465,-54.251172],[-37.10332,-54.065625]]]},"properties":{"scalerank":0,"featurecla":"Land","min_zoom":2}},
{"type":"Feature","geometry":{"type":"Polygon","coordinates":[[[-73.773389,-43.345898],[-73.436328,-42.936523],[-73.527832,-41.896289],[-74.03667,-41.795508],[-74.354932,-43.263574],[-73.773389,-43.345898]]]},"properties":{"scalerank":0,"featurecla":"Land","min_zoom":0}},
{"type":"Feature","geometry":{"type":"Polygon","coordinates":[[[-60.28623,-51.461914],[-59.921387,-51.969531],[-59.268066,-51.427539],[-60.28623,-51.461914]]]},"properties":{"scalerank":0,"featurecla":"Land","min_zoom":0.5}},
{"type":"Feature","geometry":{"type":"Polygon","coordinates":[[[-74.476172,-49.147852],[-75.184229,-49.083594],[-75.300098,-49.847461],[-74.594727,-50.006641],[-74.476172,-49.147852]]]},"properties":{"scalerank":0,"featurecla":"Land","min_zoom":0}},
{"type":"Feature","geometry":{"type":"Polygon","coordinates":[[[-72.986133,-44.780078],[-72.764062,-44.549023],[-73.207715,-44.334961],[-73.445068,-44.641016],[-72.986133,-44.780078]]]},"properties":{"scalerank":0,"featurecla":"Land","min_zoom":0}},
{"type":"Feature","geometry":{"type":"Polygon","coordinates":[[[-61.801123,49.093896],[-61.817139,49.283545],[-62.858545,49.705469],[-64.131445,49.94165],[-63.565869,49.399316],[-62.219531,49.079102],[-61.801123,49.093896]]]},"properties":{"scalerank":0,"featurecla":"Land","min_zoom":1}},
{"type":"Feature","geometry":{"type":"Polygon","coordinates":[[[-61.105176,45.944727],[-60.576855,46.172168],[-60.331738,46.767822],[-60.870166,46.796777],[-61.495312,45.941455],[-61.283691,45.573877],[-60.386084,45.654639],[-59.865039,46.159521],[-60.504932,46.203857],[-60.806104,45.738086],[-61.105176,45.944727]]]},"properties":{"scalerank":0,"featurecla":"Land","min_zoom":1}},
{"type":"Feature","geometry":{"type":"Polygon","coordinates":[[[-171.463037,63.640039],[-169.777783,63.09375],[-170.43042,63.698828],[-171.463037,63.640039]]]},"properties":{"scalerank":0,"featurecla":"Land","min_zoom":1.5}},
{"type":"Feature","geometry":{"type":"Polygon","coordinates":[[[-166.135449,60.383545],[-167.138867,60.008545],[-166.187549,59.773828],[-165.591797,59.913135],[-166.135449,60.383545]]]},"properties":{"scalerank":0,"featurecla":"Land","min_zoom":1.5}},
{"type":"Feature","geometry":{"type":"Polygon","coordinates":[[[-163.476025,54.980713],[-164.529785,54.880859],[-164.463477,54.427344],[-163.358105,54.735693],[-163.476025,54.980713]]]},"properties":{"scalerank":0,"featurecla":"Land","min_zoom":0}},
{"type":"Feature","geometry":{"type":"Polygon","coordinates":[[[-77.261475,18.457422],[-78.216699,18.448096],[-77.768164,17.877393],[-77.361426,17.833691],[-76.349854,18.151855],[-77.261475,18.457422]]]},"properties":{"scalerank":0,"featurecla":"Land","min_zoom":1}},
{"type":"Feature","geometry":{"type":"Polygon","coordinates":[[[-66.129395,18.444922],[-67.158643,18.499219],[-67.196875,17.994189],[-65.970801,17.974365],[-65.628809,18.381396],[-66.129395,18.444922]]]},"properties":{"scalerank":0,"featurecla":"Land","min_zoom":1}},
{"type":"Feature","geometry":{"type":"Polygon","coordinates":[[[-152.898047,57.823926],[-154.705957,57.335352],[-154.338965,56.920898],[-153.793213,56.989502],[-153.274365,57.226367],[-152.679053,57.345117],[-152.216211,57.577002],[-152.898047,57.823926]]]},"properties":{"scalerank":0,"featurecla":"Land","min_zoom":1}},
{"type":"Feature","geometry":{"type":"Polygon","coordinates":[[[-152.416943,58.360205],[-152.674658,58.450586],[-153.381348,58.087207],[-152.982568,57.99707],[-152.109082,58.161133],[-152.416943,58.360205]]]},"properties":{"scalerank":0,"featurecla":"Land","min_zoom":2}},
{"type":"Feature","geometry":{"type":"Polygon","coordinates":[[[-130.97915,55.48916],[-131.624951,55.831689],[-131.810986,55.223096],[-130.97915,55.48916]]]},"properties":{"scalerank":0,"featurecla":"Land","min_zoom":0}},
{"type":"Feature","geometry":{"type":"Polygon","coordinates":[[[-133.566113,56.339209],[-133.446973,55.797021],[-132.782324,55.048486],[-131.980859,54.804834],[-131.976416,55.208594],[-133.202979,56.319824],[-133.566113,56.339209]]]},"properties":{"scalerank":0,"featurecla":"Land","min_zoom":1}},
{"type":"Feature","geometry":{"type":"Polygon","coordinates":[[[-133.366211,57.003516],[-133.865967,57.068701],[-133.602783,56.464111],[-133.212646,56.4646],[-132.95415,56.880273],[-133.366211,57.003516]]]},"properties":{"scalerank":0,"featurecla":"Land","min_zoom":2}},
{"type":"Feature","geometry":{"type":"Polygon","coordinates":[[[-134.969775,57.351416],[-135.787109,57.317285],[-134.620703,56.718311],[-134.969775,57.351416]]]},"properties":{"scalerank":0,"featurecla":"Land","min_zoom":1}},
{"type":"Feature","geometry":{"type":"Polygon","coordinates":[[[-134.680273,58.16167],[-134.435303,57.056982],[-133.937012,57.581592],[-134.680273,58.16167]]]},"properties":{"scalerank":0,"featurecla":"Land","min_zoom":2}},
{"type":"Feature","geometry":{"type":"Polygon","coordinates":[[[-135.730371,58.244238],[-136.512305,58.095996],[-136.076611,57.674561],[-135.084863,57.511035],[-135.0021,58.051074],[-135.730371,58.244238]]]},"properties":{"scalerank":0,"featurecla":"Land","min_zoom":1}},
{"type":"Feature","geometry":{"type":"Polygon","coordinates":[[[-128.552441,52.939746],[-129.033252,53.279932],[-129.084717,52.822461],[-128.552441,52.939746]]]},"properties":{"scalerank":0,"featurecla":"Land","min_zoom":0}},
{"type":"Feature","geometry":{"type":"Polygon","coordinates":[[[-132.655518,54.12749],[-133.052246,53.778125],[-132.74751,53.310498],[-132.011328,53.265186],[-131.702539,53.986377],[-132.655518,54.12749]]]},"properties":{"scalerank":0,"featurecla":"Land","min_zoom":1}},
{"type":"Feature","geometry":{"type":"Polygon","coordinates":[[[-131.753711,53.195557],[-132.34541,53.136084],[-132.165088,52.783301],[-131.727295,52.756396],[-131.753711,53.195557]]]},"properties":{"scalerank":0,"featurecla":"Land","min_zoom":1}},
{"type":"Feature","geometry":{"type":"Polygon","coordinates":[[[-63.811279,46.468701],[-63.641016,46.230469],[-62.878369,46.001367],[-62.163574,46.487207],[-63.811279,46.468701]]]},"properties":{"scalerank":0,"featurecla":"Land","min_zoom":1}},
{"type":"Feature","geometry":{"type":"Polygon","coordinates":[[[-72.509766,40.986035],[-73.573828,40.919629],[-73.194287,40.654199],[-72.509766,40.986035]]]},"properties":{"scalerank":0,"featurecla":"Land","min_zoom":0}},
{"type":"Feature","geometry":{"type":"Polygon","coordinates":[[[151.915625,-4.296777],[151.551953,-4.345508],[151.671191,-4.883301],[151.326563,-4.960352],[150.95293,-5.42373],[150.29873,-5.535645],[148.344727,-5.544922],[148.401172,-5.765039],[149.652539,-6.29043],[150.42832,-6.276172],[151.229297,-5.919922],[151.515137,-5.552344],[152.142969,-5.357031],[152.013281,-5.003809],[152.4,-4.73125],[152.405664,-4.340723],[151.915625,-4.296777]]]},"properties":{"scalerank":0,"featurecla":"Land","min_zoom":1}},
{"type":"Feature","geometry":{"type":"Polygon","coordinates":[[[127.296094,-8.424512],[126.966406,-8.315723],[126.619727,-8.459473],[125.804297,-8.492188],[125.178027,-8.647852],[124.575488,-9.155371],[123.977148,-9.372949],[123.589258,-9.966797],[123.857617,-10.343555],[124.427539,-10.148633],[125.408008,-9.275781],[126.38252,-8.957617],[127.296094,-8.424512]]]},"properties":{"scalerank":0,"featurecla":"Land","min_zoom":1}},
{"type":"Feature","geometry":{"type":"Polygon","coordinates":[[[145.042969,-40.786719],[144.646094,-40.980859],[144.77793,-41.418848],[145.238184,-42.019629],[145.268164,-42.544336],[146.043164,-43.547168],[146.873926,-43.6125],[147.408008,-42.893848],[147.980859,-43.157031],[147.924414,-42.572461],[148.301465,-42.039941],[148.292871,-40.94707],[147.96875,-40.77959],[147.454785,-41.00166],[146.31748,-41.163477],[145.283008,-40.769922],[145.042969,-40.786719]]]},"properties":{"scalerank":0,"featurecla":"Land","min_zoom":0}},
{"type":"Feature","geometry":{"type":"Polygon","coordinates":[[[96.526563,81.075586],[93.065137,80.988477],[91.523828,80.358545],[93.872363,80.010107],[94.565039,80.126074],[97.175195,80.241016],[97.831836,80.798291],[96.526563,81.075586]]]},"properties":{"scalerank":0,"featurecla":"Land","min_zoom":0}},
{"type":"Feature","geometry":{"type":"Polygon","coordinates":[[[97.674512,80.158252],[94.987305,80.096826],[93.070801,79.495312],[94.652344,79.12749],[97.555469,78.826562],[99.439551,78.834229],[99.929297,78.961426],[99.680664,79.32334],[99.781641,79.628271],[100.06123,79.7771],[97.674512,80.158252]]]},"properties":{"scalerank":0,"featurecla":"Land","min_zoom":0}},
{"type":"Feature","geometry":{"type":"Polygon","coordinates":[[[102.884766,79.253955],[101.590625,79.350439],[100.283984,78.679199],[101.204102,78.191943],[103.719336,78.258252],[105.312598,78.499902],[105.145996,78.818848],[102.884766,79.253955]]]},"properties":{"scalerank":0,"featurecla":"Land","min_zoom":0.5}},
{"type":"Feature","geometry":{"type":"Polygon","coordinates":[[[140.04873,75.828955],[138.813965,76.199707],[137.501172,75.909668],[137.00625,75.23501],[138.092285,74.797461],[139.099121,74.656543],[141.987305,74.99126],[144.019727,75.044678],[145.255273,75.585596],[142.460352,75.903613],[140.944141,75.700488],[140.04873,75.828955]]]},"properties":{"scalerank":0,"featurecla":"Land","min_zoom":0}},
{"type":"Feature","geometry":{"type":"Polygon","coordinates":[[[142.184863,73.895898],[141.084766,73.865869],[140.662793,73.452002],[143.193262,73.220752],[143.34375,73.56875],[142.184863,73.895898]]]},"properties":{"scalerank":0,"featurecla":"Land","min_zoom":1}},
{"type":"Feature","geometry":{"type":"Polygon","coordinates":[[[146.795215,75.370752],[146.148535,75.198291],[148.092383,74.825684],[149.596875,74.772607],[150.103906,75.219238],[146.795215,75.370752]]]},"properties":{"scalerank":0,"featurecla":"Land","min_zoom":1}},
{"type":"Feature","geometry":{"type":"Polygon","coordinates":[[[173.269434,-34.934766],[173.116699,-35.205273],[173.945117,-36.175879],[174.446875,-36.450879],[174.475586,-36.941895],[174.928027,-37.804492],[174.597363,-38.785059],[173.844336,-39.139355],[173.934375,-39.509082],[175.009277,-39.952148],[175.254102,-40.289355],[175.1625,-40.621582],[174.635352,-41.289453],[175.309766,-41.610645],[175.98291,-41.213281],[176.842188,-40.157813],[177.109863,-39.673145],[176.954102,-39.367578],[177.40752,-39.081152],[177.965625,-39.14248],[177.976172,-38.722266],[178.267676,-38.551172],[178.53623,-37.69209],[178.00918,-37.554883],[177.335938,-37.99082],[176.108398,-37.645117],[175.876172,-36.957715],[175.46084,-36.475684],[175.299512,-36.993262],[174.722461,-36.841211],[174.802148,-36.309473],[174.391016,-35.77373],[174.320312,-35.24668],[173.269434,-34.934766]]]},"properties":{"scalerank":0,"featurecla":"Land","min_zoom":0}},
{"type":"Feature","geometry":{"type":"Polygon","coordinates":[[[173.115332,-41.279297],[172.988672,-40.848242],[172.640625,-40.518262],[172.139453,-40.947266],[172.010742,-41.444727],[171.48623,-41.794727],[171.257031,-42.465332],[170.741602,-42.927344],[169.661523,-43.591211],[168.366602,-44.082031],[167.194531,-44.963477],[167.025879,-45.123633],[167.127344,-45.26582],[167.052148,-45.383203],[166.908594,-45.307422],[166.733984,-45.543555],[166.836035,-45.774512],[166.731543,-46.197852],[167.682227,-46.192969],[168.382129,-46.605371],[169.686621,-46.55166],[170.700586,-45.684277],[171.113281,-45.039258],[171.442578,-44.13584],[172.385254,-43.82959],[172.920605,-43.891406],[172.718555,-43.258789],[173.221191,-42.976562],[174.283105,-41.740625],[174.092383,-41.505176],[174.302539,-41.019531],[173.737891,-40.988965],[173.115332,-41.279297]]]},"properties":{"scalerank":0,"featurecla":"Land","min_zoom":0}},
{"type":"Feature","geometry":{"type":"Polygon","coordinates":[[[126.005957,9.320947],[125.520898,9.759131],[125.533398,9.140918],[124.868945,8.972266],[124.731152,8.562988],[124.45127,8.606348],[124.225781,8.271387],[123.43457,8.70332],[122.911133,8.156445],[122.337109,8.028418],[122.131836,7.810498],[123.390918,7.40752],[123.493066,7.80791],[123.968457,7.664648],[124.206641,7.396436],[123.985254,6.993701],[124.078125,6.404443],[124.636328,5.998193],[125.455859,5.664258],[125.667969,5.978662],[125.400977,6.795752],[125.824414,7.333301],[126.080078,6.73335],[126.581543,7.247754],[126.435352,7.832812],[126.319531,8.844727],[126.005957,9.320947]]]},"properties":{"scalerank":0,"featurecla":"Land","min_zoom":0}},
{"type":"Feature","geometry":{"type":"Polygon","coordinates":[[[121.101562,18.615283],[120.599707,18.507861],[120.358398,17.638184],[120.408887,16.955615],[120.159766,16.047656],[119.830762,16.326562],[120.082129,14.851074],[120.888086,14.715771],[120.616797,14.188037],[121.203516,13.640283],[121.77793,13.937646],[122.406934,13.492773],[122.595215,13.907617],[123.163281,13.441748],[123.310938,13.044092],[124.059766,12.56709],[124.142773,13.035791],[123.231445,13.747363],[122.856055,14.250781],[122.49082,14.322363],[122.199707,14.148047],[122.211719,13.930176],[121.800488,14.113867],[121.69541,14.737305],[121.392285,15.324414],[121.595313,15.933252],[122.135156,16.184814],[122.519141,17.124854],[122.150977,17.756494],[122.299805,18.402783],[121.845605,18.29541],[121.101562,18.615283]]]},"properties":{"scalerank":0,"featurecla":"Land","min_zoom":0}},
{"type":"Feature","geometry":{"type":"Polygon","coordinates":[[[133.472656,-0.726172],[132.625098,-0.358887],[132.128418,-0.454102],[131.804297,-0.703809],[131.257227,-0.855469],[131.29375,-1.393457],[131.930371,-1.559668],[132.023438,-1.990332],[132.307617,-2.242285],[132.962793,-2.272559],[133.921582,-2.102051],[133.608691,-2.547168],[133.191016,-2.437793],[132.348242,-2.975098],[132.751367,-3.294629],[132.753906,-3.703613],[132.968555,-4.094922],[133.24873,-4.062305],[133.653125,-3.364355],[134.14707,-3.796777],[135.195605,-4.450684],[135.979688,-4.530859],[137.089258,-4.924414],[137.759082,-5.256152],[138.252148,-5.688184],[138.438672,-6.343359],[138.864551,-6.858398],[138.747949,-7.251465],[139.087988,-7.587207],[138.856152,-8.145117],[139.934766,-8.101172],[140.661523,-8.846777],[141.133203,-9.221289],[142.22959,-9.169922],[142.647168,-9.327832],[143.366211,-8.961035],[143.094922,-8.31123],[143.61377,-8.200391],[144.509863,-7.567383],[144.973828,-7.802148],[146.033203,-8.076367],[146.696582,-9.025391],[147.768652,-10.070117],[149.754102,-10.353027],[150.016797,-10.577148],[150.482422,-10.636914],[150.666992,-10.257129],[149.874414,-10.012988],[149.203027,-9.406836],[149.247656,-9.070996],[148.583105,-9.051758],[148.246875,-8.554297],[148.126758,-8.103613],[147.724316,-7.87627],[147.190039,-7.378125],[146.960742,-6.928809],[147.119141,-6.72168],[147.845508,-6.662402],[147.802051,-6.315234],[147.37666,-5.950781],[147.034277,-5.919238],[146.403418,-5.616602],[145.852832,-5.471289],[145.766992,-4.823047],[145.33457,-4.385254],[145.087793,-4.349121],[144.477734,-3.825293],[144.01582,-3.783594],[143.508984,-3.431152],[142.211523,-3.083496],[140.622559,-2.445801],[139.789551,-2.348242],[138.649805,-1.791113],[137.80625,-1.483203],[137.123438,-1.840918],[136.843262,-2.197656],[136.389941,-2.27334],[136.243262,-2.583105],[135.486621,-3.345117],[135.037402,-3.333105],[134.155664,-2.195215],[134.105859,-1.720996],[134.25957,-1.362988],[133.974512,-0.744336],[133.472656,-0.726172]]]},"properties":{"scalerank":0,"featurecla":"Land","min_zoom":0}},
{"type":"Feature","geometry":{"type":"Polygon","coordinates":[[[124.888867,0.995312],[125.233789,1.502295],[124.989258,1.701025],[124.273633,1.022266],[123.84668,0.838184],[123.278125,0.928076],[122.89248,0.85],[122.436621,1.018066],[121.591797,1.067969],[120.912109,1.288965],[120.516602,0.817529],[120.269531,0.970801],[119.809277,0.238672],[119.77168,-0.483594],[119.308984,-1.408203],[119.321875,-1.929688],[119.092188,-2.48291],[118.783691,-2.764746],[118.994629,-3.537598],[119.419824,-3.475391],[119.623633,-4.034375],[119.611719,-4.423535],[119.376172,-5.424805],[119.717285,-5.693359],[120.311621,-5.541602],[120.420117,-4.617383],[120.436621,-3.707324],[120.254102,-3.052832],[120.653613,-2.667578],[121.052148,-2.75166],[120.914258,-3.555762],[121.618066,-4.092676],[121.486523,-4.581055],[121.916992,-4.847949],[122.207129,-4.496387],[122.897363,-4.349121],[122.877344,-4.109082],[122.25293,-3.62041],[122.399023,-3.200879],[121.848242,-2.331543],[121.71875,-1.862793],[122.506641,-1.347852],[122.88877,-0.755176],[122.27998,-0.757031],[121.969629,-0.933301],[121.519336,-0.855566],[121.033691,-1.406543],[120.667383,-1.370117],[120.517578,-1.039453],[120.097461,-0.649902],[120.013281,-0.196191],[120.349023,0.449219],[121.425781,0.494824],[121.841992,0.436572],[123.08252,0.48584],[123.753809,0.305518],[124.427539,0.470605],[124.888867,0.995312]]]},"properties":{"scalerank":0,"featurecla":"Land","min_zoom":0}},
{"type":"Feature","geometry":{"type":"Polygon","coordinates":[[[107.373926,-6.007617],[106.825195,-6.098242],[106.075,-5.91416],[105.483691,-6.781543],[106.519727,-7.053711],[106.631445,-7.415527],[107.284961,-7.47168],[107.91748,-7.724121],[108.451758,-7.796973],[108.741211,-7.66709],[110.038672,-7.890527],[110.607227,-8.149414],[111.509961,-8.305078],[112.678809,-8.40918],[113.25332,-8.286719],[114.583789,-8.769629],[114.386914,-8.405176],[114.444238,-7.895605],[114.070703,-7.633008],[113.248438,-7.718164],[112.794531,-7.552441],[112.539258,-6.926465],[112.087305,-6.893359],[111.540332,-6.648242],[111.154395,-6.669043],[110.736914,-6.472363],[110.42627,-6.947266],[108.677832,-6.790527],[108.29502,-6.265039],[107.666797,-6.21582],[107.373926,-6.007617]]]},"properties":{"scalerank":0,"featurecla":"Land","min_zoom":0}},
{"type":"Feature","geometry":{"type":"Polygon","coordinates":[[[96.492578,5.229346],[95.396094,5.628809],[95.206641,5.284033],[95.494727,4.761377],[96.444727,3.816309],[96.968945,3.575146],[97.59082,2.846582],[97.700781,2.358545],[98.564258,1.902148],[98.796387,1.494629],[99.15918,0.351758],[99.597656,0.102441],[100.308203,-0.82666],[100.855273,-1.93418],[100.848047,-2.143945],[101.578613,-3.166992],[102.127539,-3.599219],[102.537695,-4.152148],[103.831445,-5.07959],[104.601562,-5.90459],[104.639551,-5.52041],[105.081348,-5.745508],[105.349414,-5.549512],[105.816113,-5.676563],[105.887207,-5.00957],[105.84375,-3.613672],[106.044336,-3.10625],[105.396973,-2.380176],[104.668457,-2.385547],[104.360547,-1.038379],[103.721094,-0.886719],[103.431152,-0.533594],[103.428516,-0.191797],[103.786719,0.046973],[103.478906,0.480176],[103.066504,0.491992],[102.469238,0.779297],[101.784766,1.621387],[101.47666,1.693066],[101.046191,2.257471],[100.457031,2.257422],[99.732324,3.183057],[98.307324,4.092871],[98.248438,4.414551],[97.547168,5.205859],[96.492578,5.229346]]]},"properties":{"scalerank":0,"featurecla":"Land","min_zoom":0}},
{"type":"Feature","geometry":{"type":"Polygon","coordinates":[[[116.807715,6.691064],[116.138379,6.129541],[115.796875,5.536133],[115.419043,5.413184],[115.519824,5.048926],[114.99541,5.022363],[114.299414,4.607178],[113.044727,3.205225],[111.727734,2.853809],[111.443262,2.634326],[111.443848,2.381543],[111.242188,2.435742],[111.154199,1.73877],[110.939941,1.517334],[110.349219,1.719727],[109.98457,1.717627],[109.628906,2.027539],[109.075879,1.495898],[108.905859,0.793945],[108.944531,0.355664],[109.25752,0.031152],[109.160547,-0.494922],[109.453809,-0.86875],[109.787402,-1.011328],[110.019238,-1.398828],[110.232617,-2.925098],[111.044336,-3.055762],[111.367578,-2.933691],[111.823047,-3.057227],[111.82207,-3.53252],[112.284961,-3.320996],[112.600293,-3.400488],[112.971484,-3.187109],[113.525977,-3.184082],[113.795801,-3.45625],[114.082227,-3.278906],[114.536133,-3.494434],[114.693555,-4.169727],[115.956152,-3.59502],[116.56543,-2.299707],[116.423535,-2.052539],[116.554492,-1.473926],[117.5625,-0.770898],[117.462891,-0.32373],[117.522168,0.235889],[117.745117,0.729639],[118.196094,0.874365],[118.534766,0.813525],[118.984961,0.982129],[118.080371,1.701855],[117.864648,1.968408],[118.066602,2.317822],[117.610645,3.064355],[117.166406,3.591992],[117.629883,3.636328],[117.465332,4.076074],[117.741016,4.337549],[118.008203,4.250244],[118.5625,4.502148],[118.185352,4.828516],[119.132227,5.100488],[119.223437,5.412646],[118.594824,5.59209],[118.003809,6.05332],[117.617188,5.940723],[117.645703,6.473682],[117.128516,6.968896],[116.807715,6.691064]]]},"properties":{"scalerank":0,"featurecla":"Land","min_zoom":0}},
{"type":"Feature","geometry":{"type":"Polygon","coordinates":[[[67.765332,76.237598],[68.899805,76.572949],[67.534961,77.007764],[65.862891,76.61333],[62.971484,76.23667],[58.88125,75.854785],[57.0875,75.383838],[54.642676,73.95957],[53.762891,73.766162],[55.006836,73.453857],[56.963867,73.366553],[58.441406,74.128857],[58.534668,74.498926],[60.222461,74.796582],[61.355957,75.314844],[66.282422,75.983691],[67.765332,76.237598]]]},"properties":{"scalerank":0,"featurecla":"Land","min_zoom":0}},
{"type":"Feature","geometry":{"type":"Polygon","coordinates":[[[55.319824,73.308301],[53.753223,73.293262],[52.62207,72.300977],[51.58252,72.071191],[51.812598,71.491309],[53.363867,71.54165],[53.722363,70.814453],[54.601172,70.680078],[57.145898,70.589111],[55.297852,71.935352],[55.355957,72.465088],[56.42959,73.201172],[55.319824,73.308301]]]},"properties":{"scalerank":0,"featurecla":"Land","min_zoom":0}},
{"type":"Feature","geometry":{"type":"Polygon","coordinates":[[[142.761035,54.393945],[142.526172,53.447461],[141.823535,53.339502],[141.722363,51.736328],[142.206738,51.222559],[142.071094,50.51499],[142.142285,49.569141],[141.866309,48.750098],[142.181738,48.013379],[141.964063,47.587451],[142.038672,47.140283],[141.830371,46.451074],[142.208594,46.088867],[142.578027,46.700781],[143.282324,46.558984],[143.005566,47.222705],[142.556934,47.737891],[142.574219,48.072168],[143.10498,49.198828],[144.27207,49.311328],[143.816016,50.282617],[143.455469,51.471484],[143.155566,52.08374],[143.323633,52.613574],[143.223633,53.296045],[142.761035,54.393945]]]},"properties":{"scalerank":0,"featurecla":"Land","min_zoom":0}},
{"type":"Feature","geometry":{"type":"Polygon","coordinates":[[[143.824316,44.116992],[142.704102,44.819189],[141.937695,45.509521],[141.583008,45.155957],[141.782227,44.716357],[141.644727,44.019434],[141.296289,43.199658],[140.780664,43.21499],[139.891113,42.649219],[139.820898,42.387598],[140.384961,41.519287],[140.659863,41.815576],[140.315234,42.334277],[140.986133,42.342139],[141.851367,42.579053],[143.236523,42.000195],[143.429492,42.418896],[143.969336,42.881396],[144.630762,42.946924],[145.347461,43.176709],[145.101074,43.764551],[144.798535,43.940234],[143.824316,44.116992]]]},"properties":{"scalerank":0,"featurecla":"Land","min_zoom":0}},
{"type":"Feature","geometry":{"type":"Polygon","coordinates":[[[141.229297,41.372656],[141.118555,40.882275],[140.28125,40.846094],[139.922852,40.598437],[140.048145,39.463721],[139.400977,38.142578],[138.885059,37.843945],[138.319922,37.218408],[137.514063,36.951562],[137.342578,36.770361],[136.698145,36.742041],[135.680273,35.503125],[135.174316,35.74707],[134.214063,35.539258],[132.922949,35.511279],[131.354395,34.413184],[131.004199,34.392578],[130.918848,33.975732],[131.740527,34.052051],[132.238086,34.227002],[133.142383,34.302441],[134.740039,34.765234],[135.384766,34.500439],[135.100098,34.288379],[135.452832,33.553369],[135.916211,33.561719],[136.329883,34.176855],[136.853711,34.324072],[136.88457,34.805859],[138.189063,34.596338],[138.577148,35.086475],[138.982617,34.698389],[139.249414,35.278027],[139.65,35.409131],[139.799219,34.956934],[140.416504,35.266992],[140.874023,35.724951],[140.621973,36.059229],[140.627344,36.502783],[140.968359,37.002051],[140.92793,37.949609],[141.108398,38.337939],[141.46748,38.40415],[141.658594,38.974854],[141.900781,39.111328],[141.977832,39.844434],[141.462793,40.611133],[141.229297,41.372656]]]},"properties":{"scalerank":0,"featurecla":"Land","min_zoom":0}},
{"type":"Feature","geometry":{"type":"Polygon","coordinates":[[[134.357422,34.256348],[134.075879,34.358398],[133.582031,34.017139],[132.784277,33.992432],[132.365918,33.512451],[132.495117,32.916602],[132.977246,32.841992],[133.285938,33.359961],[133.632031,33.510986],[134.181641,33.247217],[134.738867,33.820508],[134.357422,34.256348]]]},"properties":{"scalerank":0,"featurecla":"Land","min_zoom":1.5}},
{"type":"Feature","geometry":{"type":"Polygon","coordinates":[[[131.174609,33.602588],[130.953125,33.872021],[129.580078,33.236279],[130.640527,32.619238],[130.194434,32.090771],[130.58877,31.178516],[131.337207,31.404687],[131.732129,32.592822],[131.97666,32.843945],[131.896582,33.25459],[131.583008,33.652393],[131.174609,33.602588]]]},"properties":{"scalerank":0,"featurecla":"Land","min_zoom":0}},
{"type":"Feature","geometry":{"type":"Polygon","coordinates":[[[121.008789,22.620361],[121.295898,22.966602],[121.929004,24.97373],[121.593652,25.275342],[121.040625,25.032812],[120.158984,23.709033],[120.072461,23.149756],[120.325586,22.542432],[120.58125,22.356396],[121.008789,22.620361]]]},"properties":{"scalerank":0,"featurecla":"Land","min_zoom":1}},
{"type":"Feature","geometry":{"type":"Polygon","coordinates":[[[110.88877,19.991943],[110.171582,20.053711],[109.218945,19.842822],[108.693555,19.338281],[108.701563,18.535254],[109.519336,18.218262],[110.45127,18.747949],[110.572168,19.171875],[111.013672,19.655469],[110.88877,19.991943]]]},"properties":{"scalerank":0,"featurecla":"Land","min_zoom":1}},
{"type":"Feature","geometry":{"type":"Polygon","coordinates":[[[79.982324,9.812695],[80.118359,9.326855],[79.928906,8.899219],[79.79209,7.585205],[79.859375,6.829297],[80.095313,6.153174],[80.724121,5.979053],[81.637402,6.425146],[81.861426,6.90127],[81.874121,7.28833],[81.435938,8.118896],[81.372852,8.431445],[80.711133,9.366357],[80.252832,9.796338],[79.982324,9.812695]]]},"properties":{"scalerank":0,"featurecla":"Land","min_zoom":1}},
{"type":"Feature","geometry":{"type":"Polygon","coordinates":[[[49.538281,-12.432129],[49.207031,-12.07959],[48.899609,-12.458496],[48.796484,-13.26748],[47.995508,-13.960449],[47.811523,-14.544824],[46.475098,-15.513477],[46.331445,-15.713672],[45.166797,-15.982813],[44.476172,-16.217285],[44.421387,-16.702637],[43.979395,-17.391602],[44.040039,-18.288477],[44.23877,-19.075195],[44.448828,-19.428711],[44.239648,-20.379688],[43.800195,-21.179199],[43.501855,-21.356445],[43.266602,-22.049316],[43.397852,-22.886328],[43.722266,-23.529688],[43.6875,-24.35791],[44.035352,-24.995703],[45.115234,-25.543066],[45.508008,-25.563184],[46.158691,-25.230371],[46.728516,-25.149902],[47.177344,-24.787207],[47.558008,-23.874609],[47.908398,-22.46582],[48.350781,-21.349023],[48.607031,-20.45752],[49.477832,-17.898535],[49.437109,-17.34668],[49.767188,-16.815137],[49.831055,-16.255859],[49.649902,-15.566992],[49.892578,-15.457715],[50.208984,-15.960449],[50.482715,-15.385645],[50.235352,-14.732031],[50.173828,-14.040234],[49.9375,-13.072266],[49.538281,-12.432129]]]},"properties":{"scalerank":0,"featurecla":"Land","min_zoom":0}},
{"type":"Feature","geometry":{"type":"Polygon","coordinates":[[[53.10957,38.803076],[53.055176,39.037939],[53.018555,39.052734],[53.045898,38.897217],[53.10957,38.803076]]]},"properties":{"scalerank":0,"featurecla":"Land","min_zoom":3}},
{"type":"Feature","geometry":{"type":"Polygon","coordinates":[[[50.184473,44.854639],[50.098145,44.881543],[50.038867,44.949121],[49.995117,44.936963],[50.095313,44.830615],[50.184473,44.854639]]]},"properties":{"scalerank":0,"featurecla":"Land","min_zoom":3}},
{"type":"Feature","geometry":{"type":"Polygon","coordinates":[[[50.311719,44.97207],[50.349707,45.083008],[50.294922,45.075928],[50.256152,45.022412],[50.311719,44.97207]]]},"properties":{"scalerank":0,"featurecla":"Land","min_zoom":4}},
{"type":"Feature","geometry":{"type":"Polygon","coordinates":[[[-159.05293,-79.807422],[-159.684082,-79.402441],[-161.642969,-78.900977],[-163.256104,-78.72207],[-164.225781,-79.320801],[-161.865527,-79.703516],[-159.05293,-79.807422]]]},"properties":{"scalerank":0,"featurecla":"Land","min_zoom":1}},
{"type":"Feature","geometry":{"type":"Polygon","coordinates":[[[-70.334082,-79.679883],[-67.478516,-78.3625],[-70.543994,-78.883691],[-71.783545,-79.444336],[-70.334082,-79.679883]]]},"properties":{"scalerank":0,"featurecla":"Land","min_zoom":1.5}},
{"type":"Feature","geometry":{"type":"Polygon","coordinates":[[[-45.222656,-78.810742],[-43.808594,-78.286523],[-45.530273,-77.881445],[-46.825684,-77.785254],[-49.08125,-78.047461],[-50.219629,-78.605273],[-50.339258,-79.479492],[-52.297168,-80.141211],[-53.482324,-80.188965],[-54.1625,-80.870117],[-49.773047,-80.78418],[-49.1875,-80.642773],[-43.52793,-80.191406],[-42.965381,-79.477051],[-43.72207,-78.818457],[-45.222656,-78.810742]]]},"properties":{"scalerank":0,"featurecla":"Land","min_zoom":0}},
{"type":"Feature","geometry":{"type":"Polygon","coordinates":[[[-59.733936,-80.344141],[-59.706348,-79.875293],[-61.343115,-79.886816],[-64.268262,-80.748535],[-60.582812,-80.948145],[-59.733936,-80.344141]]]},"properties":{"scalerank":0,"featurecla":"Land","min_zoom":1}},
{"type":"Feature","geometry":{"type":"Polygon","coordinates":[[[-70.051123,-69.189063],[-70.416992,-68.788965],[-71.868994,-68.941016],[-71.853613,-69.969336],[-70.328076,-70.36123],[-71.061084,-70.537109],[-71.194043,-70.984766],[-72.621582,-71.388379],[-74.187207,-71.383008],[-75.292578,-71.614941],[-75.353076,-71.878418],[-73.899268,-72.152344],[-72.412207,-71.662305],[-71.106641,-72.04707],[-73.086377,-72.407813],[-72.36748,-72.669727],[-69.209326,-72.53418],[-68.241016,-71.822168],[-68.335986,-70.856055],[-69.416943,-69.583203],[-70.051123,-69.189063]]]},"properties":{"scalerank":0,"featurecla":"Land","min_zoom":1}},
{"type":"Feature","geometry":{"type":"Polygon","coordinates":[[[-69.167041,-52.667578],[-69.763574,-52.731348],[-70.390674,-53.026465],[-70.090381,-53.418164],[-70.867725,-53.88418],[-70.898242,-54.337891],[-71.440918,-54.619629],[-70.497168,-54.80957],[-69.723437,-54.712109],[-69.081641,-54.909863],[-68.331689,-54.816309],[-66.511133,-55.032129],[-65.345996,-54.87793],[-67.294238,-54.049805],[-68.008496,-53.564063],[-68.278223,-52.983984],[-68.789795,-52.576758],[-69.167041,-52.667578]]]},"properties":{"scalerank":0,"featurecla":"Land","min_zoom":0}},
{"type":"Feature","geometry":{"type":"Polygon","coordinates":[[[-81.837451,23.163037],[-82.101367,23.19043],[-83.257812,22.967578],[-84.044922,22.666016],[-84.361279,22.378906],[-84.326367,22.074316],[-83.379639,22.222998],[-82.738037,22.689258],[-81.903418,22.679004],[-81.816211,22.200195],[-80.499072,22.063525],[-80.231348,21.872168],[-79.274414,21.562646],[-78.636475,21.515527],[-78.490771,21.053711],[-77.997314,20.715381],[-77.22959,20.64375],[-77.213379,20.300391],[-77.715088,19.855469],[-76.158447,19.989746],[-75.116406,19.901416],[-74.252832,20.079687],[-74.882568,20.650635],[-75.642773,20.733496],[-75.722949,21.111035],[-76.647412,21.284521],[-77.497266,21.871631],[-77.865039,21.900586],[-78.686475,22.366846],[-79.275684,22.407617],[-79.67666,22.743066],[-80.650146,23.103076],[-81.178613,23.059668],[-81.837451,23.163037]]]},"properties":{"scalerank":0,"featurecla":"Land","min_zoom":0}},
{"type":"Feature","geometry":{"type":"Polygon","coordinates":[[[20.897852,80.249951],[18.343848,80.05957],[18.725,79.760742],[20.861133,79.397852],[23.947754,79.194287],[25.641211,79.403027],[27.198633,79.906592],[26.86084,80.16001],[22.450781,80.402246],[20.897852,80.249951]]]},"properties":{"scalerank":0,"featurecla":"Land","min_zoom":0}},
{"type":"Feature","geometry":{"type":"Polygon","coordinates":[[[16.786719,79.906738],[13.383594,79.480762],[12.753516,79.775781],[10.865918,79.796582],[11.773828,78.716406],[14.920801,77.688818],[14.36582,77.234473],[16.700488,76.579297],[18.439258,78.025049],[19.76875,78.622705],[21.38877,78.74043],[20.458203,79.129248],[19.089453,79.157031],[18.581445,79.571582],[16.786719,79.906738]]]},"properties":{"scalerank":0,"featurecla":"Land","min_zoom":0}},
{"type":"Feature","geometry":{"type":"Polygon","coordinates":[[[9.632031,40.882031],[9.283008,41.20166],[8.189941,40.651611],[8.471289,40.292676],[8.418164,39.205713],[8.881348,38.912891],[9.056348,39.23916],[9.5625,39.166016],[9.805273,40.499561],[9.632031,40.882031]]]},"properties":{"scalerank":0,"featurecla":"Land","min_zoom":1}},
{"type":"Feature","geometry":{"type":"Polygon","coordinates":[[[9.480371,42.80542],[8.713086,42.549756],[8.80752,41.588379],[9.186133,41.384912],[9.550684,42.129736],[9.480371,42.80542]]]},"properties":{"scalerank":0,"featurecla":"Land","min_zoom":1}},
{"type":"Feature","geometry":{"type":"Polygon","coordinates":[[[15.576563,38.220312],[14.505957,38.045508],[13.681543,38.000732],[13.35166,38.180518],[12.435547,37.819775],[14.501855,36.798682],[15.112598,36.687842],[15.294531,37.013281],[15.099512,37.458594],[15.576563,38.220312]]]},"properties":{"scalerank":0,"featurecla":"Land","min_zoom":1}},
{"type":"Feature","geometry":{"type":"Polygon","coordinates":[[[-52.731152,69.944727],[-53.375146,70.221289],[-54.830469,70.161084],[-54.804102,69.630518],[-53.578418,69.256641],[-52.112598,69.489111],[-52.731152,69.944727]]]},"properties":{"scalerank":0,"featurecla":"Land","min_zoom":0}},
{"type":"Feature","geometry":{"type":"Polygon","coordinates":[[[-127.197314,50.640381],[-127.918066,50.860547],[-128.267432,50.609277],[-127.114307,49.879736],[-126.683105,49.876465],[-126.548535,49.418945],[-124.689404,48.597314],[-123.594629,48.333545],[-123.497021,48.58208],[-123.995801,49.224023],[-124.642871,49.428662],[-125.48208,50.316797],[-127.197314,50.640381]]]},"properties":{"scalerank":0,"featurecla":"Land","min_zoom":1}},
{"type":"Feature","geometry":{"type":"Polygon","coordinates":[[[-71.954297,19.72168],[-72.637012,19.900879],[-72.811084,19.071582],[-72.347656,18.674951],[-72.789355,18.434814],[-74.227734,18.662695],[-74.419043,18.346191],[-73.884961,18.041895],[-73.385156,18.251172],[-72.87666,18.151758],[-72.059863,18.228564],[-71.395703,17.646094],[-71.027832,18.273193],[-70.183105,18.251758],[-69.770654,18.443555],[-68.934961,18.408008],[-68.658838,18.222021],[-68.359277,18.538086],[-68.684766,18.904785],[-69.739404,19.299219],[-70.129443,19.636133],[-70.95415,19.913965],[-71.557764,19.895361],[-71.954297,19.72168]]]},"properties":{"scalerank":0,"featurecla":"Land","min_zoom":0}},
{"type":"Feature","geometry":{"type":"Polygon","coordinates":[[[-49.628662,-0.229199],[-50.248242,-0.116406],[-50.645508,-0.272852],[-50.771387,-0.64541],[-50.759766,-1.240234],[-50.507617,-1.787988],[-49.587891,-1.712402],[-48.928906,-1.482324],[-48.379687,-0.352832],[-49.116992,-0.163574],[-49.628662,-0.229199]]]},"properties":{"scalerank":0,"featurecla":"Land","min_zoom":0}},
{"type":"Feature","geometry":{"type":"Polygon","coordinates":[[[-3.109668,58.515479],[-4.71543,58.51001],[-5.338281,58.238721],[-5.818066,57.436084],[-5.561914,57.232715],[-5.936768,56.605713],[-5.391943,56.514795],[-5.60957,56.055273],[-4.721143,55.420996],[-5.135498,54.85752],[-3.95791,54.780957],[-2.925098,53.732764],[-3.064746,53.426855],[-4.111035,53.218945],[-3.980322,52.541748],[-4.383154,52.197314],[-5.088086,51.995898],[-4.902295,51.62627],[-4.386279,51.741064],[-3.135986,51.205029],[-4.188184,51.188525],[-5.342285,50.246143],[-4.172559,50.39082],[-3.793359,50.229248],[-3.40459,50.632422],[-2.547754,50.616309],[-1.516748,50.747461],[-1.285059,50.857324],[-0.785254,50.76543],[0.205078,50.763037],[0.960156,50.925879],[1.414941,51.363281],[0.686523,51.386572],[0.955078,51.807812],[1.558984,52.086865],[1.656738,52.753711],[0.558789,52.966943],[-0.671387,54.503906],[-1.291748,54.773877],[-1.655371,55.570361],[-2.652734,56.318262],[-1.77793,57.49375],[-2.074072,57.702393],[-3.402783,57.708252],[-3.990039,57.959033],[-3.109668,58.515479]]]},"properties":{"scalerank":0,"featurecla":"Land","min_zoom":0}},
{"type":"Feature","geometry":{"type":"Polygon","coordinates":[[[-7.178613,55.056885],[-7.24668,55.353027],[-8.274609,55.146289],[-8.763916,54.681201],[-8.623145,54.346875],[-9.995947,54.276025],[-9.79541,53.394971],[-9.299219,53.097559],[-9.955811,52.13667],[-10.378711,51.86875],[-8.813428,51.584912],[-7.527295,52.098877],[-6.561084,52.188818],[-6.027393,52.9271],[-6.345166,53.987207],[-5.47041,54.500195],[-6.12915,55.217383],[-7.178613,55.056885]]]},"properties":{"scalerank":0,"featurecla":"Land","min_zoom":0}},
{"type":"Feature","geometry":{"type":"Polygon","coordinates":[[[-179.798535,68.94043],[-180,68.738672],[-180,68.493896],[-180,68.249121],[-180,68.004395],[-180,67.759619],[-180,67.514844],[-180,67.270117],[-180,67.025342],[-180,66.780566],[-180,66.53584],[-180,66.291064],[-180,66.046289],[-180,65.801563],[-180,65.556787],[-180,65.311963],[-180,65.261719],[-180,65.067236],[-178.879346,65.936475],[-178.310205,65.484863],[-177.05625,65.613623],[-176.093262,65.471045],[-175.853857,65.01084],[-173.009131,64.297461],[-172.924023,64.704932],[-172.213184,65.048145],[-172.211572,65.425195],[-170.666309,65.621533],[-170.191943,66.20127],[-171.795557,66.931738],[-172.640576,66.925],[-173.679688,67.144775],[-174.447607,67.103125],[-175.345215,67.678076],[-177.40752,68.245166],[-179.798535,68.94043]]]},"properties":{"scalerank":0,"featurecla":"Land","min_zoom":0}},
{"type":"Feature","geometry":{"type":"Polygon","coordinates":[[[-15.543115,66.228516],[-16.748437,66.131641],[-18.777539,66.168799],[-21.303467,65.876465],[-22.426123,66.430127],[-23.52793,66.164404],[-24.223975,65.487207],[-22.90249,65.580469],[-22.005762,65.493457],[-22.683984,65.026367],[-21.832764,64.20542],[-20.198145,63.555811],[-18.653613,63.406689],[-17.815723,63.712988],[-16.640332,63.865479],[-14.54707,64.445947],[-13.569678,65.068115],[-13.616016,65.487158],[-14.75752,65.755664],[-14.74043,66.05083],[-15.543115,66.228516]]]},"properties":{"scalerank":0,"featurecla":"Land","min_zoom":0}},
{"type":"Feature","geometry":{"type":"Polygon","coordinates":[[[-64.84502,18.330078],[-64.889111,18.374219],[-64.942041,18.385205],[-65.023633,18.367578],[-64.919971,18.321289],[-64.84502,18.330078]]]},"properties":{"scalerank":0,"featurecla":"Land","min_zoom":4}},
{"type":"Feature","geometry":{"type":"Polygon","coordinates":[[[178.575488,51.91626],[178.607324,51.953027],[178.509375,51.994678],[178.475,51.967725],[178.511816,51.899121],[178.575488,51.91626]]]},"properties":{"scalerank":0,"featurecla":"Land","min_zoom":4}},
{"type":"Feature","geometry":{"type":"Polygon","coordinates":[[[14.313477,36.027588],[14.263281,36.075781],[14.180371,36.0604],[14.253613,36.012158],[14.313477,36.027588]]]},"properties":{"scalerank":0,"featurecla":"Land","min_zoom":4}},
{"type":"Feature","geometry":{"type":"Polygon","coordinates":[[[13.938281,40.705615],[13.962109,40.739404],[13.871191,40.761816],[13.853516,40.724072],[13.938281,40.705615]]]},"properties":{"scalerank":0,"featurecla":"Land","min_zoom":4}},
{"type":"Feature","geometry":{"type":"Polygon","coordinates":[[[12.05127,36.757031],[12.024219,36.820947],[11.948047,36.843066],[11.940625,36.780371],[12.05127,36.757031]]]},"properties":{"scalerank":0,"featurecla":"Land","min_zoom":4}},
{"type":"Feature","geometry":{"type":"Polygon","coordinates":[[[6.333398,53.510742],[6.290918,53.51499],[6.167676,53.49375],[6.193262,53.476807],[6.333398,53.510742]]]},"properties":{"scalerank":0,"featurecla":"Land","min_zoom":4}},
{"type":"Feature","geometry":{"type":"Polygon","coordinates":[[[5.929297,53.458838],[5.87627,53.475098],[5.708105,53.473389],[5.732031,53.442627],[5.929297,53.458838]]]},"properties":{"scalerank":0,"featurecla":"Land","min_zoom":4}},
{"type":"Feature","geometry":{"type":"Polygon","coordinates":[[[5.108594,53.308008],[5.027051,53.310205],[4.90791,53.24624],[4.92373,53.23457],[5.108594,53.308008]]]},"properties":{"scalerank":0,"featurecla":"Land","min_zoom":4}},
{"type":"Feature","geometry":{"type":"Polygon","coordinates":[[[5.325781,53.385742],[5.415137,53.431445],[5.190234,53.391797],[5.232617,53.377783],[5.325781,53.385742]]]},"properties":{"scalerank":0,"featurecla":"Land","min_zoom":4}},
{"type":"Feature","geometry":{"type":"Polygon","coordinates":[[[-178.988086,-17.97666],[-179.047607,-17.92041],[-179.063818,-17.972363],[-178.988086,-17.97666]]]},"properties":{"scalerank":0,"featurecla":"Land","min_zoom":4}},
{"type":"Feature","geometry":{"type":"Polygon","coordinates":[[[-178.761914,-18.233887],[-178.763086,-18.191406],[-178.8479,-18.202051],[-178.773633,-18.252441],[-178.761914,-18.233887]]]},"properties":{"scalerank":0,"featurecla":"Land","min_zoom":4}},
{"type":"Feature","geometry":{"type":"Polygon","coordinates":[[[-178.251123,-17.952734],[-178.280322,-17.886426],[-178.357227,-17.920898],[-178.306836,-17.963281],[-178.251123,-17.952734]]]},"properties":{"scalerank":0,"featurecla":"Land","min_zoom":4}},
{"type":"Feature","geometry":{"type":"Polygon","coordinates":[[[-151.466602,-16.65752],[-151.438086,-16.623438],[-151.505762,-16.574023],[-151.50415,-16.646973],[-151.466602,-16.65752]]]},"properties":{"scalerank":0,"featurecla":"Land","min_zoom":4}},
{"type":"Feature","geometry":{"type":"Polygon","coordinates":[[[-149.813672,-17.54502],[-149.782422,-17.487793],[-149.902148,-17.469531],[-149.886572,-17.552832],[-149.813672,-17.54502]]]},"properties":{"scalerank":0,"featurecla":"Land","min_zoom":3}},
{"type":"Feature","geometry":{"type":"Polygon","coordinates":[[[-120.306592,34.024854],[-120.367725,34.073291],[-120.441553,34.03291],[-120.306592,34.024854]]]},"properties":{"scalerank":0,"featurecla":"Land","min_zoom":4}},
{"type":"Feature","geometry":{"type":"Polygon","coordinates":[[[-119.438037,33.217187],[-119.478809,33.274609],[-119.575195,33.27832],[-119.543652,33.224609],[-119.438037,33.217187]]]},"properties":{"scalerank":0,"featurecla":"Land","min_zoom":4}},
{"type":"Feature","geometry":{"type":"Polygon","coordinates":[[[-67.575195,-55.889648],[-67.544824,-55.825977],[-67.762061,-55.816113],[-67.831543,-55.864844],[-67.575195,-55.889648]]]},"properties":{"scalerank":0,"featurecla":"Land","min_zoom":3}},
{"type":"Feature","geometry":{"type":"Polygon","coordinates":[[[-69.899121,12.452002],[-69.973145,12.567627],[-70.066113,12.546973],[-69.942187,12.438525],[-69.899121,12.452002]]]},"properties":{"scalerank":0,"featurecla":"Land","min_zoom":3}},
{"type":"Feature","geometry":{"type":"Polygon","coordinates":[[[-65.2125,10.906445],[-65.302344,10.973828],[-65.365234,10.906445],[-65.266406,10.883984],[-65.2125,10.906445]]]},"properties":{"scalerank":0,"featurecla":"Land","min_zoom":3}},
{"type":"Feature","geometry":{"type":"Polygon","coordinates":[[[-72.80459,18.777686],[-73.170605,18.967285],[-73.285254,18.896729],[-72.822217,18.707129],[-72.80459,18.777686]]]},"properties":{"scalerank":0,"featurecla":"Land","min_zoom":2}},
{"type":"Feature","geometry":{"type":"Polygon","coordinates":[[[-25.027344,36.959961],[-25.08291,37.024023],[-25.198389,36.996533],[-25.159912,36.943359],[-25.027344,36.959961]]]},"properties":{"scalerank":0,"featurecla":"Land","min_zoom":3}},
{"type":"Feature","geometry":{"type":"Polygon","coordinates":[[[16.650684,42.996582],[16.738867,42.912744],[16.835547,42.968652],[16.650684,42.996582]]]},"properties":{"scalerank":0,"featurecla":"Land","min_zoom":3}},
{"type":"Feature","geometry":{"type":"Polygon","coordinates":[[[17.194043,43.125781],[16.697266,43.174951],[16.679199,43.123145],[17.194043,43.125781]]]},"properties":{"scalerank":0,"featurecla":"Land","min_zoom":3}},
{"type":"Feature","geometry":{"type":"Polygon","coordinates":[[[16.785254,43.270654],[16.834375,43.35083],[16.448926,43.387061],[16.423145,43.317236],[16.785254,43.270654]]]},"properties":{"scalerank":0,"featurecla":"Land","min_zoom":3}},
{"type":"Feature","geometry":{"type":"Polygon","coordinates":[[[-2.512305,49.494531],[-2.646143,49.468213],[-2.547363,49.428711],[-2.512305,49.494531]]]},"properties":{"scalerank":0,"featurecla":"Land","min_zoom":4}},
{"type":"Feature","geometry":{"type":"Polygon","coordinates":[[[-2.018652,49.23125],[-2.220508,49.266357],[-2.23584,49.176367],[-2.018652,49.23125]]]},"properties":{"scalerank":0,"featurecla":"Land","min_zoom":3}},
{"type":"Feature","geometry":{"type":"Polygon","coordinates":[[[145.708398,18.7625],[145.690137,18.801611],[145.645508,18.806787],[145.652539,18.752637],[145.708398,18.7625]]]},"properties":{"scalerank":0,"featurecla":"Land","min_zoom":4}},
{"type":"Feature","geometry":{"type":"Polygon","coordinates":[[[145.712109,16.339111],[145.695508,16.379639],[145.631055,16.377979],[145.658301,16.335791],[145.712109,16.339111]]]},"properties":{"scalerank":0,"featurecla":"Land","min_zoom":4}},
{"type":"Feature","geometry":{"type":"Polygon","coordinates":[[[145.264844,14.158105],[145.232422,14.189453],[145.152148,14.163623],[145.215332,14.111328],[145.264844,14.158105]]]},"properties":{"scalerank":0,"featurecla":"Land","min_zoom":4}},
{"type":"Feature","geometry":{"type":"Polygon","coordinates":[[[-59.787598,43.9396],[-59.936035,43.9396],[-59.922266,43.903906],[-59.787598,43.9396]]]},"properties":{"scalerank":0,"featurecla":"Land","min_zoom":3}},
{"type":"Feature","geometry":{"type":"Polygon","coordinates":[[[-97.014355,27.901611],[-96.839746,28.088818],[-96.899316,28.11748],[-97.014355,27.901611]]]},"properties":{"scalerank":0,"featurecla":"Land","min_zoom":3}},
{"type":"Feature","geometry":{"type":"Polygon","coordinates":[[[-88.889307,29.712598],[-88.901172,29.732617],[-88.941113,29.680225],[-88.889307,29.712598]]]},"properties":{"scalerank":0,"featurecla":"Land","min_zoom":4}},
{"type":"Feature","geometry":{"type":"Polygon","coordinates":[[[-88.558105,30.215918],[-88.573975,30.22915],[-88.722852,30.264258],[-88.713086,30.244922],[-88.570654,30.204785],[-88.558105,30.215918]]]},"properties":{"scalerank":0,"featurecla":"Land","min_zoom":4}},
{"type":"Feature","geometry":{"type":"Polygon","coordinates":[[[-88.071338,30.252344],[-88.109375,30.27373],[-88.263916,30.254736],[-88.159326,30.230908],[-88.071338,30.252344]]]},"properties":{"scalerank":0,"featurecla":"Land","min_zoom":4}},
{"type":"Feature","geometry":{"type":"Polygon","coordinates":[[[-63.012305,18.04541],[-63.063086,18.115332],[-63.124707,18.064307],[-63.012305,18.04541]]]},"properties":{"scalerank":0,"featurecla":"Land","min_zoom":4}},
{"type":"Feature","geometry":{"type":"Polygon","coordinates":[[[-65.425586,18.105615],[-65.477148,18.165039],[-65.555078,18.107666],[-65.425586,18.105615]]]},"properties":{"scalerank":0,"featurecla":"Land","min_zoom":3}},
{"type":"Feature","geometry":{"type":"Polygon","coordinates":[[[-62.532227,17.121875],[-62.53418,17.170117],[-62.615283,17.199121],[-62.624902,17.12959],[-62.532227,17.121875]]]},"properties":{"scalerank":0,"featurecla":"Land","min_zoom":4}},
{"type":"Feature","geometry":{"type":"Polygon","coordinates":[[[-64.395215,18.4646],[-64.324658,18.51748],[-64.426074,18.513086],[-64.395215,18.4646]]]},"properties":{"scalerank":0,"featurecla":"Land","min_zoom":4}},
{"type":"Feature","geometry":{"type":"Polygon","coordinates":[[[-64.659814,18.354346],[-64.752441,18.371973],[-64.725977,18.327881],[-64.659814,18.354346]]]},"properties":{"scalerank":0,"featurecla":"Land","min_zoom":4}},
{"type":"Feature","geometry":{"type":"Polygon","coordinates":[[[-64.593652,18.402832],[-64.650977,18.442529],[-64.671826,18.399121],[-64.593652,18.402832]]]},"properties":{"scalerank":0,"featurecla":"Land","min_zoom":4}},
{"type":"Feature","geometry":{"type":"Polygon","coordinates":[[[-64.765625,17.794336],[-64.884717,17.772266],[-64.889111,17.701709],[-64.686279,17.706104],[-64.765625,17.794336]]]},"properties":{"scalerank":0,"featurecla":"Land","min_zoom":3}},
{"type":"Feature","geometry":{"type":"Polygon","coordinates":[[[-77.347559,25.013867],[-77.329102,25.083008],[-77.527344,25.057666],[-77.460498,24.993115],[-77.347559,25.013867]]]},"properties":{"scalerank":0,"featurecla":"Land","min_zoom":3}},
{"type":"Feature","geometry":{"type":"Polygon","coordinates":[[[-81.044189,24.716797],[-80.988916,24.727881],[-80.930469,24.759473],[-81.085254,24.73418],[-81.044189,24.716797]]]},"properties":{"scalerank":0,"featurecla":"Land","min_zoom":3}},
{"type":"Feature","geometry":{"type":"Polygon","coordinates":[[[114.232031,22.210547],[114.246875,22.263574],[114.187402,22.296631],[114.13877,22.268359],[114.232031,22.210547]]]},"properties":{"scalerank":0,"featurecla":"Land","min_zoom":4}},
{"type":"Feature","geometry":{"type":"Polygon","coordinates":[[[-76.54624,34.654883],[-76.622266,34.694531],[-76.661963,34.684668],[-76.568506,34.652539],[-76.54624,34.654883]]]},"properties":{"scalerank":0,"featurecla":"Land","min_zoom":4}},
{"type":"Feature","geometry":{"type":"Polygon","coordinates":[[[-175.161914,-21.169336],[-175.225391,-21.11875],[-175.335449,-21.157715],[-175.156592,-21.263672],[-175.161914,-21.169336]]]},"properties":{"scalerank":0,"featurecla":"Land","min_zoom":3}},
{"type":"Feature","geometry":{"type":"Polygon","coordinates":[[[52.682422,45.411816],[52.65957,45.518066],[52.554297,45.473975],[52.682422,45.411816]]]},"properties":{"scalerank":0,"featurecla":"Land","min_zoom":4}},
{"type":"Feature","geometry":{"type":"Polygon","coordinates":[[[47.983008,45.488232],[47.987109,45.554053],[47.920313,45.562061],[47.983008,45.488232]]]},"properties":{"scalerank":0,"featurecla":"Land","min_zoom":4}},
{"type":"Feature","geometry":{"type":"Polygon","coordinates":[[[-58.438818,-52.011035],[-58.541406,-52.028418],[-58.432715,-52.099023],[-58.438818,-52.011035]]]},"properties":{"scalerank":0,"featurecla":"Land","min_zoom":4}},
{"type":"Feature","geometry":{"type":"Polygon","coordinates":[[[42.590234,15.303418],[42.624512,15.367969],[42.569727,15.407324],[42.549023,15.320068],[42.590234,15.303418]]]},"properties":{"scalerank":0,"featurecla":"Land","min_zoom":4}},
{"type":"Feature","geometry":{"type":"Polygon","coordinates":[[[40.076465,16.082422],[40.012402,16.022656],[40.110059,15.985742],[40.076465,16.082422]]]},"properties":{"scalerank":0,"featurecla":"Land","min_zoom":4}},
{"type":"Feature","geometry":{"type":"Polygon","coordinates":[[[36.90166,25.383057],[36.924414,25.425537],[36.747559,25.55874],[36.72207,25.534033],[36.90166,25.383057]]]},"properties":{"scalerank":0,"featurecla":"Land","min_zoom":3}},
{"type":"Feature","geometry":{"type":"Polygon","coordinates":[[[36.595508,25.712793],[36.579883,25.79541],[36.546484,25.811621],[36.543945,25.734277],[36.595508,25.712793]]]},"properties":{"scalerank":0,"featurecla":"Land","min_zoom":4}},
{"type":"Feature","geometry":{"type":"Polygon","coordinates":[[[101.318555,2.988477],[101.328418,3.047607],[101.274219,3.032812],[101.268066,2.97041],[101.318555,2.988477]]]},"properties":{"scalerank":0,"featurecla":"Land","min_zoom":4}},
{"type":"Feature","geometry":{"type":"Polygon","coordinates":[[[134.716113,-6.549414],[134.679102,-6.456055],[134.633691,-6.477246],[134.66084,-6.558887],[134.716113,-6.549414]]]},"properties":{"scalerank":0,"featurecla":"Land","min_zoom":4}},
{"type":"Feature","geometry":{"type":"Polygon","coordinates":[[[123.597559,-1.704297],[123.616406,-1.627441],[123.486621,-1.534863],[123.48252,-1.681445],[123.597559,-1.704297]]]},"properties":{"scalerank":0,"featurecla":"Land","min_zoom":3}},
{"type":"Feature","geometry":{"type":"Polygon","coordinates":[[[126.753027,34.343994],[126.7,34.395898],[126.646094,34.351123],[126.689063,34.30542],[126.753027,34.343994]]]},"properties":{"scalerank":0,"featurecla":"Land","min_zoom":4}},
{"type":"Feature","geometry":{"type":"Polygon","coordinates":[[[152.885938,76.121729],[152.799414,76.194824],[152.558594,76.143604],[152.885938,76.121729]]]},"properties":{"scalerank":0,"featurecla":"Land","min_zoom":4}},
{"type":"Feature","geometry":{"type":"Polygon","coordinates":[[[67.344922,69.529834],[67.216113,69.575391],[67.025879,69.483203],[67.263965,69.442529],[67.344922,69.529834]]]},"properties":{"scalerank":0,"featurecla":"Land","min_zoom":3}},
{"type":"Feature","geometry":{"type":"Polygon","coordinates":[[[66.560938,70.541748],[66.457715,70.698779],[66.407617,70.615771],[66.448633,70.561035],[66.560938,70.541748]]]},"properties":{"scalerank":0,"featurecla":"Land","min_zoom":4}},
{"type":"Feature","geometry":{"type":"Polygon","coordinates":[[[55.479688,80.273828],[55.240039,80.325391],[54.979688,80.256445],[55.195117,80.226807],[55.479688,80.273828]]]},"properties":{"scalerank":0,"featurecla":"Land","min_zoom":4}},
{"type":"Feature","geometry":{"type":"Polygon","coordinates":[[[18.416211,59.029102],[18.485547,59.10459],[18.397559,59.089111],[18.416211,59.029102]]]},"properties":{"scalerank":0,"featurecla":"Land","min_zoom":4}},
{"type":"Feature","geometry":{"type":"Polygon","coordinates":[[[18.59541,59.470361],[18.697949,59.524609],[18.572363,59.52583],[18.59541,59.470361]]]},"properties":{"scalerank":0,"featurecla":"Land","min_zoom":4}},
{"type":"Feature","geometry":{"type":"Polygon","coordinates":[[[-122.853076,47.204736],[-122.885107,47.274707],[-122.907959,47.226123],[-122.853076,47.204736]]]},"properties":{"scalerank":0,"featurecla":"Land","min_zoom":4}},
{"type":"Feature","geometry":{"type":"Polygon","coordinates":[[[105.725391,-10.492969],[105.705469,-10.430664],[105.584082,-10.5125],[105.696875,-10.56416],[105.725391,-10.492969]]]},"properties":{"scalerank":0,"featurecla":"Land","min_zoom":3}},
{"type":"Feature","geometry":{"type":"Polygon","coordinates":[[[-86.419922,16.378369],[-86.438281,16.413867],[-86.556934,16.362109],[-86.580273,16.300244],[-86.419922,16.378369]]]},"properties":{"scalerank":0,"featurecla":"Land","min_zoom":3}},
{"type":"Feature","geometry":{"type":"Polygon","coordinates":[[[163.975977,-74.832715],[164.208496,-74.607715],[163.741699,-74.711523],[163.975977,-74.832715]]]},"properties":{"scalerank":0,"featurecla":"Land","min_zoom":3}},
{"type":"Feature","geometry":{"type":"Polygon","coordinates":[[[164.833594,-67.54043],[164.918652,-67.447461],[164.825,-67.326074],[164.638965,-67.500098],[164.833594,-67.54043]]]},"properties":{"scalerank":0,"featurecla":"Land","min_zoom":3}},
{"type":"Feature","geometry":{"type":"Polygon","coordinates":[[[167.642773,-78.141406],[166.863672,-78.196387],[166.111133,-78.089648],[166.121875,-78.274609],[167.376953,-78.249023],[167.642773,-78.141406]]]},"properties":{"scalerank":0,"featurecla":"Land","min_zoom":3}},
{"type":"Feature","geometry":{"type":"Polygon","coordinates":[[[163.301953,-66.821191],[163.237891,-66.708789],[163.089648,-66.700586],[163.163867,-66.819141],[163.301953,-66.821191]]]},"properties":{"scalerank":0,"featurecla":"Land","min_zoom":3}},
{"type":"Feature","geometry":{"type":"Polygon","coordinates":[[[167.084082,-77.32168],[166.236816,-77.547461],[168.322559,-77.68252],[168.450781,-77.386133],[167.084082,-77.32168]]]},"properties":{"scalerank":0,"featurecla":"Land","min_zoom":2}},
{"type":"Feature","geometry":{"type":"Polygon","coordinates":[[[169.843652,-73.60498],[169.960352,-73.514355],[169.783203,-73.324219],[169.479492,-73.539453],[169.843652,-73.60498]]]},"properties":{"scalerank":0,"featurecla":"Land","min_zoom":3}},
{"type":"Feature","geometry":{"type":"Polygon","coordinates":[[[162.968066,-75.56709],[162.72002,-75.59668],[162.591211,-75.668555],[162.788281,-75.696191],[162.968066,-75.56709]]]},"properties":{"scalerank":0,"featurecla":"Land","min_zoom":4}},
{"type":"Feature","geometry":{"type":"Polygon","coordinates":[[[100.981445,-65.677539],[100.883398,-65.378125],[100.409375,-65.465625],[100.546875,-65.70127],[100.981445,-65.677539]]]},"properties":{"scalerank":0,"featurecla":"Land","min_zoom":2}},
{"type":"Feature","geometry":{"type":"Polygon","coordinates":[[[85.822363,-66.95332],[85.80625,-66.774609],[85.358789,-66.854297],[85.822363,-66.95332]]]},"properties":{"scalerank":0,"featurecla":"Land","min_zoom":3}},
{"type":"Feature","geometry":{"type":"Polygon","coordinates":[[[92.601367,-65.808301],[92.633789,-65.730664],[92.301465,-65.706738],[92.333008,-65.807227],[92.601367,-65.808301]]]},"properties":{"scalerank":0,"featurecla":"Land","min_zoom":3}},
{"type":"Feature","geometry":{"type":"Polygon","coordinates":[[[86.541797,-66.76748],[86.383301,-66.674805],[86.232227,-66.73291],[86.337012,-66.787598],[86.541797,-66.76748]]]},"properties":{"scalerank":0,"featurecla":"Land","min_zoom":3}},
{"type":"Feature","geometry":{"type":"Polygon","coordinates":[[[85.328516,-66.611914],[85.121094,-66.518555],[85.06875,-66.583789],[85.136133,-66.637109],[85.328516,-66.611914]]]},"properties":{"scalerank":0,"featurecla":"Land","min_zoom":4}},
{"type":"Feature","geometry":{"type":"Polygon","coordinates":[[[69.918359,-71.917773],[69.796094,-71.893945],[69.692578,-71.968262],[69.791992,-72.04668],[69.918359,-71.917773]]]},"properties":{"scalerank":0,"featurecla":"Land","min_zoom":4}},
{"type":"Feature","geometry":{"type":"Polygon","coordinates":[[[68.461719,-72.300098],[68.817188,-72.228711],[68.66709,-72.103125],[68.461719,-72.300098]]]},"properties":{"scalerank":0,"featurecla":"Land","min_zoom":3}},
{"type":"Feature","geometry":{"type":"Polygon","coordinates":[[[96.612695,-66.03584],[96.394531,-66.225],[96.933984,-66.200781],[96.612695,-66.03584]]]},"properties":{"scalerank":0,"featurecla":"Land","min_zoom":3}},
{"type":"Feature","geometry":{"type":"Polygon","coordinates":[[[72.002246,-70.632617],[72,-70.456836],[71.659375,-70.497461],[72.002246,-70.632617]]]},"properties":{"scalerank":0,"featurecla":"Land","min_zoom":3}},
{"type":"Feature","geometry":{"type":"Polygon","coordinates":[[[162.611426,-66.477344],[162.310547,-66.25127],[162.302734,-66.399707],[162.611426,-66.477344]]]},"properties":{"scalerank":0,"featurecla":"Land","min_zoom":3}},
{"type":"Feature","geometry":{"type":"Polygon","coordinates":[[[100.264746,-66.216602],[100.290527,-66.112402],[100.07627,-66.188086],[100.264746,-66.216602]]]},"properties":{"scalerank":0,"featurecla":"Land","min_zoom":4}},
{"type":"Feature","geometry":{"type":"Polygon","coordinates":[[[98.846094,-66.469824],[98.949805,-66.420508],[98.748633,-66.369238],[98.655078,-66.45332],[98.846094,-66.469824]]]},"properties":{"scalerank":0,"featurecla":"Land","min_zoom":3}},
{"type":"Feature","geometry":{"type":"Polygon","coordinates":[[[103.397266,-65.445312],[103.186133,-65.330566],[103.136816,-65.190625],[102.892871,-65.129688],[102.78877,-65.235938],[103.112793,-65.312012],[103.138477,-65.435059],[103.397266,-65.445312]]]},"properties":{"scalerank":0,"featurecla":"Land","min_zoom":3}},
{"type":"Feature","geometry":{"type":"Polygon","coordinates":[[[-147.588281,-76.649805],[-147.899707,-76.558008],[-148.001074,-76.577148],[-147.729639,-76.653418],[-147.588281,-76.649805]]]},"properties":{"scalerank":0,"featurecla":"Land","min_zoom":4}},
{"type":"Feature","geometry":{"type":"Polygon","coordinates":[[[-145.238086,-75.71123],[-145.760791,-75.513867],[-146.042773,-75.611914],[-145.238086,-75.71123]]]},"properties":{"scalerank":0,"featurecla":"Land","min_zoom":3}},
{"type":"Feature","geometry":{"type":"Polygon","coordinates":[[[-146.606738,-76.961328],[-146.244385,-76.883105],[-147.08667,-76.837305],[-146.981445,-77.005664],[-146.606738,-76.961328]]]},"properties":{"scalerank":0,"featurecla":"Land","min_zoom":3}},
{"type":"Feature","geometry":{"type":"Polygon","coordinates":[[[-132.39126,-74.441895],[-132.55249,-74.386621],[-132.857178,-74.461719],[-132.546289,-74.498438],[-132.39126,-74.441895]]]},"properties":{"scalerank":0,"featurecla":"Land","min_zoom":3}},
{"type":"Feature","geometry":{"type":"Polygon","coordinates":[[[-148.59585,-77.006836],[-148.508936,-76.95459],[-149.238086,-76.900195],[-149.244824,-76.993066],[-148.59585,-77.006836]]]},"properties":{"scalerank":0,"featurecla":"Land","min_zoom":3}},
{"type":"Feature","geometry":{"type":"Polygon","coordinates":[[[-149.333252,-76.717383],[-148.983887,-76.845313],[-148.38418,-76.744434],[-149.333252,-76.717383]]]},"properties":{"scalerank":0,"featurecla":"Land","min_zoom":3}},
{"type":"Feature","geometry":{"type":"Polygon","coordinates":[[[-131.066699,-74.583789],[-130.981104,-74.414062],[-131.762695,-74.323828],[-131.840869,-74.542578],[-131.066699,-74.583789]]]},"properties":{"scalerank":0,"featurecla":"Land","min_zoom":2}},
{"type":"Feature","geometry":{"type":"Polygon","coordinates":[[[-119.548926,-74.110254],[-118.959277,-73.809473],[-119.802588,-73.814648],[-119.548926,-74.110254]]]},"properties":{"scalerank":0,"featurecla":"Land","min_zoom":1}},
{"type":"Feature","geometry":{"type":"Polygon","coordinates":[[[-116.738623,-74.165039],[-116.381299,-73.865527],[-117.376465,-74.082813],[-116.738623,-74.165039]]]},"properties":{"scalerank":0,"featurecla":"Land","min_zoom":2}},
{"type":"Feature","geometry":{"type":"Polygon","coordinates":[[[-127.36582,-74.622656],[-127.145166,-74.480176],[-127.852979,-74.331836],[-128.09624,-74.466211],[-127.36582,-74.622656]]]},"properties":{"scalerank":0,"featurecla":"Land","min_zoom":2}},
{"type":"Feature","geometry":{"type":"Polygon","coordinates":[[[-149.218115,-77.336328],[-149.375439,-77.27998],[-149.662354,-77.300977],[-149.438672,-77.370605],[-149.218115,-77.336328]]]},"properties":{"scalerank":0,"featurecla":"Land","min_zoom":4}},
{"type":"Feature","geometry":{"type":"Polygon","coordinates":[[[-161.993799,-83.11875],[-161.635156,-83.026953],[-162.798486,-82.864844],[-163.046533,-83.096777],[-161.993799,-83.11875]]]},"properties":{"scalerank":0,"featurecla":"Land","min_zoom":3}},
{"type":"Feature","geometry":{"type":"Polygon","coordinates":[[[-150.23252,-76.776465],[-150.177393,-76.691309],[-150.837646,-76.71416],[-150.655176,-76.788965],[-150.23252,-76.776465]]]},"properties":{"scalerank":0,"featurecla":"Land","min_zoom":3}},
{"type":"Feature","geometry":{"type":"Polygon","coordinates":[[[-146.690137,-76.246387],[-146.949023,-76.098145],[-147.34541,-76.14668],[-146.690137,-76.246387]]]},"properties":{"scalerank":0,"featurecla":"Land","min_zoom":3}},
{"type":"Feature","geometry":{"type":"Polygon","coordinates":[[[-146.790039,-76.633105],[-147.135303,-76.531543],[-147.355322,-76.618848],[-146.790039,-76.633105]]]},"properties":{"scalerank":0,"featurecla":"Land","min_zoom":3}},
{"type":"Feature","geometry":{"type":"Polygon","coordinates":[[[-160.467139,-81.589453],[-162.456494,-81.313281],[-163.766064,-81.444824],[-160.467139,-81.589453]]]},"properties":{"scalerank":0,"featurecla":"Land","min_zoom":2}},
{"type":"Feature","geometry":{"type":"Polygon","coordinates":[[[-150.39707,-77.369141],[-151.021533,-77.22002],[-151.344482,-77.296289],[-150.39707,-77.369141]]]},"properties":{"scalerank":0,"featurecla":"Land","min_zoom":3}},
{"type":"Feature","geometry":{"type":"Polygon","coordinates":[[[-153.930469,-80.033301],[-155.674268,-79.765527],[-155.751172,-79.82959],[-154.94165,-79.966309],[-153.930469,-80.033301]]]},"properties":{"scalerank":0,"featurecla":"Land","min_zoom":3}},
{"type":"Feature","geometry":{"type":"Polygon","coordinates":[[[-149.230664,-77.120508],[-149.870605,-76.875],[-150.461816,-77.075684],[-149.230664,-77.120508]]]},"properties":{"scalerank":0,"featurecla":"Land","min_zoom":2}},
{"type":"Feature","geometry":{"type":"Polygon","coordinates":[[[-157.9875,-82.10498],[-157.83457,-82.030762],[-158.26084,-81.947266],[-158.545312,-81.948828],[-157.9875,-82.10498]]]},"properties":{"scalerank":0,"featurecla":"Land","min_zoom":3}},
{"type":"Feature","geometry":{"type":"Polygon","coordinates":[[[-5.894092,-70.552246],[-6.068262,-70.404688],[-6.437988,-70.452637],[-6.156104,-70.611523],[-5.894092,-70.552246]]]},"properties":{"scalerank":0,"featurecla":"Land","min_zoom":3}},
{"type":"Feature","geometry":{"type":"Polygon","coordinates":[[[3.036914,-70.597363],[3.259863,-70.448828],[3.072168,-70.381641],[2.631445,-70.500391],[3.036914,-70.597363]]]},"properties":{"scalerank":0,"featurecla":"Land","min_zoom":3}},
{"type":"Feature","geometry":{"type":"Polygon","coordinates":[[[-2.95498,-71.21377],[-3.263037,-71.051758],[-3.403857,-71.119824],[-3.309375,-71.200879],[-2.95498,-71.21377]]]},"properties":{"scalerank":0,"featurecla":"Land","min_zoom":3}},
{"type":"Feature","geometry":{"type":"Polygon","coordinates":[[[1.299316,-70.255176],[1.412207,-70.040723],[1.026758,-70.049805],[0.990332,-70.224316],[1.299316,-70.255176]]]},"properties":{"scalerank":0,"featurecla":"Land","min_zoom":3}},
{"type":"Feature","geometry":{"type":"Polygon","coordinates":[[[-2.532812,-70.767773],[-2.800537,-70.982227],[-2.368945,-71.044434],[-2.092285,-70.820898],[-2.532812,-70.767773]]]},"properties":{"scalerank":0,"featurecla":"Land","min_zoom":2}},
{"type":"Feature","geometry":{"type":"Polygon","coordinates":[[[4.525879,-70.478711],[4.49502,-70.251367],[4.069727,-70.290234],[4.12959,-70.416992],[4.525879,-70.478711]]]},"properties":{"scalerank":0,"featurecla":"Land","min_zoom":3}},
{"type":"Feature","geometry":{"type":"Polygon","coordinates":[[[48.545996,-66.78418],[48.637793,-66.700977],[48.357715,-66.703809],[48.304492,-66.797852],[48.545996,-66.78418]]]},"properties":{"scalerank":0,"featurecla":"Land","min_zoom":3}},
{"type":"Feature","geometry":{"type":"Polygon","coordinates":[[[16.222656,-70.007617],[16.246875,-69.70498],[15.699023,-69.773242],[15.613867,-69.939063],[16.222656,-70.007617]]]},"properties":{"scalerank":0,"featurecla":"Land","min_zoom":2}},
{"type":"Feature","geometry":{"type":"Polygon","coordinates":[[[26.857227,-70.381152],[26.68623,-70.114453],[25.98252,-70.199902],[26.005371,-70.372949],[26.857227,-70.381152]]]},"properties":{"scalerank":0,"featurecla":"Land","min_zoom":2}},
{"type":"Feature","geometry":{"type":"Polygon","coordinates":[[[-31.118848,-79.798438],[-30.422119,-80.01084],[-29.614453,-79.90957],[-30.660156,-79.733105],[-31.118848,-79.798438]]]},"properties":{"scalerank":0,"featurecla":"Land","min_zoom":2}},
{"type":"Feature","geometry":{"type":"Polygon","coordinates":[[[-33.93418,-79.32041],[-35.534668,-79.090039],[-36.481299,-79.294043],[-33.93418,-79.32041]]]},"properties":{"scalerank":0,"featurecla":"Land","min_zoom":2}},
{"type":"Feature","geometry":{"type":"Polygon","coordinates":[[[-3.280225,-70.533789],[-2.738037,-70.507031],[-2.713525,-70.320215],[-3.287451,-70.344043],[-3.280225,-70.533789]]]},"properties":{"scalerank":0,"featurecla":"Land","min_zoom":2}},
{"type":"Feature","geometry":{"type":"Polygon","coordinates":[[[-20.607422,-73.886621],[-21.288281,-73.989355],[-20.845654,-74.437793],[-20.42334,-74.317383],[-20.607422,-73.886621]]]},"properties":{"scalerank":0,"featurecla":"Land","min_zoom":2}},
{"type":"Feature","geometry":{"type":"Polygon","coordinates":[[[-16.104492,-72.679102],[-16.302881,-72.478027],[-16.516553,-72.530859],[-16.453027,-72.652344],[-16.104492,-72.679102]]]},"properties":{"scalerank":0,"featurecla":"Land","min_zoom":3}},
{"type":"Feature","geometry":{"type":"Polygon","coordinates":[[[-12.508887,-72.17334],[-12.788867,-72.006543],[-12.963281,-72.064453],[-12.720166,-72.187695],[-12.508887,-72.17334]]]},"properties":{"scalerank":0,"featurecla":"Land","min_zoom":3}},
{"type":"Feature","geometry":{"type":"Polygon","coordinates":[[[-32.342529,-79.673633],[-31.933447,-79.567871],[-32.376611,-79.534668],[-32.342529,-79.673633]]]},"properties":{"scalerank":0,"featurecla":"Land","min_zoom":3}},
{"type":"Feature","geometry":{"type":"Polygon","coordinates":[[[-45.717773,-60.520898],[-45.70918,-60.64541],[-45.398047,-60.649707],[-45.499707,-60.546484],[-45.717773,-60.520898]]]},"properties":{"scalerank":0,"featurecla":"Land","min_zoom":3}},
{"type":"Feature","geometry":{"type":"Polygon","coordinates":[[[-54.070703,-61.299121],[-54.049902,-61.14209],[-54.192236,-61.246582],[-54.070703,-61.299121]]]},"properties":{"scalerank":0,"featurecla":"Land","min_zoom":4}},
{"type":"Feature","geometry":{"type":"Polygon","coordinates":[[[-67.261914,-79.452637],[-67.068652,-79.268457],[-68.032568,-79.227148],[-68.548926,-79.437402],[-67.261914,-79.452637]]]},"properties":{"scalerank":0,"featurecla":"Land","min_zoom":2}},
{"type":"Feature","geometry":{"type":"Polygon","coordinates":[[[-55.16543,-61.22041],[-55.057617,-61.168652],[-55.387012,-61.072656],[-55.297021,-61.248535],[-55.16543,-61.22041]]]},"properties":{"scalerank":0,"featurecla":"Land","min_zoom":3}},
{"type":"Feature","geometry":{"type":"Polygon","coordinates":[[[-55.528027,-63.173535],[-56.385107,-63.234082],[-56.378516,-63.437305],[-55.528027,-63.173535]]]},"properties":{"scalerank":0,"featurecla":"Land","min_zoom":2}},
{"type":"Feature","geometry":{"type":"Polygon","coordinates":[[[-55.872559,-63.535645],[-55.85791,-63.407324],[-56.209863,-63.436914],[-56.178369,-63.513281],[-55.872559,-63.535645]]]},"properties":{"scalerank":0,"featurecla":"Land","min_zoom":3}},
{"type":"Feature","geometry":{"type":"Polygon","coordinates":[[[-57.240479,-64.566797],[-56.991016,-64.467969],[-57.022559,-64.352344],[-57.445898,-64.459863],[-57.240479,-64.566797]]]},"properties":{"scalerank":0,"featurecla":"Land","min_zoom":3}},
{"type":"Feature","geometry":{"type":"Polygon","coordinates":[[[-58.837939,-62.302539],[-59.063818,-62.239063],[-59.059424,-62.347754],[-58.837939,-62.302539]]]},"properties":{"scalerank":0,"featurecla":"Land","min_zoom":3}},
{"type":"Feature","geometry":{"type":"Polygon","coordinates":[[[-57.978418,-61.911914],[-58.683594,-62.008203],[-58.955225,-62.164258],[-57.962744,-62.077539],[-57.978418,-61.911914]]]},"properties":{"scalerank":0,"featurecla":"Land","min_zoom":2}},
{"type":"Feature","geometry":{"type":"Polygon","coordinates":[[[-61.952441,-64.077148],[-61.798242,-63.966602],[-61.936279,-63.990234],[-62.020752,-64.027344],[-61.952441,-64.077148]]]},"properties":{"scalerank":0,"featurecla":"Land","min_zoom":4}},
{"type":"Feature","geometry":{"type":"Polygon","coordinates":[[[-61.997607,-69.721875],[-61.815967,-69.376172],[-62.49624,-69.288184],[-61.997607,-69.721875]]]},"properties":{"scalerank":0,"featurecla":"Land","min_zoom":2}},
{"type":"Feature","geometry":{"type":"Polygon","coordinates":[[[-63.316211,-64.861133],[-63.459277,-64.796289],[-63.55835,-64.905957],[-63.316211,-64.861133]]]},"properties":{"scalerank":0,"featurecla":"Land","min_zoom":3}},
{"type":"Feature","geometry":{"type":"Polygon","coordinates":[[[-62.325781,-64.424414],[-62.058496,-64.138086],[-62.479736,-64.210645],[-62.746826,-64.47168],[-62.325781,-64.424414]]]},"properties":{"scalerank":0,"featurecla":"Land","min_zoom":2}},
{"type":"Feature","geometry":{"type":"Polygon","coordinates":[[[-62.615088,-63.069336],[-62.411475,-62.971582],[-62.527051,-62.923828],[-62.615088,-63.069336]]]},"properties":{"scalerank":0,"featurecla":"Land","min_zoom":3}},
{"type":"Feature","geometry":{"type":"Polygon","coordinates":[[[-59.389014,-62.444336],[-59.39585,-62.367285],[-59.660693,-62.354297],[-59.525244,-62.451465],[-59.389014,-62.444336]]]},"properties":{"scalerank":0,"featurecla":"Land","min_zoom":3}},
{"type":"Feature","geometry":{"type":"Polygon","coordinates":[[[-56.059961,-63.078516],[-56.488574,-62.982227],[-56.354102,-63.168848],[-56.059961,-63.078516]]]},"properties":{"scalerank":0,"featurecla":"Land","min_zoom":3}},
{"type":"Feature","geometry":{"type":"Polygon","coordinates":[[[-60.625,-62.560059],[-60.378027,-62.616504],[-60.220947,-62.74541],[-60.002734,-62.618457],[-60.139893,-62.54873],[-60.625,-62.560059]]]},"properties":{"scalerank":0,"featurecla":"Land","min_zoom":2}},
{"type":"Feature","geometry":{"type":"Polygon","coordinates":[[[-57.37417,-63.807227],[-57.218018,-63.875586],[-57.16084,-63.815723],[-57.37417,-63.807227]]]},"properties":{"scalerank":0,"featurecla":"Land","min_zoom":3}},
{"type":"Feature","geometry":{"type":"Polygon","coordinates":[[[-61.158447,-69.975781],[-61.151855,-69.883105],[-61.327148,-69.856348],[-61.404346,-69.93252],[-61.158447,-69.975781]]]},"properties":{"scalerank":0,"featurecla":"Land","min_zoom":3}},
{"type":"Feature","geometry":{"type":"Polygon","coordinates":[[[-60.655908,-68.767578],[-60.813574,-68.687695],[-60.894043,-68.758887],[-60.655908,-68.767578]]]},"properties":{"scalerank":0,"featurecla":"Land","min_zoom":3}},
{"type":"Feature","geometry":{"type":"Polygon","coordinates":[[[-60.740625,-70.710547],[-60.487695,-70.64668],[-60.553662,-70.508789],[-60.975537,-70.599121],[-60.740625,-70.710547]]]},"properties":{"scalerank":0,"featurecla":"Land","min_zoom":3}},
{"type":"Feature","geometry":{"type":"Polygon","coordinates":[[[-60.552246,-71.05293],[-60.613135,-70.920117],[-60.946484,-70.967383],[-60.552246,-71.05293]]]},"properties":{"scalerank":0,"featurecla":"Land","min_zoom":3}},
{"type":"Feature","geometry":{"type":"Polygon","coordinates":[[[-60.504883,-62.967383],[-60.637402,-62.895215],[-60.69292,-62.995703],[-60.504883,-62.967383]]]},"properties":{"scalerank":0,"featurecla":"Land","min_zoom":4}},
{"type":"Feature","geometry":{"type":"Polygon","coordinates":[[[-60.653125,-63.866602],[-60.688867,-63.80791],[-60.562354,-63.695898],[-60.79668,-63.716699],[-60.810059,-63.836621],[-60.653125,-63.866602]]]},"properties":{"scalerank":0,"featurecla":"Land","min_zoom":3}},
{"type":"Feature","geometry":{"type":"Polygon","coordinates":[[[-93.795605,-72.919727],[-94.004248,-72.819727],[-94.113184,-72.860059],[-93.795605,-72.919727]]]},"properties":{"scalerank":0,"featurecla":"Land","min_zoom":4}},
{"type":"Feature","geometry":{"type":"Polygon","coordinates":[[[-91.160693,-73.182227],[-90.807129,-72.610645],[-91.67002,-72.62373],[-91.160693,-73.182227]]]},"properties":{"scalerank":0,"featurecla":"Land","min_zoom":2}},
{"type":"Feature","geometry":{"type":"Polygon","coordinates":[[[-104.537939,-73.166309],[-104.972412,-72.941016],[-105.131787,-72.991504],[-104.880957,-73.200586],[-104.537939,-73.166309]]]},"properties":{"scalerank":0,"featurecla":"Land","min_zoom":3}},
{"type":"Feature","geometry":{"type":"Polygon","coordinates":[[[-95.027051,-72.665039],[-94.426025,-72.612598],[-94.513867,-72.491699],[-95.215625,-72.599414],[-95.027051,-72.665039]]]},"properties":{"scalerank":0,"featurecla":"Land","min_zoom":3}},
{"type":"Feature","geometry":{"type":"Polygon","coordinates":[[[-71.69502,-70.265137],[-71.684668,-70.442285],[-71.340283,-70.31748],[-71.69502,-70.265137]]]},"properties":{"scalerank":0,"featurecla":"Land","min_zoom":1}},
{"type":"Feature","geometry":{"type":"Polygon","coordinates":[[[-71.985352,-69.698438],[-72.331152,-69.491797],[-72.776758,-69.64502],[-71.985352,-69.698438]]]},"properties":{"scalerank":0,"featurecla":"Land","min_zoom":2}},
{"type":"Feature","geometry":{"type":"Polygon","coordinates":[[[-73.878418,-73.356836],[-73.542432,-73.123828],[-73.832129,-73.113281],[-74.146631,-73.31543],[-73.878418,-73.356836]]]},"properties":{"scalerank":0,"featurecla":"Land","min_zoom":3}},
{"type":"Feature","geometry":{"type":"Polygon","coordinates":[[[-65.845264,-65.84248],[-65.813867,-65.686621],[-65.968311,-65.570996],[-66.175293,-65.866504],[-65.845264,-65.84248]]]},"properties":{"scalerank":0,"featurecla":"Land","min_zoom":3}},
{"type":"Feature","geometry":{"type":"Polygon","coordinates":[[[-66.595312,-66.200684],[-66.779004,-66.11084],[-66.818652,-66.312695],[-66.595312,-66.200684]]]},"properties":{"scalerank":0,"featurecla":"Land","min_zoom":3}},
{"type":"Feature","geometry":{"type":"Polygon","coordinates":[[[-67.348926,-67.766211],[-67.149414,-67.650195],[-67.556738,-67.604492],[-67.693359,-67.763477],[-67.348926,-67.766211]]]},"properties":{"scalerank":0,"featurecla":"Land","min_zoom":3}},
{"type":"Feature","geometry":{"type":"Polygon","coordinates":[[[-67.362402,-66.894531],[-67.256982,-66.840918],[-67.331689,-66.753516],[-67.593262,-66.875586],[-67.362402,-66.894531]]]},"properties":{"scalerank":0,"featurecla":"Land","min_zoom":3}},
{"type":"Feature","geometry":{"type":"Polygon","coordinates":[[[-179.974902,-16.924805],[-179.822314,-16.765332],[-179.860986,-16.688281],[-179.999951,-16.785547],[-180,-16.907813],[-180,-16.962988],[-179.974902,-16.924805]]]},"properties":{"scalerank":0,"featurecla":"Land","min_zoom":3}},
{"type":"Feature","geometry":{"type":"Polygon","coordinates":[[[-179.929443,-16.502832],[-179.943652,-16.441406],[-179.999951,-16.488867],[-180,-16.512891],[-180,-16.540039],[-179.929443,-16.502832]]]},"properties":{"scalerank":0,"featurecla":"Land","min_zoom":1}},
{"type":"Feature","geometry":{"type":"Polygon","coordinates":[[[180,-16.963086],[180,-16.785742],[179.896973,-16.964063],[180,-16.963086]]]},"properties":{"scalerank":0,"featurecla":"Land","min_zoom":3}},
{"type":"Feature","geometry":{"type":"Polygon","coordinates":[[[-78.89834,8.274268],[-78.856152,8.448242],[-78.960596,8.43584],[-78.89834,8.274268]]]},"properties":{"scalerank":0,"featurecla":"Land","min_zoom":3}},
{"type":"Feature","geometry":{"type":"Polygon","coordinates":[[[154.810449,49.312012],[154.824902,49.646924],[154.612988,49.380615],[154.810449,49.312012]]]},"properties":{"scalerank":0,"featurecla":"Land","min_zoom":3}},
{"type":"Feature","geometry":{"type":"Polygon","coordinates":[[[59.313086,81.305225],[59.075,81.397705],[58.719043,81.313525],[59.313086,81.305225]]]},"properties":{"scalerank":0,"featurecla":"Land","min_zoom":3}},
{"type":"Feature","geometry":{"type":"Polygon","coordinates":[[[54.415332,80.472803],[54.407129,80.540137],[53.877246,80.605273],[53.811914,80.476221],[54.415332,80.472803]]]},"properties":{"scalerank":0,"featurecla":"Land","min_zoom":3}},
{"type":"Feature","geometry":{"type":"Polygon","coordinates":[[[61.14082,80.950342],[61.457422,81.103955],[60.586621,81.087695],[61.14082,80.950342]]]},"properties":{"scalerank":0,"featurecla":"Land","min_zoom":3}},
{"type":"Feature","geometry":{"type":"Polygon","coordinates":[[[53.521387,80.185205],[53.185645,80.412646],[52.213379,80.263721],[53.521387,80.185205]]]},"properties":{"scalerank":0,"featurecla":"Land","min_zoom":3}},
{"type":"Feature","geometry":{"type":"Polygon","coordinates":[[[57.078711,80.350928],[56.024414,80.341309],[56.200586,80.076465],[57.080176,80.094678],[57.078711,80.350928]]]},"properties":{"scalerank":0,"featurecla":"Land","min_zoom":2}},
{"type":"Feature","geometry":{"type":"Polygon","coordinates":[[[59.688867,79.955811],[59.544531,80.118848],[58.946094,80.042334],[59.688867,79.955811]]]},"properties":{"scalerank":0,"featurecla":"Land","min_zoom":3}},
{"type":"Feature","geometry":{"type":"Polygon","coordinates":[[[-66.472119,-55.229102],[-66.523145,-55.165527],[-66.636621,-55.234375],[-66.551709,-55.272852],[-66.472119,-55.229102]]]},"properties":{"scalerank":0,"featurecla":"Land","min_zoom":4}},
{"type":"Feature","geometry":{"type":"Polygon","coordinates":[[[-75.04248,-44.890137],[-75.048437,-44.823926],[-75.142139,-44.815625],[-75.09873,-44.901758],[-75.04248,-44.890137]]]},"properties":{"scalerank":0,"featurecla":"Land","min_zoom":4}},
{"type":"Feature","geometry":{"type":"Polygon","coordinates":[[[-75.510254,-48.763477],[-75.158496,-48.622656],[-75.391406,-48.019727],[-75.650928,-48.586328],[-75.510254,-48.763477]]]},"properties":{"scalerank":0,"featurecla":"Land","min_zoom":0}},
{"type":"Feature","geometry":{"type":"Polygon","coordinates":[[[-75.302002,-50.67998],[-75.156152,-50.496777],[-75.427637,-50.480566],[-75.302002,-50.67998]]]},"properties":{"scalerank":0,"featurecla":"Land","min_zoom":3}},
{"type":"Feature","geometry":{"type":"Polygon","coordinates":[[[-74.385742,-52.922363],[-74.270215,-53.081543],[-73.793506,-53.120703],[-73.582812,-53.300195],[-73.450586,-53.144336],[-74.065967,-52.965332],[-74.385742,-52.922363]]]},"properties":{"scalerank":0,"featurecla":"Land","min_zoom":0}},
{"type":"Feature","geometry":{"type":"Polygon","coordinates":[[[-69.702979,-54.919043],[-69.979785,-55.147461],[-69.411816,-55.444238],[-68.293359,-55.521387],[-68.282666,-55.255176],[-68.900781,-55.017773],[-69.702979,-54.919043]]]},"properties":{"scalerank":0,"featurecla":"Land","min_zoom":0}},
{"type":"Feature","geometry":{"type":"Polygon","coordinates":[[[-75.106689,-48.836523],[-75.619141,-48.885938],[-75.262695,-49.068945],[-75.106689,-48.836523]]]},"properties":{"scalerank":0,"featurecla":"Land","min_zoom":0}},
{"type":"Feature","geometry":{"type":"Polygon","coordinates":[[[-60.111719,-51.395898],[-60.069824,-51.30791],[-60.275342,-51.280566],[-60.248828,-51.395996],[-60.111719,-51.395898]]]},"properties":{"scalerank":0,"featurecla":"Land","min_zoom":3}},
{"type":"Feature","geometry":{"type":"Polygon","coordinates":[[[-26.264111,-58.435156],[-26.303467,-58.382227],[-26.401221,-58.383203],[-26.415332,-58.439844],[-26.264111,-58.435156]]]},"properties":{"scalerank":0,"featurecla":"Land","min_zoom":4}},
{"type":"Feature","geometry":{"type":"Polygon","coordinates":[[[53.763184,12.636816],[53.59834,12.342285],[54.129492,12.360645],[54.187402,12.664014],[53.763184,12.636816]]]},"properties":{"scalerank":0,"featurecla":"Land","min_zoom":2}},
{"type":"Feature","geometry":{"type":"Polygon","coordinates":[[[53.332227,24.258594],[53.445312,24.371191],[53.190918,24.290918],[53.332227,24.258594]]]},"properties":{"scalerank":0,"featurecla":"Land","min_zoom":3}},
{"type":"Feature","geometry":{"type":"Polygon","coordinates":[[[58.72207,20.21875],[58.835156,20.423926],[58.950781,20.516162],[58.884375,20.680566],[58.787988,20.496582],[58.641211,20.337354],[58.72207,20.21875]]]},"properties":{"scalerank":0,"featurecla":"Land","min_zoom":2}},
{"type":"Feature","geometry":{"type":"Polygon","coordinates":[[[52.616895,24.288574],[52.657617,24.332617],[52.629395,24.376758],[52.583594,24.352344],[52.616895,24.288574]]]},"properties":{"scalerank":0,"featurecla":"Land","min_zoom":4}},
{"type":"Feature","geometry":{"type":"Polygon","coordinates":[[[56.187988,26.921143],[56.074121,26.98335],[55.762598,26.811963],[55.954297,26.701123],[56.187988,26.921143]]]},"properties":{"scalerank":0,"featurecla":"Land","min_zoom":2}},
{"type":"Feature","geometry":{"type":"Polygon","coordinates":[[[53.927832,24.177197],[53.833789,24.258936],[53.689648,24.210791],[53.799121,24.135547],[53.927832,24.177197]]]},"properties":{"scalerank":0,"featurecla":"Land","min_zoom":3}},
{"type":"Feature","geometry":{"type":"Polygon","coordinates":[[[41.987695,16.715625],[41.947949,16.936426],[41.776074,16.846875],[41.987695,16.715625]]]},"properties":{"scalerank":0,"featurecla":"Land","min_zoom":2}},
{"type":"Feature","geometry":{"type":"Polygon","coordinates":[[[40.141211,15.696143],[40.042578,15.875488],[39.945215,15.789062],[40.141211,15.696143]]]},"properties":{"scalerank":0,"featurecla":"Land","min_zoom":2}},
{"type":"Feature","geometry":{"type":"Polygon","coordinates":[[[42.755859,13.704297],[42.734961,13.752979],[42.689746,13.673633],[42.755859,13.704297]]]},"properties":{"scalerank":0,"featurecla":"Land","min_zoom":4}},
{"type":"Feature","geometry":{"type":"Polygon","coordinates":[[[50.607227,25.883105],[50.609766,26.124463],[50.452441,26.19082],[50.465918,25.965527],[50.607227,25.883105]]]},"properties":{"scalerank":0,"featurecla":"Land","min_zoom":3}},
{"type":"Feature","geometry":{"type":"Polygon","coordinates":[[[42.787402,13.971484],[42.762109,14.06748],[42.694043,14.00791],[42.787402,13.971484]]]},"properties":{"scalerank":0,"featurecla":"Land","min_zoom":4}},
{"type":"Feature","geometry":{"type":"Polygon","coordinates":[[[48.275391,29.624316],[48.348242,29.782666],[48.158594,29.95957],[48.081445,29.798926],[48.275391,29.624316]]]},"properties":{"scalerank":0,"featurecla":"Land","min_zoom":2}},
{"type":"Feature","geometry":{"type":"Polygon","coordinates":[[[179.422363,-17.366797],[179.432813,-17.271582],[179.373145,-17.256152],[179.422363,-17.366797]]]},"properties":{"scalerank":0,"featurecla":"Land","min_zoom":4}},
{"type":"Feature","geometry":{"type":"Polygon","coordinates":[[[179.349316,-18.102344],[179.306445,-17.944043],[179.253516,-18.030566],[179.349316,-18.102344]]]},"properties":{"scalerank":0,"featurecla":"Land","min_zoom":3}},
{"type":"Feature","geometry":{"type":"Polygon","coordinates":[[[178.827539,-17.729004],[178.852539,-17.68125],[178.787109,-17.624414],[178.747656,-17.685742],[178.827539,-17.729004]]]},"properties":{"scalerank":0,"featurecla":"Land","min_zoom":3}},
{"type":"Feature","geometry":{"type":"Polygon","coordinates":[[[168.446777,-16.778809],[168.199219,-16.593848],[168.181445,-16.804004],[168.446777,-16.778809]]]},"properties":{"scalerank":0,"featurecla":"Land","min_zoom":3}},
{"type":"Feature","geometry":{"type":"Polygon","coordinates":[[[168.29668,-16.336523],[168.163867,-16.081641],[168.02168,-16.315625],[168.29668,-16.336523]]]},"properties":{"scalerank":0,"featurecla":"Land","min_zoom":2}},
{"type":"Feature","geometry":{"type":"Polygon","coordinates":[[[168.445801,-17.542188],[168.273145,-17.552246],[168.25166,-17.780762],[168.524609,-17.798047],[168.445801,-17.542188]]]},"properties":{"scalerank":0,"featurecla":"Land","min_zoom":2}},
{"type":"Feature","geometry":{"type":"Polygon","coordinates":[[[167.911328,-15.435938],[167.82627,-15.312012],[167.674219,-15.451563],[167.844238,-15.481836],[167.911328,-15.435938]]]},"properties":{"scalerank":0,"featurecla":"Land","min_zoom":3}},
{"type":"Feature","geometry":{"type":"Polygon","coordinates":[[[166.745801,-14.826855],[166.631055,-15.406055],[166.825781,-15.634863],[167.199609,-15.485742],[167.131641,-15.135352],[166.745801,-14.826855]]]},"properties":{"scalerank":0,"featurecla":"Land","min_zoom":1}},
{"type":"Feature","geometry":{"type":"Polygon","coordinates":[[[168.212891,-15.97041],[168.267773,-15.892285],[168.183496,-15.508203],[168.122852,-15.680859],[168.212891,-15.97041]]]},"properties":{"scalerank":0,"featurecla":"Land","min_zoom":3}},
{"type":"Feature","geometry":{"type":"Polygon","coordinates":[[[168.18916,-15.328711],[168.186914,-15.196875],[168.104199,-15.016602],[168.130469,-15.318945],[168.18916,-15.328711]]]},"properties":{"scalerank":0,"featurecla":"Land","min_zoom":3}},
{"type":"Feature","geometry":{"type":"Polygon","coordinates":[[[167.4125,-16.095898],[167.449316,-16.55498],[167.836621,-16.449707],[167.4125,-16.095898]]]},"properties":{"scalerank":0,"featurecla":"Land","min_zoom":1.5}},
{"type":"Feature","geometry":{"type":"Polygon","coordinates":[[[167.218945,-15.724121],[167.234375,-15.64502],[167.119043,-15.622559],[167.094727,-15.685254],[167.218945,-15.724121]]]},"properties":{"scalerank":0,"featurecla":"Land","min_zoom":1}},
{"type":"Feature","geometry":{"type":"Polygon","coordinates":[[[159.879102,-8.534277],[159.843066,-8.326953],[159.109375,-7.903516],[158.944043,-8.040723],[159.644531,-8.37168],[159.879102,-8.534277]]]},"properties":{"scalerank":0,"featurecla":"Land","min_zoom":1}},
{"type":"Feature","geometry":{"type":"Polygon","coordinates":[[[157.486719,-7.330371],[157.148438,-7.11377],[157.030273,-6.891992],[156.695801,-6.910938],[157.101562,-7.323633],[157.486719,-7.330371]]]},"properties":{"scalerank":0,"featurecla":"Land","min_zoom":1.5}},
{"type":"Feature","geometry":{"type":"Polygon","coordinates":[[[153.659277,-4.099316],[153.639746,-4.044727],[153.591504,-4.095996],[153.659277,-4.099316]]]},"properties":{"scalerank":0,"featurecla":"Land","min_zoom":4}},
{"type":"Feature","geometry":{"type":"Polygon","coordinates":[[[121.159375,6.075635],[120.898242,6.006934],[120.930664,5.896191],[121.218164,5.942725],[121.159375,6.075635]]]},"properties":{"scalerank":0,"featurecla":"Land","min_zoom":2}},
{"type":"Feature","geometry":{"type":"Polygon","coordinates":[[[114.412598,-7.133496],[114.383594,-7.080664],[114.298828,-7.097559],[114.346875,-7.163281],[114.412598,-7.133496]]]},"properties":{"scalerank":0,"featurecla":"Land","min_zoom":4}},
{"type":"Feature","geometry":{"type":"Polygon","coordinates":[[[134.351855,34.483643],[134.325977,34.534375],[134.182129,34.519238],[134.251855,34.423047],[134.351855,34.483643]]]},"properties":{"scalerank":0,"featurecla":"Land","min_zoom":3}},
{"type":"Feature","geometry":{"type":"Polygon","coordinates":[[[-75.112207,-47.837695],[-74.916016,-47.756641],[-75.089844,-47.690625],[-75.112207,-47.837695]]]},"properties":{"scalerank":0,"featurecla":"Land","min_zoom":3}},
{"type":"Feature","geometry":{"type":"Polygon","coordinates":[[[-74.66875,-43.607812],[-74.697461,-43.553027],[-74.817676,-43.549414],[-74.810449,-43.625391],[-74.66875,-43.607812]]]},"properties":{"scalerank":0,"featurecla":"Land","min_zoom":3}},
{"type":"Feature","geometry":{"type":"Polygon","coordinates":[[[-73.632178,-44.821484],[-73.641211,-44.61084],[-73.800146,-44.684082],[-73.632178,-44.821484]]]},"properties":{"scalerank":0,"featurecla":"Land","min_zoom":3}},
{"type":"Feature","geometry":{"type":"Polygon","coordinates":[[[-74.567285,-48.591992],[-74.729297,-48.125879],[-75.212891,-48.141699],[-74.923047,-48.626465],[-74.567285,-48.591992]]]},"properties":{"scalerank":0,"featurecla":"Land","min_zoom":0}},
{"type":"Feature","geometry":{"type":"Polygon","coordinates":[[[-64.54917,-54.716211],[-64.637354,-54.902539],[-64.105322,-54.72168],[-64.54917,-54.716211]]]},"properties":{"scalerank":0,"featurecla":"Land","min_zoom":3}},
{"type":"Feature","geometry":{"type":"Polygon","coordinates":[[[-61.875781,-39.171875],[-61.96665,-39.112207],[-62.041602,-39.166895],[-61.918018,-39.227441],[-61.875781,-39.171875]]]},"properties":{"scalerank":0,"featurecla":"Land","min_zoom":3}},
{"type":"Feature","geometry":{"type":"Polygon","coordinates":[[[-59.682666,-52.231641],[-59.681006,-52.180078],[-59.753223,-52.141406],[-59.784863,-52.204688],[-59.682666,-52.231641]]]},"properties":{"scalerank":0,"featurecla":"Land","min_zoom":4}},
{"type":"Feature","geometry":{"type":"Polygon","coordinates":[[[-61.01875,-51.785742],[-61.14502,-51.839453],[-60.947559,-51.946289],[-60.875977,-51.794238],[-61.01875,-51.785742]]]},"properties":{"scalerank":0,"featurecla":"Land","min_zoom":3}},
{"type":"Feature","geometry":{"type":"Polygon","coordinates":[[[-72.923242,-53.481641],[-73.686523,-53.426855],[-73.304736,-53.943945],[-72.20542,-53.807422],[-72.923242,-53.481641]]]},"properties":{"scalerank":0,"featurecla":"Land","min_zoom":0}},
{"type":"Feature","geometry":{"type":"Polygon","coordinates":[[[-67.079932,-55.153809],[-68.106934,-54.929395],[-68.07002,-55.221094],[-67.079932,-55.153809]]]},"properties":{"scalerank":0,"featurecla":"Land","min_zoom":0}},
{"type":"Feature","geometry":{"type":"Polygon","coordinates":[[[-70.991602,-54.867969],[-70.939844,-55.061914],[-70.543457,-55.161328],[-70.417529,-54.908887],[-70.804834,-54.967676],[-70.991602,-54.867969]]]},"properties":{"scalerank":0,"featurecla":"Land","min_zoom":0}},
{"type":"Feature","geometry":{"type":"Polygon","coordinates":[[[-67.288867,-55.776855],[-67.350586,-55.612109],[-67.559961,-55.724805],[-67.288867,-55.776855]]]},"properties":{"scalerank":0,"featurecla":"Land","min_zoom":3}},
{"type":"Feature","geometry":{"type":"Polygon","coordinates":[[[-74.558643,-51.277051],[-74.73667,-51.207617],[-75.040332,-51.318164],[-74.85332,-51.43418],[-74.558643,-51.277051]]]},"properties":{"scalerank":0,"featurecla":"Land","min_zoom":2}},
{"type":"Feature","geometry":{"type":"Polygon","coordinates":[[[-75.054785,-50.296094],[-74.875977,-50.109961],[-75.32666,-50.011816],[-75.449121,-50.343359],[-75.054785,-50.296094]]]},"properties":{"scalerank":0,"featurecla":"Land","min_zoom":0}},
{"type":"Feature","geometry":{"type":"Polygon","coordinates":[[[-74.822949,-51.630176],[-75.105371,-51.788867],[-74.851807,-52.270703],[-74.531836,-51.991992],[-74.822949,-51.630176]]]},"properties":{"scalerank":0,"featurecla":"Land","min_zoom":0}},
{"type":"Feature","geometry":{"type":"Polygon","coordinates":[[[-73.810645,-43.827246],[-74.139941,-43.820996],[-73.955664,-43.921973],[-73.810645,-43.827246]]]},"properties":{"scalerank":0,"featurecla":"Land","min_zoom":3}},
{"type":"Feature","geometry":{"type":"Polygon","coordinates":[[[-71.390479,-54.032813],[-71.996484,-53.884863],[-71.972363,-54.207227],[-71.390479,-54.032813]]]},"properties":{"scalerank":0,"featurecla":"Land","min_zoom":0}},
{"type":"Feature","geometry":{"type":"Polygon","coordinates":[[[-74.142187,-51.931055],[-74.133398,-51.870898],[-74.362109,-51.750684],[-74.423633,-51.845117],[-74.142187,-51.931055]]]},"properties":{"scalerank":0,"featurecla":"Land","min_zoom":3}},
{"type":"Feature","geometry":{"type":"Polygon","coordinates":[[[-73.735352,-44.394531],[-74.617773,-44.647949],[-74.099072,-45.325391],[-73.727148,-45.119043],[-73.983301,-44.494824],[-73.735352,-44.394531]]]},"properties":{"scalerank":0,"featurecla":"Land","min_zoom":0}},
{"type":"Feature","geometry":{"type":"Polygon","coordinates":[[[-74.312891,-45.691504],[-74.310547,-45.172656],[-74.689844,-45.662598],[-74.312891,-45.691504]]]},"properties":{"scalerank":0,"featurecla":"Land","min_zoom":0}},
{"type":"Feature","geometry":{"type":"Polygon","coordinates":[[[-73.566504,45.469092],[-73.522461,45.701172],[-73.775342,45.467627],[-73.566504,45.469092]]]},"properties":{"scalerank":0,"featurecla":"Land","min_zoom":3}},
{"type":"Feature","geometry":{"type":"Polygon","coordinates":[[[-73.695312,45.585498],[-73.724658,45.671826],[-73.857715,45.573584],[-73.695312,45.585498]]]},"properties":{"scalerank":0,"featurecla":"Land","min_zoom":3}},
{"type":"Feature","geometry":{"type":"Polygon","coordinates":[[[-60.961572,45.489941],[-60.912451,45.567285],[-61.025977,45.577344],[-61.076172,45.537305],[-60.961572,45.489941]]]},"properties":{"scalerank":0,"featurecla":"Land","min_zoom":4}},
{"type":"Feature","geometry":{"type":"Polygon","coordinates":[[[-61.914111,47.284521],[-61.886621,47.344629],[-61.582227,47.56001],[-61.627832,47.593848],[-61.924707,47.425146],[-61.914111,47.284521]]]},"properties":{"scalerank":0,"featurecla":"Land","min_zoom":3}},
{"type":"Feature","geometry":{"type":"Polygon","coordinates":[[[-64.508594,47.886719],[-64.663281,47.863037],[-64.621289,47.751904],[-64.533887,47.81377],[-64.508594,47.886719]]]},"properties":{"scalerank":0,"featurecla":"Land","min_zoom":3}},
{"type":"Feature","geometry":{"type":"Polygon","coordinates":[[[-64.476074,47.958887],[-64.540723,47.984961],[-64.591309,47.907227],[-64.476074,47.958887]]]},"properties":{"scalerank":0,"featurecla":"Land","min_zoom":4}},
{"type":"Feature","geometry":{"type":"Polygon","coordinates":[[[-71.025732,46.872949],[-70.913477,46.919531],[-70.879639,46.996094],[-71.094971,46.899561],[-71.025732,46.872949]]]},"properties":{"scalerank":0,"featurecla":"Land","min_zoom":3}},
{"type":"Feature","geometry":{"type":"Polygon","coordinates":[[[-66.273779,44.292285],[-66.210352,44.392041],[-66.250488,44.379004],[-66.311914,44.291602],[-66.273779,44.292285]]]},"properties":{"scalerank":0,"featurecla":"Land","min_zoom":4}},
{"type":"Feature","geometry":{"type":"Polygon","coordinates":[[[-68.623193,44.196045],[-68.655957,44.242334],[-68.703027,44.231982],[-68.701709,44.182666],[-68.623193,44.196045]]]},"properties":{"scalerank":0,"featurecla":"Land","min_zoom":4}},
{"type":"Feature","geometry":{"type":"Polygon","coordinates":[[[-66.7625,44.681787],[-66.844727,44.763916],[-66.89707,44.628906],[-66.7625,44.681787]]]},"properties":{"scalerank":0,"featurecla":"Land","min_zoom":3}},
{"type":"Feature","geometry":{"type":"Polygon","coordinates":[[[-68.187256,44.332471],[-68.299414,44.456494],[-68.411719,44.294336],[-68.187256,44.332471]]]},"properties":{"scalerank":0,"featurecla":"Land","min_zoom":3}},
{"type":"Feature","geometry":{"type":"Polygon","coordinates":[[[113.844531,-7.105371],[113.974707,-6.873047],[112.868066,-6.899902],[112.76377,-7.139648],[113.470703,-7.218457],[113.844531,-7.105371]]]},"properties":{"scalerank":0,"featurecla":"Land","min_zoom":2}},
{"type":"Feature","geometry":{"type":"Polygon","coordinates":[[[158.878809,-54.709766],[158.945605,-54.575],[158.896973,-54.506055],[158.835938,-54.704004],[158.878809,-54.709766]]]},"properties":{"scalerank":0,"featurecla":"Land","min_zoom":4}},
{"type":"Feature","geometry":{"type":"Polygon","coordinates":[[[-173.953516,-18.639355],[-174.002441,-18.570703],[-174.069141,-18.640234],[-174.009326,-18.697754],[-173.953516,-18.639355]]]},"properties":{"scalerank":0,"featurecla":"Land","min_zoom":3}},
{"type":"Feature","geometry":{"type":"Polygon","coordinates":[[[-151.409814,-16.877734],[-151.411182,-16.774414],[-151.476416,-16.760742],[-151.485498,-16.863672],[-151.409814,-16.877734]]]},"properties":{"scalerank":0,"featurecla":"Land","min_zoom":3}},
{"type":"Feature","geometry":{"type":"Polygon","coordinates":[[[-157.342139,1.855566],[-157.420117,1.787549],[-157.246143,1.731738],[-157.342139,1.855566]]]},"properties":{"scalerank":0,"featurecla":"Land","min_zoom":3}},
{"type":"Feature","geometry":{"type":"Polygon","coordinates":[[[-139.024316,-9.695215],[-139.134082,-9.829492],[-138.874951,-9.792871],[-139.024316,-9.695215]]]},"properties":{"scalerank":0,"featurecla":"Land","min_zoom":3}},
{"type":"Feature","geometry":{"type":"Polygon","coordinates":[[[-139.059717,-9.931348],[-139.134229,-9.92627],[-139.133984,-10.00957],[-139.059717,-9.931348]]]},"properties":{"scalerank":0,"featurecla":"Land","min_zoom":4}},
{"type":"Feature","geometry":{"type":"Polygon","coordinates":[[[-138.651123,-10.515332],[-138.624463,-10.462988],[-138.690381,-10.425586],[-138.687744,-10.532422],[-138.651123,-10.515332]]]},"properties":{"scalerank":0,"featurecla":"Land","min_zoom":4}},
{"type":"Feature","geometry":{"type":"Polygon","coordinates":[[[-149.321533,-17.690039],[-149.379199,-17.522363],[-149.611426,-17.531641],[-149.578906,-17.734961],[-149.321533,-17.690039]]]},"properties":{"scalerank":0,"featurecla":"Land","min_zoom":2}},
{"type":"Feature","geometry":{"type":"Polygon","coordinates":[[[-140.072607,-8.910449],[-140.057666,-8.801465],[-140.224414,-8.781543],[-140.217432,-8.929688],[-140.072607,-8.910449]]]},"properties":{"scalerank":0,"featurecla":"Land","min_zoom":3}},
{"type":"Feature","geometry":{"type":"Polygon","coordinates":[[[-140.075635,-9.425977],[-140.031104,-9.344727],[-140.144385,-9.359375],[-140.075635,-9.425977]]]},"properties":{"scalerank":0,"featurecla":"Land","min_zoom":4}},
{"type":"Feature","geometry":{"type":"Polygon","coordinates":[[[-172.333496,-13.465234],[-172.744092,-13.578711],[-172.535693,-13.791699],[-172.224951,-13.804297],[-172.333496,-13.465234]]]},"properties":{"scalerank":0,"featurecla":"Land","min_zoom":2}},
{"type":"Feature","geometry":{"type":"Polygon","coordinates":[[[-178.956494,-17.272852],[-178.921143,-17.208398],[-179.005029,-17.14834],[-179.014941,-17.182422],[-178.971484,-17.212695],[-178.956494,-17.272852]]]},"properties":{"scalerank":0,"featurecla":"Land","min_zoom":4}},
{"type":"Feature","geometry":{"type":"Polygon","coordinates":[[[-159.339063,3.923535],[-159.373193,3.880518],[-159.30625,3.838379],[-159.259326,3.839209],[-159.339063,3.923535]]]},"properties":{"scalerank":0,"featurecla":"Land","min_zoom":4}},
{"type":"Feature","geometry":{"type":"Polygon","coordinates":[[[-171.454102,-14.046484],[-171.603906,-13.879199],[-171.858154,-13.807129],[-172.028076,-13.906836],[-171.728223,-14.047266],[-171.454102,-14.046484]]]},"properties":{"scalerank":0,"featurecla":"Land","min_zoom":2}},
{"type":"Feature","geometry":{"type":"Polygon","coordinates":[[[-170.72627,-14.351172],[-170.68916,-14.257422],[-170.820508,-14.312109],[-170.72627,-14.351172]]]},"properties":{"scalerank":0,"featurecla":"Land","min_zoom":3}},
{"type":"Feature","geometry":{"type":"Polygon","coordinates":[[[-169.803418,-19.083008],[-169.834033,-18.966016],[-169.94834,-19.072852],[-169.903809,-19.137891],[-169.803418,-19.083008]]]},"properties":{"scalerank":0,"featurecla":"Land","min_zoom":3}},
{"type":"Feature","geometry":{"type":"Polygon","coordinates":[[[-176.160596,-13.332813],[-176.128076,-13.268164],[-176.171191,-13.242578],[-176.195361,-13.30166],[-176.160596,-13.332813]]]},"properties":{"scalerank":0,"featurecla":"Land","min_zoom":4}},
{"type":"Feature","geometry":{"type":"Polygon","coordinates":[[[-174.913135,-21.300488],[-174.972949,-21.349805],[-174.918652,-21.450586],[-174.913135,-21.300488]]]},"properties":{"scalerank":0,"featurecla":"Land","min_zoom":4}},
{"type":"Feature","geometry":{"type":"Polygon","coordinates":[[[134.59541,7.382031],[134.65957,7.663281],[134.555957,7.593945],[134.50625,7.437109],[134.59541,7.382031]]]},"properties":{"scalerank":0,"featurecla":"Land","min_zoom":3}},
{"type":"Feature","geometry":{"type":"Polygon","coordinates":[[[145.777539,18.078955],[145.835449,18.136768],[145.789258,18.15542],[145.777539,18.078955]]]},"properties":{"scalerank":0,"featurecla":"Land","min_zoom":4}},
{"type":"Feature","geometry":{"type":"Polygon","coordinates":[[[145.751953,15.133154],[145.782324,15.174609],[145.713184,15.215283],[145.684277,15.125098],[145.751953,15.133154]]]},"properties":{"scalerank":0,"featurecla":"Land","min_zoom":3}},
{"type":"Feature","geometry":{"type":"Polygon","coordinates":[[[144.741797,13.259277],[144.790332,13.526855],[144.649316,13.428711],[144.741797,13.259277]]]},"properties":{"scalerank":0,"featurecla":"Land","min_zoom":3}},
{"type":"Feature","geometry":{"type":"Polygon","coordinates":[[[145.662305,14.970508],[145.647363,15.059473],[145.586719,15.030811],[145.662305,14.970508]]]},"properties":{"scalerank":0,"featurecla":"Land","min_zoom":4}},
{"type":"Feature","geometry":{"type":"Polygon","coordinates":[[[138.142676,9.500684],[138.213574,9.547217],[138.18584,9.593311],[138.116895,9.550195],[138.142676,9.500684]]]},"properties":{"scalerank":0,"featurecla":"Land","min_zoom":3}},
{"type":"Feature","geometry":{"type":"Polygon","coordinates":[[[178.487891,-18.974121],[178.334277,-18.934473],[178.358984,-19.045605],[178.487891,-18.974121]]]},"properties":{"scalerank":0,"featurecla":"Land","min_zoom":3}},
{"type":"Feature","geometry":{"type":"Polygon","coordinates":[[[167.584863,-14.260938],[167.506445,-14.142188],[167.403516,-14.281543],[167.584863,-14.260938]]]},"properties":{"scalerank":0,"featurecla":"Land","min_zoom":3}},
{"type":"Feature","geometry":{"type":"Polygon","coordinates":[[[167.488867,-13.907227],[167.547266,-13.77666],[167.391797,-13.788379],[167.488867,-13.907227]]]},"properties":{"scalerank":0,"featurecla":"Land","min_zoom":3}},
{"type":"Feature","geometry":{"type":"Polygon","coordinates":[[[169.896289,-20.186621],[169.852344,-20.147949],[169.750684,-20.15332],[169.7375,-20.202148],[169.861133,-20.241797],[169.896289,-20.186621]]]},"properties":{"scalerank":0,"featurecla":"Land","min_zoom":3}},
{"type":"Feature","geometry":{"type":"Polygon","coordinates":[[[169.491309,-19.540137],[169.247461,-19.344727],[169.21748,-19.476367],[169.347266,-19.623535],[169.491309,-19.540137]]]},"properties":{"scalerank":0,"featurecla":"Land","min_zoom":3}},
{"type":"Feature","geometry":{"type":"Polygon","coordinates":[[[169.334375,-18.940234],[169.143848,-18.631055],[168.986914,-18.871289],[169.334375,-18.940234]]]},"properties":{"scalerank":0,"featurecla":"Land","min_zoom":2}},
{"type":"Feature","geometry":{"type":"Polygon","coordinates":[[[168.010938,-21.42998],[167.875879,-21.582129],[168.120703,-21.61582],[168.010938,-21.42998]]]},"properties":{"scalerank":0,"featurecla":"Land","min_zoom":2}},
{"type":"Feature","geometry":{"type":"Polygon","coordinates":[[[166.546777,-20.69873],[166.622559,-20.596289],[166.585449,-20.450488],[166.546777,-20.69873]]]},"properties":{"scalerank":0,"featurecla":"Land","min_zoom":3}},
{"type":"Feature","geometry":{"type":"Polygon","coordinates":[[[167.400879,-21.160645],[167.293457,-20.891504],[167.133887,-21.060645],[167.400879,-21.160645]]]},"properties":{"scalerank":0,"featurecla":"Land","min_zoom":2}},
{"type":"Feature","geometry":{"type":"Polygon","coordinates":[[[167.544434,-22.623242],[167.443457,-22.541406],[167.42207,-22.618555],[167.544434,-22.623242]]]},"properties":{"scalerank":0,"featurecla":"Land","min_zoom":3}},
{"type":"Feature","geometry":{"type":"Polygon","coordinates":[[[159.951758,-19.311719],[159.975098,-19.238281],[159.959863,-19.114648],[159.928223,-19.174316],[159.951758,-19.311719]]]},"properties":{"scalerank":0,"featurecla":"Land","min_zoom":4}},
{"type":"Feature","geometry":{"type":"Polygon","coordinates":[[[166.929199,-11.665137],[166.855469,-11.578809],[166.805957,-11.677344],[166.929199,-11.665137]]]},"properties":{"scalerank":0,"featurecla":"Land","min_zoom":3}},
{"type":"Feature","geometry":{"type":"Polygon","coordinates":[[[166.133203,-10.757812],[166.023828,-10.661133],[165.90918,-10.674316],[165.791016,-10.784766],[166.133203,-10.757812]]]},"properties":{"scalerank":0,"featurecla":"Land","min_zoom":3}},
{"type":"Feature","geometry":{"type":"Polygon","coordinates":[[[160.57627,-11.797852],[160.077344,-11.492871],[160.003516,-11.57959],[160.57627,-11.797852]]]},"properties":{"scalerank":0,"featurecla":"Land","min_zoom":2}},
{"type":"Feature","geometry":{"type":"Polygon","coordinates":[[[160.749414,-8.313965],[160.59043,-8.372754],[160.873438,-9.156836],[161.258496,-9.316895],[160.997656,-8.612012],[160.749414,-8.313965]]]},"properties":{"scalerank":0,"featurecla":"Land","min_zoom":1.5}},
{"type":"Feature","geometry":{"type":"Polygon","coordinates":[[[161.715332,-10.387305],[161.537891,-10.566406],[162.123633,-10.824414],[162.105371,-10.453809],[161.715332,-10.387305]]]},"properties":{"scalerank":0,"featurecla":"Land","min_zoom":1.5}},
{"type":"Feature","geometry":{"type":"Polygon","coordinates":[[[161.547852,-9.625684],[161.406836,-9.368457],[161.409766,-9.681641],[161.547852,-9.625684]]]},"properties":{"scalerank":0,"featurecla":"Land","min_zoom":1}},
{"type":"Feature","geometry":{"type":"Polygon","coordinates":[[[159.188574,-9.123535],[159.129785,-8.993066],[159.036328,-9.075],[159.188574,-9.123535]]]},"properties":{"scalerank":0,"featurecla":"Land","min_zoom":3}},
{"type":"Feature","geometry":{"type":"Polygon","coordinates":[[[160.168164,-8.995508],[160.096289,-9.033984],[160.371484,-9.18125],[160.253516,-9.007324],[160.168164,-8.995508]]]},"properties":{"scalerank":0,"featurecla":"Land","min_zoom":3}},
{"type":"Feature","geometry":{"type":"Polygon","coordinates":[[[159.687695,-8.50791],[159.594629,-8.379492],[159.538477,-8.451367],[159.687695,-8.50791]]]},"properties":{"scalerank":0,"featurecla":"Land","min_zoom":3}},
{"type":"Feature","geometry":{"type":"Polygon","coordinates":[[[157.763477,-8.242188],[157.433398,-7.984668],[157.351367,-8.275293],[157.763477,-8.242188]]]},"properties":{"scalerank":0,"featurecla":"Land","min_zoom":2}},
{"type":"Feature","geometry":{"type":"Polygon","coordinates":[[[158.200781,-8.821973],[158.253418,-8.797363],[158.209961,-8.678125],[158.155371,-8.785938],[158.200781,-8.821973]]]},"properties":{"scalerank":0,"featurecla":"Land","min_zoom":4}},
{"type":"Feature","geometry":{"type":"Polygon","coordinates":[[[158.10791,-8.68418],[157.998438,-8.508203],[157.879297,-8.66875],[158.10791,-8.68418]]]},"properties":{"scalerank":0,"featurecla":"Land","min_zoom":3}},
{"type":"Feature","geometry":{"type":"Polygon","coordinates":[[[157.388965,-8.713477],[157.332227,-8.650684],[157.410938,-8.475098],[157.345117,-8.432422],[157.212305,-8.565039],[157.388965,-8.713477]]]},"properties":{"scalerank":0,"featurecla":"Land","min_zoom":3}},
{"type":"Feature","geometry":{"type":"Polygon","coordinates":[[[156.687891,-7.923047],[156.809082,-7.722852],[156.560938,-7.574023],[156.510938,-7.707813],[156.687891,-7.923047]]]},"properties":{"scalerank":0,"featurecla":"Land","min_zoom":2}},
{"type":"Feature","geometry":{"type":"Polygon","coordinates":[[[156.603906,-8.171582],[156.612402,-8.096191],[156.55127,-7.970996],[156.539648,-8.072949],[156.603906,-8.171582]]]},"properties":{"scalerank":0,"featurecla":"Land","min_zoom":3}},
{"type":"Feature","geometry":{"type":"Polygon","coordinates":[[[157.171875,-8.108105],[157.102734,-7.855469],[156.958984,-7.937988],[157.171875,-8.108105]]]},"properties":{"scalerank":0,"featurecla":"Land","min_zoom":2}},
{"type":"Feature","geometry":{"type":"Polygon","coordinates":[[[155.839844,-7.097168],[155.738965,-6.972949],[155.677539,-7.088965],[155.839844,-7.097168]]]},"properties":{"scalerank":0,"featurecla":"Land","min_zoom":3}},
{"type":"Feature","geometry":{"type":"Polygon","coordinates":[[[162.983203,5.325732],[162.929883,5.300781],[162.993457,5.277246],[162.983203,5.325732]]]},"properties":{"scalerank":0,"featurecla":"Land","min_zoom":4}},
{"type":"Feature","geometry":{"type":"Polygon","coordinates":[[[158.314844,6.813672],[158.294629,6.951074],[158.134766,6.944824],[158.183398,6.80127],[158.314844,6.813672]]]},"properties":{"scalerank":0,"featurecla":"Land","min_zoom":3}},
{"type":"Feature","geometry":{"type":"Polygon","coordinates":[[[175.543164,-36.279297],[175.409375,-36.070898],[175.346191,-36.217773],[175.543164,-36.279297]]]},"properties":{"scalerank":0,"featurecla":"Land","min_zoom":3}},
{"type":"Feature","geometry":{"type":"Polygon","coordinates":[[[173.914648,-40.863672],[173.964453,-40.712988],[173.812402,-40.793652],[173.914648,-40.863672]]]},"properties":{"scalerank":0,"featurecla":"Land","min_zoom":3}},
{"type":"Feature","geometry":{"type":"Polygon","coordinates":[[[166.746289,-45.655859],[166.685645,-45.615039],[166.532031,-45.699805],[166.729199,-45.729688],[166.746289,-45.655859]]]},"properties":{"scalerank":0,"featurecla":"Land","min_zoom":3}},
{"type":"Feature","geometry":{"type":"Polygon","coordinates":[[[-176.177637,-43.740332],[-176.566113,-43.717578],[-176.515527,-44.116602],[-176.333838,-44.048438],[-176.500146,-43.860156],[-176.177637,-43.740332]]]},"properties":{"scalerank":0,"featurecla":"Land","min_zoom":2}},
{"type":"Feature","geometry":{"type":"Polygon","coordinates":[[[-176.176465,-44.32168],[-176.122559,-44.268457],[-176.154687,-44.224512],[-176.229297,-44.236719],[-176.176465,-44.32168]]]},"properties":{"scalerank":0,"featurecla":"Land","min_zoom":4}},
{"type":"Feature","geometry":{"type":"Polygon","coordinates":[[[169.178223,-52.497266],[169.039844,-52.528516],[169.127539,-52.570312],[169.233496,-52.548242],[169.178223,-52.497266]]]},"properties":{"scalerank":0,"featurecla":"Land","min_zoom":4}},
{"type":"Feature","geometry":{"type":"Polygon","coordinates":[[[166.221094,-50.761523],[166.225098,-50.530957],[165.88916,-50.807715],[166.221094,-50.761523]]]},"properties":{"scalerank":0,"featurecla":"Land","min_zoom":3}},
{"type":"Feature","geometry":{"type":"Polygon","coordinates":[[[168.144922,-46.862207],[167.955762,-46.694434],[167.629004,-47.142285],[168.240918,-47.07002],[168.144922,-46.862207]]]},"properties":{"scalerank":0,"featurecla":"Land","min_zoom":2}},
{"type":"Feature","geometry":{"type":"Polygon","coordinates":[[[137.093652,-15.778125],[137.00957,-15.594824],[136.942676,-15.711719],[137.093652,-15.778125]]]},"properties":{"scalerank":0,"featurecla":"Land","min_zoom":3}},
{"type":"Feature","geometry":{"type":"Polygon","coordinates":[[[136.862695,-15.619922],[136.890234,-15.588867],[136.876855,-15.502539],[136.845605,-15.544043],[136.862695,-15.619922]]]},"properties":{"scalerank":0,"featurecla":"Land","min_zoom":4}},
{"type":"Feature","geometry":{"type":"Polygon","coordinates":[[[136.591016,-15.628223],[136.612305,-15.544141],[136.522559,-15.543164],[136.514258,-15.627344],[136.591016,-15.628223]]]},"properties":{"scalerank":0,"featurecla":"Land","min_zoom":3}},
{"type":"Feature","geometry":{"type":"Polygon","coordinates":[[[132.593359,-11.302832],[132.629102,-11.169141],[132.593262,-10.997656],[132.483789,-11.037305],[132.49375,-11.163672],[132.593359,-11.302832]]]},"properties":{"scalerank":0,"featurecla":"Land","min_zoom":3}},
{"type":"Feature","geometry":{"type":"Polygon","coordinates":[[[149.04375,-20.291504],[148.981055,-20.153516],[148.938867,-20.283691],[149.04375,-20.291504]]]},"properties":{"scalerank":0,"featurecla":"Land","min_zoom":4}},
{"type":"Feature","geometry":{"type":"Polygon","coordinates":[[[148.935547,-20.149902],[148.95625,-20.134668],[148.931641,-20.068945],[148.886914,-20.143555],[148.935547,-20.149902]]]},"properties":{"scalerank":0,"featurecla":"Land","min_zoom":4}},
{"type":"Feature","geometry":{"type":"Polygon","coordinates":[[[146.27832,-18.23125],[146.116211,-18.292383],[146.235645,-18.450781],[146.341992,-18.400098],[146.27832,-18.23125]]]},"properties":{"scalerank":0,"featurecla":"Land","min_zoom":3}},
{"type":"Feature","geometry":{"type":"Polygon","coordinates":[[[142.274805,-10.704785],[142.197949,-10.591992],[142.131055,-10.640625],[142.191406,-10.762012],[142.274805,-10.704785]]]},"properties":{"scalerank":0,"featurecla":"Land","min_zoom":3}},
{"type":"Feature","geometry":{"type":"Polygon","coordinates":[[[142.338965,-10.192188],[142.21875,-10.149414],[142.216211,-10.235645],[142.279395,-10.254199],[142.338965,-10.192188]]]},"properties":{"scalerank":0,"featurecla":"Land","min_zoom":3}},
{"type":"Feature","geometry":{"type":"Polygon","coordinates":[[[142.167578,-10.154102],[142.191992,-10.085254],[142.148828,-10.051758],[142.097656,-10.121777],[142.167578,-10.154102]]]},"properties":{"scalerank":0,"featurecla":"Land","min_zoom":4}},
{"type":"Feature","geometry":{"type":"Polygon","coordinates":[[[139.507812,-16.573047],[139.292969,-16.467285],[139.15957,-16.741699],[139.507812,-16.573047]]]},"properties":{"scalerank":0,"featurecla":"Land","min_zoom":2}},
{"type":"Feature","geometry":{"type":"Polygon","coordinates":[[[139.45918,-17.114551],[139.570898,-17.094434],[139.492773,-16.99043],[139.45918,-17.114551]]]},"properties":{"scalerank":0,"featurecla":"Land","min_zoom":3}},
{"type":"Feature","geometry":{"type":"Polygon","coordinates":[[[136.714648,-13.803906],[136.424707,-13.864844],[136.363281,-14.228906],[136.894336,-14.293066],[136.714648,-13.803906]]]},"properties":{"scalerank":0,"featurecla":"Land","min_zoom":2}},
{"type":"Feature","geometry":{"type":"Polygon","coordinates":[[[136.237402,-13.824512],[136.275391,-13.791113],[136.21543,-13.664746],[136.122656,-13.816602],[136.237402,-13.824512]]]},"properties":{"scalerank":0,"featurecla":"Land","min_zoom":3}},
{"type":"Feature","geometry":{"type":"Polygon","coordinates":[[[136.598535,-11.378906],[136.741406,-11.194629],[136.649023,-11.211621],[136.559766,-11.35791],[136.598535,-11.378906]]]},"properties":{"scalerank":0,"featurecla":"Land","min_zoom":3}},
{"type":"Feature","geometry":{"type":"Polygon","coordinates":[[[136.338672,-11.602344],[136.470508,-11.509277],[136.449219,-11.487109],[136.267383,-11.576465],[136.338672,-11.602344]]]},"properties":{"scalerank":0,"featurecla":"Land","min_zoom":3}},
{"type":"Feature","geometry":{"type":"Polygon","coordinates":[[[130.459277,-11.679297],[130.339258,-11.337012],[130.152832,-11.477539],[130.197559,-11.658203],[130.459277,-11.679297]]]},"properties":{"scalerank":0,"featurecla":"Land","min_zoom":2}},
{"type":"Feature","geometry":{"type":"Polygon","coordinates":[[[130.618848,-11.376074],[130.644922,-11.742383],[130.950977,-11.926465],[131.538574,-11.436914],[131.268262,-11.189844],[130.618848,-11.376074]]]},"properties":{"scalerank":0,"featurecla":"Land","min_zoom":2}},
{"type":"Feature","geometry":{"type":"Polygon","coordinates":[[[125.198828,-14.579492],[125.198145,-14.474805],[125.117383,-14.491992],[125.091211,-14.591699],[125.198828,-14.579492]]]},"properties":{"scalerank":0,"featurecla":"Land","min_zoom":3}},
{"type":"Feature","geometry":{"type":"Polygon","coordinates":[[[124.597266,-15.401953],[124.605078,-15.356543],[124.519336,-15.26748],[124.482813,-15.340332],[124.597266,-15.401953]]]},"properties":{"scalerank":0,"featurecla":"Land","min_zoom":3}},
{"type":"Feature","geometry":{"type":"Polygon","coordinates":[[[115.446191,-20.787793],[115.43457,-20.667969],[115.308594,-20.811133],[115.388086,-20.866016],[115.446191,-20.787793]]]},"properties":{"scalerank":0,"featurecla":"Land","min_zoom":3}},
{"type":"Feature","geometry":{"type":"Polygon","coordinates":[[[113.183008,-26.053125],[112.982422,-25.520215],[112.908203,-25.569824],[112.964258,-25.783105],[113.183008,-26.053125]]]},"properties":{"scalerank":0,"featurecla":"Land","min_zoom":3}},
{"type":"Feature","geometry":{"type":"Polygon","coordinates":[[[147.356055,-43.396973],[147.3125,-43.280273],[147.163086,-43.430273],[147.308887,-43.500781],[147.356055,-43.396973]]]},"properties":{"scalerank":0,"featurecla":"Land","min_zoom":3}},
{"type":"Feature","geometry":{"type":"Polygon","coordinates":[[[148.104297,-42.710449],[148.169531,-42.651758],[148.072559,-42.593164],[148.022754,-42.64043],[148.104297,-42.710449]]]},"properties":{"scalerank":0,"featurecla":"Land","min_zoom":3}},
{"type":"Feature","geometry":{"type":"Polygon","coordinates":[[[147.43457,-43.240723],[147.397266,-43.118262],[147.319141,-43.145313],[147.348828,-43.232422],[147.43457,-43.240723]]]},"properties":{"scalerank":0,"featurecla":"Land","min_zoom":3}},
{"type":"Feature","geometry":{"type":"Polygon","coordinates":[[[144.784375,-40.506738],[144.710156,-40.485254],[144.748047,-40.589453],[144.784375,-40.506738]]]},"properties":{"scalerank":0,"featurecla":"Land","min_zoom":4}},
{"type":"Feature","geometry":{"type":"Polygon","coordinates":[[[143.92793,-40.116113],[144.141016,-39.953809],[144.091309,-39.638086],[143.861816,-39.737988],[143.92793,-40.116113]]]},"properties":{"scalerank":0,"featurecla":"Land","min_zoom":2}},
{"type":"Feature","geometry":{"type":"Polygon","coordinates":[[[148.32627,-40.306934],[148.102539,-40.45166],[148.474219,-40.432422],[148.32627,-40.306934]]]},"properties":{"scalerank":0,"featurecla":"Land","min_zoom":3}},
{"type":"Feature","geometry":{"type":"Polygon","coordinates":[[[148.000391,-39.757617],[147.890527,-40.014551],[148.105664,-40.262109],[148.297363,-39.985742],[148.000391,-39.757617]]]},"properties":{"scalerank":0,"featurecla":"Land","min_zoom":2}},
{"type":"Feature","geometry":{"type":"Polygon","coordinates":[[[148.236914,-40.515137],[148.117285,-40.521484],[148.187793,-40.592578],[148.236914,-40.515137]]]},"properties":{"scalerank":0,"featurecla":"Land","min_zoom":4}},
{"type":"Feature","geometry":{"type":"Polygon","coordinates":[[[137.596484,-35.738672],[137.334082,-35.59248],[136.638672,-35.748828],[136.755078,-36.033105],[137.448438,-36.074805],[137.596484,-35.738672]]]},"properties":{"scalerank":0,"featurecla":"Land","min_zoom":2}},
{"type":"Feature","geometry":{"type":"Polygon","coordinates":[[[145.486523,-38.354883],[145.295313,-38.318945],[145.33584,-38.420996],[145.486523,-38.354883]]]},"properties":{"scalerank":0,"featurecla":"Land","min_zoom":3}},
{"type":"Feature","geometry":{"type":"Polygon","coordinates":[[[145.314453,-38.49082],[145.217773,-38.458594],[145.128418,-38.527637],[145.270898,-38.519727],[145.314453,-38.49082]]]},"properties":{"scalerank":0,"featurecla":"Land","min_zoom":4}},
{"type":"Feature","geometry":{"type":"Polygon","coordinates":[[[153.53877,-27.436426],[153.435449,-27.405371],[153.395801,-27.665039],[153.452734,-27.711719],[153.53877,-27.436426]]]},"properties":{"scalerank":0,"featurecla":"Land","min_zoom":3}},
{"type":"Feature","geometry":{"type":"Polygon","coordinates":[[[153.44248,-27.316016],[153.426367,-27.201465],[153.466797,-27.038086],[153.379883,-27.049414],[153.376563,-27.235352],[153.44248,-27.316016]]]},"properties":{"scalerank":0,"featurecla":"Land","min_zoom":3}},
{"type":"Feature","geometry":{"type":"Polygon","coordinates":[[[153.077441,-25.750781],[153.350195,-25.063086],[153.038086,-25.193164],[153.077441,-25.750781]]]},"properties":{"scalerank":0,"featurecla":"Land","min_zoom":2}},
{"type":"Feature","geometry":{"type":"Polygon","coordinates":[[[151.146582,-23.49082],[151.033301,-23.530176],[151.18418,-23.740723],[151.295801,-23.720313],[151.146582,-23.49082]]]},"properties":{"scalerank":0,"featurecla":"Land","min_zoom":3}},
{"type":"Feature","geometry":{"type":"Polygon","coordinates":[[[150.516699,-22.322559],[150.548828,-22.306934],[150.521484,-22.22832],[150.462402,-22.307715],[150.516699,-22.322559]]]},"properties":{"scalerank":0,"featurecla":"Land","min_zoom":4}},
{"type":"Feature","geometry":{"type":"Polygon","coordinates":[[[149.92832,-22.193066],[149.912305,-22.04873],[149.875391,-22.074023],[149.869531,-22.150391],[149.92832,-22.193066]]]},"properties":{"scalerank":0,"featurecla":"Land","min_zoom":4}},
{"type":"Feature","geometry":{"type":"Polygon","coordinates":[[[117.355273,8.214648],[117.353711,8.289258],[117.280859,8.31499],[117.287012,8.191016],[117.355273,8.214648]]]},"properties":{"scalerank":0,"featurecla":"Land","min_zoom":3}},
{"type":"Feature","geometry":{"type":"Polygon","coordinates":[[[117.079883,7.883398],[117.077051,8.069141],[116.993555,8.050537],[116.969531,7.894922],[117.079883,7.883398]]]},"properties":{"scalerank":0,"featurecla":"Land","min_zoom":3}},
{"type":"Feature","geometry":{"type":"Polygon","coordinates":[[[119.916211,10.485986],[120.008398,10.570117],[119.852051,10.640137],[119.764453,10.551611],[119.916211,10.485986]]]},"properties":{"scalerank":0,"featurecla":"Land","min_zoom":3}},
{"type":"Feature","geometry":{"type":"Polygon","coordinates":[[[119.861426,11.525342],[119.72998,11.431934],[119.854883,11.393066],[119.861426,11.525342]]]},"properties":{"scalerank":0,"featurecla":"Land","min_zoom":3}},
{"type":"Feature","geometry":{"type":"Polygon","coordinates":[[[120.1,12.167676],[120.010547,12.008252],[120.314551,12.012402],[120.1,12.167676]]]},"properties":{"scalerank":0,"featurecla":"Land","min_zoom":2}},
{"type":"Feature","geometry":{"type":"Polygon","coordinates":[[[120.03877,11.70332],[120.035937,11.917236],[119.860938,11.953955],[119.963867,11.669385],[120.03877,11.70332]]]},"properties":{"scalerank":0,"featurecla":"Land","min_zoom":3}},
{"type":"Feature","geometry":{"type":"Polygon","coordinates":[[[122.649512,10.472705],[122.737207,10.65459],[122.5375,10.607568],[122.649512,10.472705]]]},"properties":{"scalerank":0,"featurecla":"Land","min_zoom":3}},
{"type":"Feature","geometry":{"type":"Polygon","coordinates":[[[123.370313,9.449609],[123.643359,10.020215],[123.952148,10.316602],[123.711426,10.473682],[123.38623,9.96709],[123.370313,9.449609]]]},"properties":{"scalerank":0,"featurecla":"Land","min_zoom":1}},
{"type":"Feature","geometry":{"type":"Polygon","coordinates":[[[123.757031,11.283301],[123.736719,11.151465],[123.815625,11.150732],[123.757031,11.283301]]]},"properties":{"scalerank":0,"featurecla":"Land","min_zoom":3}},
{"type":"Feature","geometry":{"type":"Polygon","coordinates":[[[124.593848,9.787207],[124.172852,10.135205],[123.935645,9.623975],[124.593848,9.787207]]]},"properties":{"scalerank":0,"featurecla":"Land","min_zoom":2}},
{"type":"Feature","geometry":{"type":"Polygon","coordinates":[[[124.806641,9.142627],[124.736816,9.243164],[124.66582,9.132324],[124.806641,9.142627]]]},"properties":{"scalerank":0,"featurecla":"Land","min_zoom":3}},
{"type":"Feature","geometry":{"type":"Polygon","coordinates":[[[123.697656,9.237305],[123.493457,9.19209],[123.614453,9.10332],[123.697656,9.237305]]]},"properties":{"scalerank":0,"featurecla":"Land","min_zoom":3}},
{"type":"Feature","geometry":{"type":"Polygon","coordinates":[[[120.250391,5.256592],[120.208008,5.340088],[119.827344,5.133154],[120.191602,5.168311],[120.250391,5.256592]]]},"properties":{"scalerank":0,"featurecla":"Land","min_zoom":3}},
{"type":"Feature","geometry":{"type":"Polygon","coordinates":[[[122.092871,6.42832],[122.058301,6.740723],[121.808691,6.613721],[122.092871,6.42832]]]},"properties":{"scalerank":0,"featurecla":"Land","min_zoom":2}},
{"type":"Feature","geometry":{"type":"Polygon","coordinates":[[[126.059375,9.766211],[126.129492,9.943555],[126.073828,10.059229],[125.991211,9.838525],[126.059375,9.766211]]]},"properties":{"scalerank":0,"featurecla":"Land","min_zoom":3}},
{"type":"Feature","geometry":{"type":"Polygon","coordinates":[[[125.690234,9.914453],[125.64668,10.24541],[125.494824,10.118701],[125.690234,9.914453]]]},"properties":{"scalerank":0,"featurecla":"Land","min_zoom":2}},
{"type":"Feature","geometry":{"type":"Polygon","coordinates":[[[120.271289,13.750684],[120.211426,13.820654],[120.104199,13.782373],[120.272852,13.682959],[120.271289,13.750684]]]},"properties":{"scalerank":0,"featurecla":"Land","min_zoom":3}},
{"type":"Feature","geometry":{"type":"Polygon","coordinates":[[[121.914844,13.540332],[121.829199,13.328613],[122.004883,13.20498],[122.114551,13.463184],[121.914844,13.540332]]]},"properties":{"scalerank":0,"featurecla":"Land","min_zoom":2}},
{"type":"Feature","geometry":{"type":"Polygon","coordinates":[[[122.094043,12.354883],[122.131641,12.537549],[122.001563,12.598535],[121.989453,12.435303],[122.094043,12.354883]]]},"properties":{"scalerank":0,"featurecla":"Land","min_zoom":2}},
{"type":"Feature","geometry":{"type":"Polygon","coordinates":[[[122.31084,12.528809],[122.2875,12.589258],[122.247852,12.556934],[122.260938,12.503076],[122.31084,12.528809]]]},"properties":{"scalerank":0,"featurecla":"Land","min_zoom":4}},
{"type":"Feature","geometry":{"type":"Polygon","coordinates":[[[122.654492,12.309033],[122.603613,12.491602],[122.422949,12.455078],[122.654492,12.309033]]]},"properties":{"scalerank":0,"featurecla":"Land","min_zoom":3}},
{"type":"Feature","geometry":{"type":"Polygon","coordinates":[[[123.281836,12.853418],[123.20625,12.90542],[123.043555,13.113379],[122.949023,13.058691],[123.054199,12.993457],[123.166406,12.875879],[123.281836,12.853418]]]},"properties":{"scalerank":0,"featurecla":"Land","min_zoom":3}},
{"type":"Feature","geometry":{"type":"Polygon","coordinates":[[[123.775391,12.453906],[123.708691,12.610791],[123.587207,12.633301],[123.741504,12.398535],[123.775391,12.453906]]]},"properties":{"scalerank":0,"featurecla":"Land","min_zoom":3}},
{"type":"Feature","geometry":{"type":"Polygon","coordinates":[[[123.716602,12.287354],[123.418848,12.194238],[123.982715,11.818896],[124.040332,11.966797],[123.716602,12.287354]]]},"properties":{"scalerank":0,"featurecla":"Land","min_zoom":2}},
{"type":"Feature","geometry":{"type":"Polygon","coordinates":[[[124.353613,13.632227],[124.417188,13.871045],[124.224902,14.077588],[124.038867,13.663135],[124.353613,13.632227]]]},"properties":{"scalerank":0,"featurecla":"Land","min_zoom":2}},
{"type":"Feature","geometry":{"type":"Polygon","coordinates":[[[122.175391,14.048828],[121.95918,14.22876],[121.95625,14.156055],[122.175391,14.048828]]]},"properties":{"scalerank":0,"featurecla":"Land","min_zoom":3}},
{"type":"Feature","geometry":{"type":"Polygon","coordinates":[[[122.033496,15.005029],[121.820312,14.963574],[121.923047,14.8],[122.033496,15.005029]]]},"properties":{"scalerank":0,"featurecla":"Land","min_zoom":3}},
{"type":"Feature","geometry":{"type":"Polygon","coordinates":[[[121.92168,18.894727],[121.987891,18.956641],[121.888867,18.991553],[121.825195,18.842725],[121.92168,18.894727]]]},"properties":{"scalerank":0,"featurecla":"Land","min_zoom":3}},
{"type":"Feature","geometry":{"type":"Polygon","coordinates":[[[121.252246,19.082422],[121.244727,19.143018],[121.184863,19.101416],[121.196094,19.050684],[121.252246,19.082422]]]},"properties":{"scalerank":0,"featurecla":"Land","min_zoom":4}},
{"type":"Feature","geometry":{"type":"Polygon","coordinates":[[[121.520898,19.361963],[121.391602,19.399365],[121.38291,19.328467],[121.47207,19.27334],[121.520898,19.361963]]]},"properties":{"scalerank":0,"featurecla":"Land","min_zoom":3}},
{"type":"Feature","geometry":{"type":"Polygon","coordinates":[[[121.960059,20.365869],[122.031152,20.469385],[121.941211,20.453711],[121.960059,20.365869]]]},"properties":{"scalerank":0,"featurecla":"Land","min_zoom":4}},
{"type":"Feature","geometry":{"type":"Polygon","coordinates":[[[121.878125,20.781885],[121.847852,20.84126],[121.796484,20.746631],[121.82959,20.700293],[121.878125,20.781885]]]},"properties":{"scalerank":0,"featurecla":"Land","min_zoom":4}},
{"type":"Feature","geometry":{"type":"Polygon","coordinates":[[[148.025781,-5.826367],[148.054785,-5.611523],[147.846484,-5.49082],[147.781055,-5.627246],[148.025781,-5.826367]]]},"properties":{"scalerank":0,"featurecla":"Land","min_zoom":2}},
{"type":"Feature","geometry":{"type":"Polygon","coordinates":[[[147.17627,-5.431934],[147.206348,-5.251563],[147.005859,-5.307031],[147.17627,-5.431934]]]},"properties":{"scalerank":0,"featurecla":"Land","min_zoom":3}},
{"type":"Feature","geometry":{"type":"Polygon","coordinates":[[[146.019336,-4.726172],[145.995801,-4.539258],[145.900195,-4.604199],[145.904004,-4.733008],[146.019336,-4.726172]]]},"properties":{"scalerank":0,"featurecla":"Land","min_zoom":3}},
{"type":"Feature","geometry":{"type":"Polygon","coordinates":[[[147.876953,-2.283105],[147.83584,-2.246777],[147.768945,-2.33125],[147.844531,-2.335742],[147.876953,-2.283105]]]},"properties":{"scalerank":0,"featurecla":"Land","min_zoom":4}},
{"type":"Feature","geometry":{"type":"Polygon","coordinates":[[[147.067578,-1.960156],[146.65625,-1.974023],[146.747852,-2.148828],[147.206348,-2.181934],[147.067578,-1.960156]]]},"properties":{"scalerank":0,"featurecla":"Land","min_zoom":2}},
{"type":"Feature","geometry":{"type":"Polygon","coordinates":[[[154.647266,-5.432715],[154.727148,-5.218066],[154.682031,-5.054004],[154.540039,-5.11084],[154.647266,-5.432715]]]},"properties":{"scalerank":0,"featurecla":"Land","min_zoom":1}},
{"type":"Feature","geometry":{"type":"Polygon","coordinates":[[[152.670605,-3.133398],[152.63877,-3.042773],[152.543262,-3.095605],[152.646191,-3.221191],[152.670605,-3.133398]]]},"properties":{"scalerank":0,"featurecla":"Land","min_zoom":3}},
{"type":"Feature","geometry":{"type":"Polygon","coordinates":[[[152.099219,-2.947363],[151.974707,-2.845605],[151.95459,-2.870508],[152.057324,-2.994922],[152.099219,-2.947363]]]},"properties":{"scalerank":0,"featurecla":"Land","min_zoom":3}},
{"type":"Feature","geometry":{"type":"Polygon","coordinates":[[[151.957227,-2.830176],[152.011328,-2.80918],[152.001953,-2.737793],[151.929785,-2.750586],[151.957227,-2.830176]]]},"properties":{"scalerank":0,"featurecla":"Land","min_zoom":4}},
{"type":"Feature","geometry":{"type":"Polygon","coordinates":[[[149.76543,-1.553027],[149.725293,-1.430664],[149.580957,-1.353223],[149.545898,-1.47168],[149.671094,-1.57627],[149.76543,-1.553027]]]},"properties":{"scalerank":0,"featurecla":"Land","min_zoom":3}},
{"type":"Feature","geometry":{"type":"Polygon","coordinates":[[[150.436621,-2.661816],[150.429492,-2.47041],[150.227148,-2.38418],[150.165723,-2.660254],[150.436621,-2.661816]]]},"properties":{"scalerank":0,"featurecla":"Land","min_zoom":2}},
{"type":"Feature","geometry":{"type":"Polygon","coordinates":[[[151.080957,-10.020117],[151.230859,-10.194727],[151.296484,-9.956738],[151.080957,-10.020117]]]},"properties":{"scalerank":0,"featurecla":"Land","min_zoom":2}},
{"type":"Feature","geometry":{"type":"Polygon","coordinates":[[[150.34541,-9.493848],[150.320117,-9.26416],[150.109766,-9.361914],[150.34541,-9.493848]]]},"properties":{"scalerank":0,"featurecla":"Land","min_zoom":2}},
{"type":"Feature","geometry":{"type":"Polygon","coordinates":[[[150.528418,-9.346582],[150.43623,-9.624609],[150.894043,-9.66748],[150.879102,-9.512695],[150.528418,-9.346582]]]},"properties":{"scalerank":0,"featurecla":"Land","min_zoom":2}},
{"type":"Feature","geometry":{"type":"Polygon","coordinates":[[[151.106836,-8.733496],[151.138574,-8.568066],[151.117578,-8.418848],[151.00498,-8.523828],[151.082813,-8.568652],[151.106836,-8.733496]]]},"properties":{"scalerank":0,"featurecla":"Land","min_zoom":3}},
{"type":"Feature","geometry":{"type":"Polygon","coordinates":[[[152.630957,-8.959375],[152.720117,-9.166504],[152.984961,-9.150781],[152.810059,-8.967188],[152.630957,-8.959375]]]},"properties":{"scalerank":0,"featurecla":"Land","min_zoom":2}},
{"type":"Feature","geometry":{"type":"Polygon","coordinates":[[[150.89873,-10.565332],[150.799316,-10.554102],[150.802344,-10.620215],[150.884668,-10.643457],[150.89873,-10.565332]]]},"properties":{"scalerank":0,"featurecla":"Land","min_zoom":4}},
{"type":"Feature","geometry":{"type":"Polygon","coordinates":[[[154.280762,-11.361426],[154.101758,-11.311426],[154.064063,-11.419336],[154.280762,-11.361426]]]},"properties":{"scalerank":0,"featurecla":"Land","min_zoom":3}},
{"type":"Feature","geometry":{"type":"Polygon","coordinates":[[[153.536133,-11.476172],[153.306738,-11.356348],[153.234473,-11.420313],[153.379004,-11.55957],[153.536133,-11.476172]]]},"properties":{"scalerank":0,"featurecla":"Land","min_zoom":2}},
{"type":"Feature","geometry":{"type":"Polygon","coordinates":[[[143.586816,-8.481738],[143.581445,-8.390918],[143.366895,-8.416895],[143.586816,-8.481738]]]},"properties":{"scalerank":0,"featurecla":"Land","min_zoom":3}},
{"type":"Feature","geometry":{"type":"Polygon","coordinates":[[[143.590332,-8.633398],[143.443359,-8.518945],[143.462793,-8.61709],[143.590332,-8.633398]]]},"properties":{"scalerank":0,"featurecla":"Land","min_zoom":3}},
{"type":"Feature","geometry":{"type":"Polygon","coordinates":[[[135.383008,-0.651367],[135.83877,-1.119434],[135.893555,-0.725781],[135.383008,-0.651367]]]},"properties":{"scalerank":0,"featurecla":"Land","min_zoom":2}},
{"type":"Feature","geometry":{"type":"Polygon","coordinates":[[[135.474219,-1.591797],[136.192578,-1.85918],[136.201563,-1.65498],[135.474219,-1.591797]]]},"properties":{"scalerank":0,"featurecla":"Land","min_zoom":2}},
{"type":"Feature","geometry":{"type":"Polygon","coordinates":[[[134.965332,-1.116016],[134.889258,-0.938477],[134.808887,-1.037598],[134.965332,-1.116016]]]},"properties":{"scalerank":0,"featurecla":"Land","min_zoom":3}},
{"type":"Feature","geometry":{"type":"Polygon","coordinates":[[[134.374219,-2.123535],[134.419043,-2.051758],[134.350781,-2.036914],[134.374219,-2.123535]]]},"properties":{"scalerank":0,"featurecla":"Land","min_zoom":4}},
{"type":"Feature","geometry":{"type":"Polygon","coordinates":[[[138.895117,-8.388672],[138.796191,-8.173633],[138.594238,-8.371484],[138.895117,-8.388672]]]},"properties":{"scalerank":0,"featurecla":"Land","min_zoom":2}},
{"type":"Feature","geometry":{"type":"Polygon","coordinates":[[[133.570801,-4.245898],[133.464355,-4.199805],[133.320898,-4.111035],[133.333008,-4.169629],[133.50293,-4.257422],[133.570801,-4.245898]]]},"properties":{"scalerank":0,"featurecla":"Land","min_zoom":3}},
{"type":"Feature","geometry":{"type":"Polygon","coordinates":[[[130.35332,-1.690527],[129.993652,-1.758887],[130.248047,-2.047754],[130.35332,-1.690527]]]},"properties":{"scalerank":0,"featurecla":"Land","min_zoom":2}},
{"type":"Feature","geometry":{"type":"Polygon","coordinates":[[[131.001855,-1.315527],[131.073926,-0.968262],[130.672949,-0.959766],[130.782324,-1.255469],[131.001855,-1.315527]]]},"properties":{"scalerank":0,"featurecla":"Land","min_zoom":0.5}},
{"type":"Feature","geometry":{"type":"Polygon","coordinates":[[[130.905273,-0.777441],[130.813477,-0.813867],[130.484277,-0.83252],[130.402441,-0.923926],[130.832422,-0.862891],[130.905273,-0.777441]]]},"properties":{"scalerank":0,"featurecla":"Land","min_zoom":3}},
{"type":"Feature","geometry":{"type":"Polygon","coordinates":[[[130.62666,-0.528711],[130.615918,-0.417285],[130.46543,-0.486523],[130.62666,-0.528711]]]},"properties":{"scalerank":0,"featurecla":"Land","min_zoom":3}},
{"type":"Feature","geometry":{"type":"Polygon","coordinates":[[[130.813281,-0.004102],[130.688672,-0.296582],[131.097754,-0.330078],[131.276855,-0.149805],[130.813281,-0.004102]]]},"properties":{"scalerank":0,"featurecla":"Land","min_zoom":2}},
{"type":"Feature","geometry":{"type":"Polygon","coordinates":[[[129.548926,-0.187012],[129.541992,-0.139258],[129.308789,0.04541],[129.370117,-0.066406],[129.548926,-0.187012]]]},"properties":{"scalerank":0,"featurecla":"Land","min_zoom":3}},
{"type":"Feature","geometry":{"type":"Polygon","coordinates":[[[128.453906,2.051758],[128.623242,2.224414],[128.602148,2.597607],[128.217969,2.297461],[128.453906,2.051758]]]},"properties":{"scalerank":0,"featurecla":"Land","min_zoom":2}},
{"type":"Feature","geometry":{"type":"Polygon","coordinates":[[[127.453418,-0.005859],[127.449414,0.068994],[127.396777,0.016602],[127.453418,-0.005859]]]},"properties":{"scalerank":0,"featurecla":"Land","min_zoom":4}},
{"type":"Feature","geometry":{"type":"Polygon","coordinates":[[[127.419727,0.64209],[127.442578,0.733447],[127.382617,0.743555],[127.362891,0.675146],[127.419727,0.64209]]]},"properties":{"scalerank":0,"featurecla":"Land","min_zoom":4}},
{"type":"Feature","geometry":{"type":"Polygon","coordinates":[[[127.249902,-0.495313],[127.280566,-0.391016],[127.126465,-0.278613],[127.119141,-0.520508],[127.249902,-0.495313]]]},"properties":{"scalerank":0,"featurecla":"Land","min_zoom":3}},
{"type":"Feature","geometry":{"type":"Polygon","coordinates":[[[127.300391,-0.780957],[127.258203,-0.623438],[127.156445,-0.760938],[127.300391,-0.780957]]]},"properties":{"scalerank":0,"featurecla":"Land","min_zoom":3}},
{"type":"Feature","geometry":{"type":"Polygon","coordinates":[[[127.566992,-0.318945],[127.3,-0.500293],[127.468652,-0.642969],[127.682422,-0.468359],[127.566992,-0.318945]]]},"properties":{"scalerank":0,"featurecla":"Land","min_zoom":2}},
{"type":"Feature","geometry":{"type":"Polygon","coordinates":[[[128.153027,-1.660547],[127.742969,-1.360254],[127.561621,-1.728516],[128.153027,-1.660547]]]},"properties":{"scalerank":0,"featurecla":"Land","min_zoom":2}},
{"type":"Feature","geometry":{"type":"Polygon","coordinates":[[[134.746973,-5.707031],[134.341309,-5.712891],[134.441113,-6.334863],[134.755859,-6.170605],[134.746973,-5.707031]]]},"properties":{"scalerank":0,"featurecla":"Land","min_zoom":1.5}},
{"type":"Feature","geometry":{"type":"Polygon","coordinates":[[[134.536816,-6.442285],[134.168066,-6.17627],[134.05918,-6.769336],[134.355957,-6.814844],[134.536816,-6.442285]]]},"properties":{"scalerank":0,"featurecla":"Land","min_zoom":1.5}},
{"type":"Feature","geometry":{"type":"Polygon","coordinates":[[[132.92627,-5.902051],[132.971094,-5.73584],[133.119629,-5.575977],[133.172852,-5.348145],[133.114648,-5.310645],[133.008789,-5.621387],[132.937695,-5.682617],[132.92627,-5.902051]]]},"properties":{"scalerank":0,"featurecla":"Land","min_zoom":3}},
{"type":"Feature","geometry":{"type":"Polygon","coordinates":[[[132.807129,-5.850781],[132.697852,-5.608984],[132.681445,-5.912598],[132.807129,-5.850781]]]},"properties":{"scalerank":0,"featurecla":"Land","min_zoom":3}},
{"type":"Feature","geometry":{"type":"Polygon","coordinates":[[[128.722461,-3.546875],[128.594922,-3.494824],[128.619531,-3.588574],[128.722461,-3.546875]]]},"properties":{"scalerank":0,"featurecla":"Land","min_zoom":3}},
{"type":"Feature","geometry":{"type":"Polygon","coordinates":[[[128.562598,-3.585449],[128.451563,-3.514746],[128.391602,-3.637891],[128.562598,-3.585449]]]},"properties":{"scalerank":0,"featurecla":"Land","min_zoom":3}},
{"type":"Feature","geometry":{"type":"Polygon","coordinates":[[[128.275586,-3.674609],[128.264355,-3.512305],[128.016211,-3.600879],[128.143164,-3.732715],[128.275586,-3.674609]]]},"properties":{"scalerank":0,"featurecla":"Land","min_zoom":2}},
{"type":"Feature","geometry":{"type":"Polygon","coordinates":[[[123.179785,-4.551172],[122.85332,-4.618359],[122.766504,-5.210156],[122.985742,-5.393555],[123.055176,-4.748242],[123.179785,-4.551172]]]},"properties":{"scalerank":0,"featurecla":"Land","min_zoom":0.5}},
{"type":"Feature","geometry":{"type":"Polygon","coordinates":[[[122.645117,-5.269434],[122.701953,-4.618652],[122.368945,-4.767188],[122.645117,-5.269434]]]},"properties":{"scalerank":0,"featurecla":"Land","min_zoom":0.5}},
{"type":"Feature","geometry":{"type":"Polygon","coordinates":[[[122.042969,-5.437988],[122.061816,-5.221289],[121.965723,-5.075586],[121.808496,-5.256152],[122.042969,-5.437988]]]},"properties":{"scalerank":0,"featurecla":"Land","min_zoom":2}},
{"type":"Feature","geometry":{"type":"Polygon","coordinates":[[[123.242383,-4.112988],[123.024902,-3.980957],[122.994727,-4.148047],[123.242383,-4.112988]]]},"properties":{"scalerank":0,"featurecla":"Land","min_zoom":2}},
{"type":"Feature","geometry":{"type":"Polygon","coordinates":[[[126.055078,-2.45127],[126.065723,-2.36582],[125.975977,-2.168066],[125.992676,-2.011816],[125.862891,-2.077148],[125.97793,-2.41543],[126.055078,-2.45127]]]},"properties":{"scalerank":0,"featurecla":"Land","min_zoom":3}},
{"type":"Feature","geometry":{"type":"Polygon","coordinates":[[[126.024219,-1.789746],[125.520898,-1.800879],[125.479199,-1.940039],[125.956445,-1.916602],[126.024219,-1.789746]]]},"properties":{"scalerank":0,"featurecla":"Land","min_zoom":2}},
{"type":"Feature","geometry":{"type":"Polygon","coordinates":[[[124.969531,-1.705469],[124.380859,-1.6875],[124.417773,-2.005176],[124.969531,-1.705469]]]},"properties":{"scalerank":0,"featurecla":"Land","min_zoom":2}},
{"type":"Feature","geometry":{"type":"Polygon","coordinates":[[[123.848242,-1.955469],[123.777246,-1.918652],[123.803516,-1.994336],[123.848242,-1.955469]]]},"properties":{"scalerank":0,"featurecla":"Land","min_zoom":4}},
{"type":"Feature","geometry":{"type":"Polygon","coordinates":[[[123.212305,-1.171289],[123.366992,-1.507129],[123.547266,-1.337402],[123.212305,-1.171289]]]},"properties":{"scalerank":0,"featurecla":"Land","min_zoom":2}},
{"type":"Feature","geometry":{"type":"Polygon","coordinates":[[[123.152539,-1.816504],[123.106445,-1.786719],[123.070898,-1.854883],[123.078809,-1.898926],[123.152539,-1.816504]]]},"properties":{"scalerank":0,"featurecla":"Land","min_zoom":4}},
{"type":"Feature","geometry":{"type":"Polygon","coordinates":[[[121.864355,-0.406836],[121.749316,-0.407031],[121.721777,-0.494727],[121.846875,-0.489844],[121.864355,-0.406836]]]},"properties":{"scalerank":0,"featurecla":"Land","min_zoom":3}},
{"type":"Feature","geometry":{"type":"Polygon","coordinates":[[[126.816602,4.033496],[126.921094,4.291016],[126.865137,4.479834],[126.72207,4.344189],[126.813574,4.258496],[126.816602,4.033496]]]},"properties":{"scalerank":0,"featurecla":"Land","min_zoom":2}},
{"type":"Feature","geometry":{"type":"Polygon","coordinates":[[[126.719336,3.874658],[126.739648,3.917725],[126.685547,4.001416],[126.66123,3.928418],[126.719336,3.874658]]]},"properties":{"scalerank":0,"featurecla":"Land","min_zoom":3}},
{"type":"Feature","geometry":{"type":"Polygon","coordinates":[[[126.851855,3.768457],[126.857031,3.812402],[126.804492,3.85791],[126.777539,3.813428],[126.851855,3.768457]]]},"properties":{"scalerank":0,"featurecla":"Land","min_zoom":4}},
{"type":"Feature","geometry":{"type":"Polygon","coordinates":[[[125.658105,3.436035],[125.543457,3.67041],[125.511523,3.461133],[125.658105,3.436035]]]},"properties":{"scalerank":0,"featurecla":"Land","min_zoom":3}},
{"type":"Feature","geometry":{"type":"Polygon","coordinates":[[[125.407422,2.651611],[125.446484,2.762988],[125.360059,2.746826],[125.407422,2.651611]]]},"properties":{"scalerank":0,"featurecla":"Land","min_zoom":4}},
{"type":"Feature","geometry":{"type":"Polygon","coordinates":[[[120.52832,-6.298438],[120.549219,-5.969238],[120.446484,-5.87627],[120.460742,-6.254004],[120.52832,-6.298438]]]},"properties":{"scalerank":0,"featurecla":"Land","min_zoom":3}},
{"type":"Feature","geometry":{"type":"Polygon","coordinates":[[[131.982031,-7.202051],[131.922266,-7.104492],[131.884473,-7.16748],[131.982031,-7.202051]]]},"properties":{"scalerank":0,"featurecla":"Land","min_zoom":3}},
{"type":"Feature","geometry":{"type":"Polygon","coordinates":[[[130.862207,-8.31875],[131.04375,-8.212012],[131.020117,-8.091309],[130.833398,-8.270801],[130.862207,-8.31875]]]},"properties":{"scalerank":0,"featurecla":"Land","min_zoom":3}},
{"type":"Feature","geometry":{"type":"Polygon","coordinates":[[[131.325586,-7.999512],[131.691113,-7.438867],[131.260059,-7.470508],[131.086816,-7.865039],[131.325586,-7.999512]]]},"properties":{"scalerank":0,"featurecla":"Land","min_zoom":2}},
{"type":"Feature","geometry":{"type":"Polygon","coordinates":[[[129.838867,-7.95459],[129.812988,-7.819727],[129.608984,-7.803418],[129.713477,-8.040723],[129.838867,-7.95459]]]},"properties":{"scalerank":0,"featurecla":"Land","min_zoom":3}},
{"type":"Feature","geometry":{"type":"Polygon","coordinates":[[[128.670117,-7.183301],[128.627734,-7.06875],[128.529785,-7.13457],[128.670117,-7.183301]]]},"properties":{"scalerank":0,"featurecla":"Land","min_zoom":3}},
{"type":"Feature","geometry":{"type":"Polygon","coordinates":[[[127.823438,-8.098828],[127.820898,-8.190234],[128.023535,-8.255371],[128.119238,-8.170703],[127.823438,-8.098828]]]},"properties":{"scalerank":0,"featurecla":"Land","min_zoom":3}},
{"type":"Feature","geometry":{"type":"Polygon","coordinates":[[[127.419434,-7.623047],[127.475195,-7.531055],[127.370703,-7.512793],[127.419434,-7.623047]]]},"properties":{"scalerank":0,"featurecla":"Land","min_zoom":3}},
{"type":"Feature","geometry":{"type":"Polygon","coordinates":[[[126.800977,-7.667871],[126.60957,-7.571777],[125.843164,-7.816699],[126.47207,-7.950391],[126.800977,-7.667871]]]},"properties":{"scalerank":0,"featurecla":"Land","min_zoom":2}},
{"type":"Feature","geometry":{"type":"Polygon","coordinates":[[[125.646094,-8.139941],[125.507129,-8.275098],[125.579492,-8.311816],[125.646094,-8.139941]]]},"properties":{"scalerank":0,"featurecla":"Land","min_zoom":3}},
{"type":"Feature","geometry":{"type":"Polygon","coordinates":[[[123.416211,-10.302637],[123.395312,-10.171387],[123.325586,-10.26416],[123.416211,-10.302637]]]},"properties":{"scalerank":0,"featurecla":"Land","min_zoom":1}},
{"type":"Feature","geometry":{"type":"Polygon","coordinates":[[[122.948926,-10.909277],[123.418164,-10.65127],[123.371094,-10.474902],[123.061426,-10.698438],[122.948926,-10.909277]]]},"properties":{"scalerank":0,"featurecla":"Land","min_zoom":2}},
{"type":"Feature","geometry":{"type":"Polygon","coordinates":[[[121.883008,-10.590332],[121.866992,-10.438867],[121.726172,-10.573145],[121.883008,-10.590332]]]},"properties":{"scalerank":0,"featurecla":"Land","min_zoom":3}},
{"type":"Feature","geometry":{"type":"Polygon","coordinates":[[[124.575586,-8.14082],[124.444238,-8.444629],[125.096777,-8.352832],[125.124609,-8.204785],[124.575586,-8.14082]]]},"properties":{"scalerank":0,"featurecla":"Land","min_zoom":2}},
{"type":"Feature","geometry":{"type":"Polygon","coordinates":[[[124.286621,-8.329492],[123.971484,-8.354102],[124.065723,-8.55166],[124.286621,-8.329492]]]},"properties":{"scalerank":0,"featurecla":"Land","min_zoom":2}},
{"type":"Feature","geometry":{"type":"Polygon","coordinates":[[[123.924805,-8.272461],[123.775977,-8.19043],[123.325,-8.439063],[123.410742,-8.586621],[123.924805,-8.272461]]]},"properties":{"scalerank":0,"featurecla":"Land","min_zoom":2}},
{"type":"Feature","geometry":{"type":"Polygon","coordinates":[[[123.31748,-8.354785],[123.133496,-8.253809],[123.025,-8.395508],[123.31748,-8.354785]]]},"properties":{"scalerank":0,"featurecla":"Land","min_zoom":3}},
{"type":"Feature","geometry":{"type":"Polygon","coordinates":[[[119.464063,-8.741016],[119.546973,-8.482617],[119.430176,-8.45498],[119.378906,-8.586523],[119.464063,-8.741016]]]},"properties":{"scalerank":0,"featurecla":"Land","min_zoom":3}},
{"type":"Feature","geometry":{"type":"Polygon","coordinates":[[[119.073828,-8.238867],[119.134863,-8.19707],[119.097754,-8.13916],[119.036621,-8.157813],[119.073828,-8.238867]]]},"properties":{"scalerank":0,"featurecla":"Land","min_zoom":3}},
{"type":"Feature","geometry":{"type":"Polygon","coordinates":[[[115.609961,-8.769824],[115.561426,-8.669922],[115.480469,-8.71543],[115.609961,-8.769824]]]},"properties":{"scalerank":0,"featurecla":"Land","min_zoom":3}},
{"type":"Feature","geometry":{"type":"Polygon","coordinates":[[[115.377051,-6.970801],[115.414453,-6.839746],[115.240527,-6.86123],[115.220313,-6.952539],[115.377051,-6.970801]]]},"properties":{"scalerank":0,"featurecla":"Land","min_zoom":3}},
{"type":"Feature","geometry":{"type":"Polygon","coordinates":[[[112.719434,-5.811035],[112.648535,-5.730859],[112.602148,-5.843652],[112.719434,-5.811035]]]},"properties":{"scalerank":0,"featurecla":"Land","min_zoom":3}},
{"type":"Feature","geometry":{"type":"Polygon","coordinates":[[[117.922852,4.054297],[117.884766,4.186133],[117.662109,4.250195],[117.736816,4.004004],[117.922852,4.054297]]]},"properties":{"scalerank":0,"featurecla":"Land","min_zoom":2}},
{"type":"Feature","geometry":{"type":"Polygon","coordinates":[[[117.658398,3.280518],[117.680859,3.40752],[117.547852,3.431982],[117.560352,3.328223],[117.658398,3.280518]]]},"properties":{"scalerank":0,"featurecla":"Land","min_zoom":3}},
{"type":"Feature","geometry":{"type":"Polygon","coordinates":[[[116.424121,-3.464453],[116.326563,-3.539062],[116.387793,-3.636719],[116.424121,-3.464453]]]},"properties":{"scalerank":0,"featurecla":"Land","min_zoom":3}},
{"type":"Feature","geometry":{"type":"Polygon","coordinates":[[[116.30332,-3.868164],[116.262109,-3.394824],[116.018359,-3.699902],[116.30332,-3.868164]]]},"properties":{"scalerank":0,"featurecla":"Land","min_zoom":0.5}},
{"type":"Feature","geometry":{"type":"Polygon","coordinates":[[[108.953125,-1.619629],[108.877246,-1.539844],[108.803711,-1.567773],[108.837891,-1.661621],[108.953125,-1.619629]]]},"properties":{"scalerank":0,"featurecla":"Land","min_zoom":3}},
{"type":"Feature","geometry":{"type":"Polygon","coordinates":[[[109.710254,-1.180664],[109.475977,-0.985352],[109.428125,-1.241211],[109.710254,-1.180664]]]},"properties":{"scalerank":0,"featurecla":"Land","min_zoom":2}},
{"type":"Feature","geometry":{"type":"Polygon","coordinates":[[[108.8875,2.90542],[108.86709,2.991895],[108.786523,2.885645],[108.838867,2.853027],[108.8875,2.90542]]]},"properties":{"scalerank":0,"featurecla":"Land","min_zoom":4}},
{"type":"Feature","geometry":{"type":"Polygon","coordinates":[[[108.316016,3.689648],[108.392871,3.986182],[108.201953,4.200488],[108.003516,4.042578],[108.316016,3.689648]]]},"properties":{"scalerank":0,"featurecla":"Land","min_zoom":2}},
{"type":"Feature","geometry":{"type":"Polygon","coordinates":[[[106.285254,3.157129],[106.271191,3.216309],[106.200977,3.204883],[106.214551,3.128564],[106.285254,3.157129]]]},"properties":{"scalerank":0,"featurecla":"Land","min_zoom":3}},
{"type":"Feature","geometry":{"type":"Polygon","coordinates":[[[105.760352,2.863037],[105.836719,2.976514],[105.692187,3.0625],[105.706152,2.888867],[105.760352,2.863037]]]},"properties":{"scalerank":0,"featurecla":"Land","min_zoom":3}},
{"type":"Feature","geometry":{"type":"Polygon","coordinates":[[[101.708105,2.078418],[101.409668,2.02168],[101.602734,1.715723],[101.708105,2.078418]]]},"properties":{"scalerank":0,"featurecla":"Land","min_zoom":0.5}},
{"type":"Feature","geometry":{"type":"Polygon","coordinates":[[[102.427148,0.990137],[102.442871,1.234229],[102.228613,1.347852],[102.325293,1.007031],[102.427148,0.990137]]]},"properties":{"scalerank":0,"featurecla":"Land","min_zoom":2}},
{"type":"Feature","geometry":{"type":"Polygon","coordinates":[[[102.491895,1.45918],[102.042188,1.625391],[102.078711,1.498584],[102.491895,1.45918]]]},"properties":{"scalerank":0,"featurecla":"Land","min_zoom":2}},
{"type":"Feature","geometry":{"type":"Polygon","coordinates":[[[103.027539,0.746631],[102.549219,1.130225],[102.541602,0.831592],[103.027539,0.746631]]]},"properties":{"scalerank":0,"featurecla":"Land","min_zoom":0.5}},
{"type":"Feature","geometry":{"type":"Polygon","coordinates":[[[103.166406,0.870166],[103.067578,1.014746],[102.790137,1.165479],[102.701855,1.053711],[102.886328,0.996777],[103.086719,0.848145],[103.166406,0.870166]]]},"properties":{"scalerank":0,"featurecla":"Land","min_zoom":2}},
{"type":"Feature","geometry":{"type":"Polygon","coordinates":[[[103.284473,0.541943],[103.238184,0.698633],[103.139551,0.549072],[103.284473,0.541943]]]},"properties":{"scalerank":0,"featurecla":"Land","min_zoom":3}},
{"type":"Feature","geometry":{"type":"Polygon","coordinates":[[[103.423926,1.04834],[103.37998,1.133643],[103.31543,1.071289],[103.363281,1.006836],[103.423926,1.04834]]]},"properties":{"scalerank":0,"featurecla":"Land","min_zoom":3}},
{"type":"Feature","geometry":{"type":"Polygon","coordinates":[[[103.450195,0.664453],[103.497461,0.722705],[103.386133,0.86958],[103.344434,0.777881],[103.450195,0.664453]]]},"properties":{"scalerank":0,"featurecla":"Land","min_zoom":3}},
{"type":"Feature","geometry":{"type":"Polygon","coordinates":[[[103.828613,0.801025],[103.751953,0.891357],[103.742383,0.82998],[103.828613,0.801025]]]},"properties":{"scalerank":0,"featurecla":"Land","min_zoom":4}},
{"type":"Feature","geometry":{"type":"Polygon","coordinates":[[[104.024805,1.180566],[103.963574,1.013232],[104.066113,0.989551],[104.127344,1.092383],[104.024805,1.180566]]]},"properties":{"scalerank":0,"featurecla":"Land","min_zoom":3}},
{"type":"Feature","geometry":{"type":"Polygon","coordinates":[[[104.585352,1.216113],[104.251953,1.014893],[104.575195,0.831934],[104.585352,1.216113]]]},"properties":{"scalerank":0,"featurecla":"Land","min_zoom":2}},
{"type":"Feature","geometry":{"type":"Polygon","coordinates":[[[104.239355,0.833984],[104.227051,0.879883],[104.098145,0.89624],[104.176758,0.804883],[104.239355,0.833984]]]},"properties":{"scalerank":0,"featurecla":"Land","min_zoom":3}},
{"type":"Feature","geometry":{"type":"Polygon","coordinates":[[[104.689258,0.059521],[104.543848,0.223291],[104.603516,0.095215],[104.689258,0.059521]]]},"properties":{"scalerank":0,"featurecla":"Land","min_zoom":3}},
{"type":"Feature","geometry":{"type":"Polygon","coordinates":[[[104.778613,-0.175977],[104.542676,0.017725],[104.44707,-0.18916],[104.566602,-0.245605],[104.778613,-0.175977]]]},"properties":{"scalerank":0,"featurecla":"Land","min_zoom":2}},
{"type":"Feature","geometry":{"type":"Polygon","coordinates":[[[104.474219,-0.334668],[104.257129,-0.463281],[104.485352,-0.612891],[104.474219,-0.334668]]]},"properties":{"scalerank":0,"featurecla":"Land","min_zoom":2}},
{"type":"Feature","geometry":{"type":"Polygon","coordinates":[[[103.736523,-0.347949],[103.548926,-0.227539],[103.461328,-0.357617],[103.736523,-0.347949]]]},"properties":{"scalerank":0,"featurecla":"Land","min_zoom":3}},
{"type":"Feature","geometry":{"type":"Polygon","coordinates":[[[108.207227,-2.997656],[108.074414,-2.596973],[107.666309,-2.566309],[107.614453,-3.209375],[108.207227,-2.997656]]]},"properties":{"scalerank":0,"featurecla":"Land","min_zoom":2}},
{"type":"Feature","geometry":{"type":"Polygon","coordinates":[[[107.47334,-2.899512],[107.499707,-2.84502],[107.419336,-2.838086],[107.432813,-2.925293],[107.47334,-2.899512]]]},"properties":{"scalerank":0,"featurecla":"Land","min_zoom":4}},
{"type":"Feature","geometry":{"type":"Polygon","coordinates":[[[106.886426,-3.005273],[106.910645,-2.933984],[106.796875,-2.898926],[106.749219,-2.960449],[106.886426,-3.005273]]]},"properties":{"scalerank":0,"featurecla":"Land","min_zoom":3}},
{"type":"Feature","geometry":{"type":"Polygon","coordinates":[[[105.252832,-6.64043],[105.192285,-6.545605],[105.121387,-6.614941],[105.252832,-6.64043]]]},"properties":{"scalerank":0,"featurecla":"Land","min_zoom":3}},
{"type":"Feature","geometry":{"type":"Polygon","coordinates":[[[97.481543,1.465088],[97.405371,0.946973],[97.876465,0.62832],[97.931934,0.973926],[97.481543,1.465088]]]},"properties":{"scalerank":0,"featurecla":"Land","min_zoom":2}},
{"type":"Feature","geometry":{"type":"Polygon","coordinates":[[[102.367188,-5.478711],[102.371777,-5.366406],[102.198438,-5.288867],[102.135547,-5.360547],[102.367188,-5.478711]]]},"properties":{"scalerank":0,"featurecla":"Land","min_zoom":3}},
{"type":"Feature","geometry":{"type":"Polygon","coordinates":[[[100.425098,-3.18291],[100.45459,-3.001953],[100.245605,-2.783203],[100.204297,-2.986816],[100.425098,-3.18291]]]},"properties":{"scalerank":0,"featurecla":"Land","min_zoom":2}},
{"type":"Feature","geometry":{"type":"Polygon","coordinates":[[[100.204102,-2.741016],[100.011914,-2.510254],[100.014941,-2.819727],[100.204102,-2.741016]]]},"properties":{"scalerank":0,"featurecla":"Land","min_zoom":3}},
{"type":"Feature","geometry":{"type":"Polygon","coordinates":[[[99.843066,-2.343066],[99.686426,-2.063379],[99.607031,-2.25752],[99.843066,-2.343066]]]},"properties":{"scalerank":0,"featurecla":"Land","min_zoom":3}},
{"type":"Feature","geometry":{"type":"Polygon","coordinates":[[[99.163867,-1.77793],[99.267285,-1.627734],[98.869043,-0.915625],[98.601758,-1.197852],[98.874316,-1.663672],[99.163867,-1.77793]]]},"properties":{"scalerank":0,"featurecla":"Land","min_zoom":2}},
{"type":"Feature","geometry":{"type":"Polygon","coordinates":[[[98.459277,-0.530469],[98.544141,-0.257617],[98.427148,-0.226465],[98.309668,-0.531836],[98.459277,-0.530469]]]},"properties":{"scalerank":0,"featurecla":"Land","min_zoom":2}},
{"type":"Feature","geometry":{"type":"Polygon","coordinates":[[[97.33418,2.075635],[97.291406,2.20083],[97.225098,2.158496],[97.33418,2.075635]]]},"properties":{"scalerank":0,"featurecla":"Land","min_zoom":3}},
{"type":"Feature","geometry":{"type":"Polygon","coordinates":[[[96.463672,2.36001],[96.417285,2.515186],[95.80625,2.916016],[95.808594,2.655615],[96.463672,2.36001]]]},"properties":{"scalerank":0,"featurecla":"Land","min_zoom":2}},
{"type":"Feature","geometry":{"type":"Polygon","coordinates":[[[95.362109,5.812402],[95.35918,5.876758],[95.241992,5.907031],[95.283203,5.798535],[95.362109,5.812402]]]},"properties":{"scalerank":0,"featurecla":"Land","min_zoom":3}},
{"type":"Feature","geometry":{"type":"Polygon","coordinates":[[[111.389258,2.415332],[111.37832,2.709326],[111.300391,2.741162],[111.311523,2.437598],[111.389258,2.415332]]]},"properties":{"scalerank":0,"featurecla":"Land","min_zoom":3}},
{"type":"Feature","geometry":{"type":"Polygon","coordinates":[[[117.141602,7.168213],[117.239355,7.184766],[117.264063,7.35166],[117.064258,7.260693],[117.141602,7.168213]]]},"properties":{"scalerank":0,"featurecla":"Land","min_zoom":3}},
{"type":"Feature","geometry":{"type":"Polygon","coordinates":[[[32.012207,46.203906],[31.638477,46.272559],[31.700195,46.214062],[32.009375,46.167822],[32.012207,46.203906]]]},"properties":{"scalerank":0,"featurecla":"Land","min_zoom":3}},
{"type":"Feature","geometry":{"type":"Polygon","coordinates":[[[22.92373,58.826904],[22.587207,59.081201],[22.411035,58.863379],[22.92373,58.826904]]]},"properties":{"scalerank":0,"featurecla":"Land","min_zoom":2}},
{"type":"Feature","geometry":{"type":"Polygon","coordinates":[[[23.343555,58.550342],[23.332813,58.648584],[23.16543,58.678125],[23.063477,58.611084],[23.343555,58.550342]]]},"properties":{"scalerank":0,"featurecla":"Land","min_zoom":3}},
{"type":"Feature","geometry":{"type":"Polygon","coordinates":[[[35.816113,65.18208],[35.558594,65.093604],[35.842285,65.001465],[35.816113,65.18208]]]},"properties":{"scalerank":0,"featurecla":"Land","min_zoom":3}},
{"type":"Feature","geometry":{"type":"Polygon","coordinates":[[[42.713672,66.701709],[42.631445,66.782227],[42.477344,66.735059],[42.713672,66.701709]]]},"properties":{"scalerank":0,"featurecla":"Land","min_zoom":4}},
{"type":"Feature","geometry":{"type":"Polygon","coordinates":[[[26.875977,78.648926],[26.585938,78.811475],[26.45957,78.720264],[26.875977,78.648926]]]},"properties":{"scalerank":0,"featurecla":"Land","min_zoom":3}},
{"type":"Feature","geometry":{"type":"Polygon","coordinates":[[[29.04707,78.912061],[28.414746,78.961426],[27.889063,78.852148],[29.04707,78.912061]]]},"properties":{"scalerank":0,"featurecla":"Land","min_zoom":3}},
{"type":"Feature","geometry":{"type":"Polygon","coordinates":[[[50.051758,80.074316],[50.319141,80.172363],[49.883691,80.230225],[49.556055,80.158936],[50.051758,80.074316]]]},"properties":{"scalerank":0,"featurecla":"Land","min_zoom":3}},
{"type":"Feature","geometry":{"type":"Polygon","coordinates":[[[51.409277,79.944238],[50.936328,80.094238],[50.454102,79.924414],[51.409277,79.944238]]]},"properties":{"scalerank":0,"featurecla":"Land","min_zoom":3}},
{"type":"Feature","geometry":{"type":"Polygon","coordinates":[[[32.525977,80.119141],[33.556641,80.198145],[33.383984,80.242334],[32.525977,80.119141]]]},"properties":{"scalerank":0,"featurecla":"Land","min_zoom":3}},
{"type":"Feature","geometry":{"type":"Polygon","coordinates":[[[57.810254,81.546045],[57.091504,81.541211],[55.716699,81.188477],[58.015332,81.254834],[57.810254,81.546045]]]},"properties":{"scalerank":0,"featurecla":"Land","min_zoom":2}},
{"type":"Feature","geometry":{"type":"Polygon","coordinates":[[[54.718945,81.115967],[55.7125,80.637305],[57.694141,80.792285],[54.718945,81.115967]]]},"properties":{"scalerank":0,"featurecla":"Land","min_zoom":2}},
{"type":"Feature","geometry":{"type":"Polygon","coordinates":[[[50.753711,81.047412],[50.878613,81.150879],[50.368457,81.12251],[50.753711,81.047412]]]},"properties":{"scalerank":0,"featurecla":"Land","min_zoom":4}},
{"type":"Feature","geometry":{"type":"Polygon","coordinates":[[[58.622363,81.04165],[57.405176,80.915137],[58.859961,80.779395],[58.622363,81.04165]]]},"properties":{"scalerank":0,"featurecla":"Land","min_zoom":2}},
{"type":"Feature","geometry":{"type":"Polygon","coordinates":[[[63.650977,81.609326],[63.70957,81.687305],[62.794922,81.718945],[62.884961,81.608887],[63.650977,81.609326]]]},"properties":{"scalerank":0,"featurecla":"Land","min_zoom":3}},
{"type":"Feature","geometry":{"type":"Polygon","coordinates":[[[58.29541,81.715186],[59.356445,81.758984],[59.261816,81.854199],[58.13457,81.827979],[58.29541,81.715186]]]},"properties":{"scalerank":0,"featurecla":"Land","min_zoom":3}},
{"type":"Feature","geometry":{"type":"Polygon","coordinates":[[[18.741602,80.300928],[18.291699,80.35835],[18.162207,80.288184],[18.525,80.245605],[18.741602,80.300928]]]},"properties":{"scalerank":0,"featurecla":"Land","min_zoom":4}},
{"type":"Feature","geometry":{"type":"Polygon","coordinates":[[[11.250293,78.610693],[10.96084,78.846387],[10.628418,78.753857],[11.250293,78.610693]]]},"properties":{"scalerank":0,"featurecla":"Land","min_zoom":3}},
{"type":"Feature","geometry":{"type":"Polygon","coordinates":[[[19.219336,74.391016],[19.18291,74.51792],[18.797461,74.485693],[19.219336,74.391016]]]},"properties":{"scalerank":0,"featurecla":"Land","min_zoom":3}},
{"type":"Feature","geometry":{"type":"Polygon","coordinates":[[[53.141406,71.241895],[52.776758,71.399805],[52.296582,71.356836],[52.835352,71.08584],[53.141406,71.241895]]]},"properties":{"scalerank":0,"featurecla":"Land","min_zoom":2}},
{"type":"Feature","geometry":{"type":"Polygon","coordinates":[[[74.660547,72.873437],[74.725293,73.108154],[74.100195,73.021533],[74.660547,72.873437]]]},"properties":{"scalerank":0,"featurecla":"Land","min_zoom":3}},
{"type":"Feature","geometry":{"type":"Polygon","coordinates":[[[75.503711,73.456641],[75.827148,73.459131],[75.930176,73.573633],[75.569727,73.540625],[75.503711,73.456641]]]},"properties":{"scalerank":0,"featurecla":"Land","min_zoom":3}},
{"type":"Feature","geometry":{"type":"Polygon","coordinates":[[[76.756055,73.445801],[76.250684,73.555273],[76.234473,73.476221],[76.756055,73.445801]]]},"properties":{"scalerank":0,"featurecla":"Land","min_zoom":3}},
{"type":"Feature","geometry":{"type":"Polygon","coordinates":[[[77.63252,72.29126],[78.365137,72.482422],[77.748535,72.631201],[76.903125,72.365576],[77.63252,72.29126]]]},"properties":{"scalerank":0,"featurecla":"Land","min_zoom":2}},
{"type":"Feature","geometry":{"type":"Polygon","coordinates":[[[79.501465,72.721924],[79.541309,72.918652],[79.164258,73.094336],[78.656836,72.892285],[79.501465,72.721924]]]},"properties":{"scalerank":0,"featurecla":"Land","min_zoom":2}},
{"type":"Feature","geometry":{"type":"Polygon","coordinates":[[[82.709961,74.090869],[82.525586,74.161426],[82.329395,74.131104],[82.612793,74.056445],[82.709961,74.090869]]]},"properties":{"scalerank":0,"featurecla":"Land","min_zoom":4}},
{"type":"Feature","geometry":{"type":"Polygon","coordinates":[[[83.549023,74.071777],[83.513477,74.122363],[83.149805,74.151611],[82.90293,74.128906],[83.410645,74.039551],[83.549023,74.071777]]]},"properties":{"scalerank":0,"featurecla":"Land","min_zoom":3}},
{"type":"Feature","geometry":{"type":"Polygon","coordinates":[[[84.758984,74.459424],[84.679883,74.512354],[84.389453,74.454443],[84.710449,74.399805],[84.758984,74.459424]]]},"properties":{"scalerank":0,"featurecla":"Land","min_zoom":4}},
{"type":"Feature","geometry":{"type":"Polygon","coordinates":[[[86.653125,74.981299],[86.390527,74.850879],[86.927148,74.830762],[87.124316,74.939893],[86.653125,74.981299]]]},"properties":{"scalerank":0,"featurecla":"Land","min_zoom":3}},
{"type":"Feature","geometry":{"type":"Polygon","coordinates":[[[82.172363,75.419385],[81.912793,75.497705],[81.500586,75.36792],[81.654785,75.288916],[82.221582,75.350537],[82.172363,75.419385]]]},"properties":{"scalerank":0,"featurecla":"Land","min_zoom":3}},
{"type":"Feature","geometry":{"type":"Polygon","coordinates":[[[96.532422,76.278125],[95.78623,76.293896],[96.108789,76.155469],[96.532422,76.278125]]]},"properties":{"scalerank":0,"featurecla":"Land","min_zoom":3}},
{"type":"Feature","geometry":{"type":"Polygon","coordinates":[[[97.588379,76.599365],[97.381641,76.706689],[97.310352,76.6896],[97.430371,76.590723],[97.588379,76.599365]]]},"properties":{"scalerank":0,"featurecla":"Land","min_zoom":4}},
{"type":"Feature","geometry":{"type":"Polygon","coordinates":[[[96.285449,77.02666],[96.528418,77.205518],[95.420703,77.056494],[96.285449,77.02666]]]},"properties":{"scalerank":0,"featurecla":"Land","min_zoom":3}},
{"type":"Feature","geometry":{"type":"Polygon","coordinates":[[[89.514258,77.188818],[89.616211,77.311035],[89.281543,77.301465],[89.141699,77.226807],[89.514258,77.188818]]]},"properties":{"scalerank":0,"featurecla":"Land","min_zoom":3}},
{"type":"Feature","geometry":{"type":"Polygon","coordinates":[[[76.248926,79.651074],[76.649512,79.493408],[77.360156,79.556836],[76.248926,79.651074]]]},"properties":{"scalerank":0,"featurecla":"Land","min_zoom":3}},
{"type":"Feature","geometry":{"type":"Polygon","coordinates":[[[80.02666,80.848145],[79.217383,80.960352],[79.098535,80.812061],[80.02666,80.848145]]]},"properties":{"scalerank":0,"featurecla":"Land","min_zoom":3}},
{"type":"Feature","geometry":{"type":"Polygon","coordinates":[[[91.567187,81.141211],[90.069922,81.213721],[89.975781,81.113135],[91.222852,81.063818],[91.567187,81.141211]]]},"properties":{"scalerank":0,"featurecla":"Land","min_zoom":3}},
{"type":"Feature","geometry":{"type":"Polygon","coordinates":[[[107.695508,78.130908],[107.508301,78.189404],[106.583301,78.167578],[107.00166,78.095654],[107.695508,78.130908]]]},"properties":{"scalerank":0,"featurecla":"Land","min_zoom":3}},
{"type":"Feature","geometry":{"type":"Polygon","coordinates":[[[106.27041,78.206201],[106.504687,78.26167],[106.718945,78.26499],[106.64043,78.33623],[106.456836,78.340039],[106.27041,78.206201]]]},"properties":{"scalerank":0,"featurecla":"Land","min_zoom":3}},
{"type":"Feature","geometry":{"type":"Polygon","coordinates":[[[107.414746,77.242676],[107.679492,77.268262],[107.593652,77.330029],[107.269531,77.289014],[107.414746,77.242676]]]},"properties":{"scalerank":0,"featurecla":"Land","min_zoom":4}},
{"type":"Feature","geometry":{"type":"Polygon","coordinates":[[[112.478027,76.620898],[112.011133,76.632861],[112.531641,76.450049],[112.66084,76.50957],[112.478027,76.620898]]]},"properties":{"scalerank":0,"featurecla":"Land","min_zoom":3}},
{"type":"Feature","geometry":{"type":"Polygon","coordinates":[[[120.261328,73.089844],[120.078516,73.156738],[119.64043,73.124316],[119.79209,73.04541],[120.261328,73.089844]]]},"properties":{"scalerank":0,"featurecla":"Land","min_zoom":3}},
{"type":"Feature","geometry":{"type":"Polygon","coordinates":[[[124.542969,73.850098],[124.65293,73.888037],[124.547656,73.933838],[124.366406,73.874609],[124.542969,73.850098]]]},"properties":{"scalerank":0,"featurecla":"Land","min_zoom":4}},
{"type":"Feature","geometry":{"type":"Polygon","coordinates":[[[135.948633,75.40957],[136.168945,75.605566],[135.613867,75.766309],[135.451953,75.389551],[135.948633,75.40957]]]},"properties":{"scalerank":0,"featurecla":"Land","min_zoom":3}},
{"type":"Feature","geometry":{"type":"Polygon","coordinates":[[[149.150195,76.659912],[148.719629,76.746582],[148.398633,76.648242],[149.150195,76.659912]]]},"properties":{"scalerank":0,"featurecla":"Land","min_zoom":3}},
{"type":"Feature","geometry":{"type":"Polygon","coordinates":[[[136.197461,73.913623],[136.25918,73.984961],[135.62832,74.219922],[135.402441,74.201709],[136.197461,73.913623]]]},"properties":{"scalerank":0,"featurecla":"Land","min_zoom":3}},
{"type":"Feature","geometry":{"type":"Polygon","coordinates":[[[137.959863,71.507666],[137.816797,71.587891],[137.281836,71.579932],[137.711816,71.423242],[137.959863,71.507666]]]},"properties":{"scalerank":0,"featurecla":"Land","min_zoom":3}},
{"type":"Feature","geometry":{"type":"Polygon","coordinates":[[[160.718945,70.822705],[160.56582,70.923779],[160.436914,70.851025],[160.718945,70.822705]]]},"properties":{"scalerank":0,"featurecla":"Land","min_zoom":4}},
{"type":"Feature","geometry":{"type":"Polygon","coordinates":[[[169.200781,69.580469],[169.374805,69.882617],[168.35791,70.015674],[167.788867,69.836865],[169.200781,69.580469]]]},"properties":{"scalerank":0,"featurecla":"Land","min_zoom":2}},
{"type":"Feature","geometry":{"type":"Polygon","coordinates":[[[163.635156,58.603369],[164.615723,58.885596],[163.760938,59.015039],[163.635156,58.603369]]]},"properties":{"scalerank":0,"featurecla":"Land","min_zoom":2}},
{"type":"Feature","geometry":{"type":"Polygon","coordinates":[[[168.039062,54.56499],[167.882617,54.690479],[167.710645,54.770166],[167.677344,54.697656],[168.039062,54.56499]]]},"properties":{"scalerank":0,"featurecla":"Land","min_zoom":3}},
{"type":"Feature","geometry":{"type":"Polygon","coordinates":[[[166.650293,54.839062],[166.248047,55.16543],[165.991895,55.190479],[166.324805,54.864551],[166.650293,54.839062]]]},"properties":{"scalerank":0,"featurecla":"Land","min_zoom":2}},
{"type":"Feature","geometry":{"type":"Polygon","coordinates":[[[156.405078,50.657617],[156.376465,50.862109],[156.167969,50.731885],[156.405078,50.657617]]]},"properties":{"scalerank":0,"featurecla":"Land","min_zoom":3}},
{"type":"Feature","geometry":{"type":"Polygon","coordinates":[[[155.921094,50.302197],[155.218359,50.297852],[155.243066,50.094629],[155.921094,50.302197]]]},"properties":{"scalerank":0,"featurecla":"Land","min_zoom":2}},
{"type":"Feature","geometry":{"type":"Polygon","coordinates":[[[154.08125,48.790283],[154.204688,48.857178],[154.126367,48.904443],[154.08125,48.790283]]]},"properties":{"scalerank":0,"featurecla":"Land","min_zoom":3}},
{"type":"Feature","geometry":{"type":"Polygon","coordinates":[[[155.644824,50.821924],[155.639648,50.910498],[155.467383,50.913574],[155.553516,50.810596],[155.644824,50.821924]]]},"properties":{"scalerank":0,"featurecla":"Land","min_zoom":3}},
{"type":"Feature","geometry":{"type":"Polygon","coordinates":[[[153.101074,47.762939],[153.049121,47.797021],[152.984277,47.72793],[153.053809,47.706104],[153.101074,47.762939]]]},"properties":{"scalerank":0,"featurecla":"Land","min_zoom":4}},
{"type":"Feature","geometry":{"type":"Polygon","coordinates":[[[152.002051,46.897168],[152.288867,47.142187],[152.16582,47.110449],[151.864355,46.868994],[152.002051,46.897168]]]},"properties":{"scalerank":0,"featurecla":"Land","min_zoom":3}},
{"type":"Feature","geometry":{"type":"Polygon","coordinates":[[[149.687695,45.642041],[150.19502,45.933203],[150.348633,46.213428],[149.665918,45.839795],[149.687695,45.642041]]]},"properties":{"scalerank":0,"featurecla":"Land","min_zoom":2}},
{"type":"Feature","geometry":{"type":"Polygon","coordinates":[[[148.599512,45.317627],[147.769434,45.190723],[147.91377,44.990381],[148.599512,45.317627]]]},"properties":{"scalerank":0,"featurecla":"Land","min_zoom":2}},
{"type":"Feature","geometry":{"type":"Polygon","coordinates":[[[150.589941,59.01875],[150.727734,59.095215],[150.59248,59.097217],[150.470215,59.054053],[150.589941,59.01875]]]},"properties":{"scalerank":0,"featurecla":"Land","min_zoom":3}},
{"type":"Feature","geometry":{"type":"Polygon","coordinates":[[[137.940527,55.092627],[137.435547,55.016016],[137.661133,54.653271],[137.991211,54.820703],[137.940527,55.092627]]]},"properties":{"scalerank":0,"featurecla":"Land","min_zoom":2}},
{"type":"Feature","geometry":{"type":"Polygon","coordinates":[[[137.178613,55.100439],[136.795313,55.009375],[137.055273,54.926758],[137.178613,55.100439]]]},"properties":{"scalerank":0,"featurecla":"Land","min_zoom":3}},
{"type":"Feature","geometry":{"type":"Polygon","coordinates":[[[146.713965,43.743799],[146.899023,43.80415],[146.824609,43.860498],[146.621973,43.812988],[146.713965,43.743799]]]},"properties":{"scalerank":0,"featurecla":"Land","min_zoom":3}},
{"type":"Feature","geometry":{"type":"Polygon","coordinates":[[[146.207617,44.497656],[146.112109,44.500146],[145.666309,43.999072],[145.766992,43.940723],[146.112305,44.245947],[146.207617,44.497656]]]},"properties":{"scalerank":0,"featurecla":"Land","min_zoom":0}},
{"type":"Feature","geometry":{"type":"Polygon","coordinates":[[[124.293164,24.515918],[124.084766,24.43584],[124.234277,24.358057],[124.293164,24.515918]]]},"properties":{"scalerank":0,"featurecla":"Land","min_zoom":3}},
{"type":"Feature","geometry":{"type":"Polygon","coordinates":[[[123.888672,24.280127],[123.771484,24.414453],[123.680664,24.288037],[123.888672,24.280127]]]},"properties":{"scalerank":0,"featurecla":"Land","min_zoom":3}},
{"type":"Feature","geometry":{"type":"Polygon","coordinates":[[[125.444141,24.743164],[125.33457,24.804688],[125.268945,24.73252],[125.359375,24.71709],[125.444141,24.743164]]]},"properties":{"scalerank":0,"featurecla":"Land","min_zoom":3}},
{"type":"Feature","geometry":{"type":"Polygon","coordinates":[[[128.258789,26.652783],[128.216504,26.796875],[127.925977,26.555713],[128.126953,26.552246],[128.258789,26.652783]]]},"properties":{"scalerank":0,"featurecla":"Land","min_zoom":2}},
{"type":"Feature","geometry":{"type":"Polygon","coordinates":[[[128.998145,27.720801],[128.95166,27.910254],[128.882812,27.842432],[128.9,27.727783],[128.998145,27.720801]]]},"properties":{"scalerank":0,"featurecla":"Land","min_zoom":3}},
{"type":"Feature","geometry":{"type":"Polygon","coordinates":[[[129.452539,28.208984],[129.641699,28.411279],[129.322461,28.359619],[129.452539,28.208984]]]},"properties":{"scalerank":0,"featurecla":"Land","min_zoom":2}},
{"type":"Feature","geometry":{"type":"Polygon","coordinates":[[[129.324023,28.104932],[129.257422,28.176172],[129.232422,28.101123],[129.324023,28.104932]]]},"properties":{"scalerank":0,"featurecla":"Land","min_zoom":4}},
{"type":"Feature","geometry":{"type":"Polygon","coordinates":[[[130.622754,30.262988],[130.673242,30.366895],[130.497168,30.465527],[130.445605,30.264697],[130.622754,30.262988]]]},"properties":{"scalerank":0,"featurecla":"Land","min_zoom":3}},
{"type":"Feature","geometry":{"type":"Polygon","coordinates":[[[130.959766,30.396924],[131.057422,30.64248],[130.939941,30.575098],[130.870313,30.444238],[130.959766,30.396924]]]},"properties":{"scalerank":0,"featurecla":"Land","min_zoom":3}},
{"type":"Feature","geometry":{"type":"Polygon","coordinates":[[[128.665332,32.783887],[128.657324,32.628418],[128.894531,32.652148],[128.838574,32.762891],[128.665332,32.783887]]]},"properties":{"scalerank":0,"featurecla":"Land","min_zoom":3}},
{"type":"Feature","geometry":{"type":"Polygon","coordinates":[[[130.08252,32.229687],[130.199512,32.340576],[130.167773,32.541211],[130.009766,32.521631],[129.979297,32.346191],[130.08252,32.229687]]]},"properties":{"scalerank":0,"featurecla":"Land","min_zoom":3}},
{"type":"Feature","geometry":{"type":"Polygon","coordinates":[[[130.381055,32.42373],[130.36543,32.527197],[130.241699,32.462793],[130.381055,32.42373]]]},"properties":{"scalerank":0,"featurecla":"Land","min_zoom":3}},
{"type":"Feature","geometry":{"type":"Polygon","coordinates":[[[133.370508,36.203857],[133.295703,36.340137],[133.206152,36.293408],[133.239258,36.17876],[133.370508,36.203857]]]},"properties":{"scalerank":0,"featurecla":"Land","min_zoom":3}},
{"type":"Feature","geometry":{"type":"Polygon","coordinates":[[[138.344043,37.822119],[138.496973,37.903906],[138.461328,38.291455],[138.25,38.078467],[138.344043,37.822119]]]},"properties":{"scalerank":0,"featurecla":"Land","min_zoom":2}},
{"type":"Feature","geometry":{"type":"Polygon","coordinates":[[[139.48125,42.081006],[139.558398,42.235205],[139.431348,42.199561],[139.48125,42.081006]]]},"properties":{"scalerank":0,"featurecla":"Land","min_zoom":3}},
{"type":"Feature","geometry":{"type":"Polygon","coordinates":[[[141.072754,45.332861],[141.056738,45.449561],[140.97168,45.465479],[140.982129,45.36377],[141.072754,45.332861]]]},"properties":{"scalerank":0,"featurecla":"Land","min_zoom":3}},
{"type":"Feature","geometry":{"type":"Polygon","coordinates":[[[141.29541,45.119336],[141.251855,45.232471],[141.145313,45.153906],[141.29541,45.119336]]]},"properties":{"scalerank":0,"featurecla":"Land","min_zoom":3}},
{"type":"Feature","geometry":{"type":"Polygon","coordinates":[[[139.841113,33.056055],[139.873633,33.093506],[139.808887,33.129248],[139.775684,33.078223],[139.841113,33.056055]]]},"properties":{"scalerank":0,"featurecla":"Land","min_zoom":4}},
{"type":"Feature","geometry":{"type":"Polygon","coordinates":[[[139.456445,34.726514],[139.426172,34.775879],[139.37002,34.775439],[139.366895,34.720508],[139.456445,34.726514]]]},"properties":{"scalerank":0,"featurecla":"Land","min_zoom":4}},
{"type":"Feature","geometry":{"type":"Polygon","coordinates":[[[134.932813,34.288135],[134.834277,34.472656],[134.667871,34.294141],[134.932813,34.288135]]]},"properties":{"scalerank":0,"featurecla":"Land","min_zoom":3}},
{"type":"Feature","geometry":{"type":"Polygon","coordinates":[[[129.076953,32.840283],[129.152734,33.00332],[129.109766,33.132568],[129.019629,32.919629],[129.076953,32.840283]]]},"properties":{"scalerank":0,"featurecla":"Land","min_zoom":3}},
{"type":"Feature","geometry":{"type":"Polygon","coordinates":[[[129.491797,33.223047],[129.508105,33.284326],[129.461914,33.33125],[129.416992,33.231104],[129.491797,33.223047]]]},"properties":{"scalerank":0,"featurecla":"Land","min_zoom":3}},
{"type":"Feature","geometry":{"type":"Polygon","coordinates":[[[129.795703,33.748828],[129.717285,33.858398],[129.674805,33.739697],[129.795703,33.748828]]]},"properties":{"scalerank":0,"featurecla":"Land","min_zoom":3}},
{"type":"Feature","geometry":{"type":"Polygon","coordinates":[[[129.279492,34.123389],[129.337109,34.284766],[129.214844,34.320654],[129.186426,34.14502],[129.279492,34.123389]]]},"properties":{"scalerank":0,"featurecla":"Land","min_zoom":3}},
{"type":"Feature","geometry":{"type":"Polygon","coordinates":[[[129.385645,34.353662],[129.475391,34.54043],[129.325879,34.607275],[129.266699,34.370459],[129.385645,34.353662]]]},"properties":{"scalerank":0,"featurecla":"Land","min_zoom":3}},
{"type":"Feature","geometry":{"type":"Polygon","coordinates":[[[132.578418,34.115186],[132.523535,34.164062],[132.460938,34.087256],[132.549414,34.075098],[132.578418,34.115186]]]},"properties":{"scalerank":0,"featurecla":"Land","min_zoom":4}},
{"type":"Feature","geometry":{"type":"Polygon","coordinates":[[[132.266016,33.945166],[132.208789,33.872852],[132.359961,33.847021],[132.266016,33.945166]]]},"properties":{"scalerank":0,"featurecla":"Land","min_zoom":3}},
{"type":"Feature","geometry":{"type":"Polygon","coordinates":[[[118.407422,24.522119],[118.295117,24.436328],[118.432715,24.414355],[118.407422,24.522119]]]},"properties":{"scalerank":0,"featurecla":"Land","min_zoom":3}},
{"type":"Feature","geometry":{"type":"Polygon","coordinates":[[[118.183008,24.496289],[118.103809,24.552344],[118.090527,24.446143],[118.183008,24.496289]]]},"properties":{"scalerank":0,"featurecla":"Land","min_zoom":4}},
{"type":"Feature","geometry":{"type":"Polygon","coordinates":[[[128.741016,34.798535],[128.721875,35.013574],[128.489258,34.865283],[128.741016,34.798535]]]},"properties":{"scalerank":0,"featurecla":"Land","min_zoom":3}},
{"type":"Feature","geometry":{"type":"Polygon","coordinates":[[[128.06582,34.805859],[127.91543,34.920996],[127.873438,34.734961],[128.06582,34.805859]]]},"properties":{"scalerank":0,"featurecla":"Land","min_zoom":3}},
{"type":"Feature","geometry":{"type":"Polygon","coordinates":[[[127.799023,34.615039],[127.787109,34.682129],[127.737305,34.630908],[127.799023,34.615039]]]},"properties":{"scalerank":0,"featurecla":"Land","min_zoom":4}},
{"type":"Feature","geometry":{"type":"Polygon","coordinates":[[[126.326953,33.223633],[126.872852,33.341162],[126.695508,33.549316],[126.337695,33.4604],[126.326953,33.223633]]]},"properties":{"scalerank":0,"featurecla":"Land","min_zoom":2}},
{"type":"Feature","geometry":{"type":"Polygon","coordinates":[[[126.233691,34.370508],[126.379883,34.497949],[126.247461,34.56333],[126.122852,34.443945],[126.233691,34.370508]]]},"properties":{"scalerank":0,"featurecla":"Land","min_zoom":3}},
{"type":"Feature","geometry":{"type":"Polygon","coordinates":[[[126.520703,37.736816],[126.369336,37.772021],[126.42334,37.623633],[126.520703,37.736816]]]},"properties":{"scalerank":0,"featurecla":"Land","min_zoom":3}},
{"type":"Feature","geometry":{"type":"Polygon","coordinates":[[[121.862695,31.492285],[121.576563,31.637305],[121.46416,31.756445],[121.336426,31.64375],[121.780469,31.46377],[121.862695,31.492285]]]},"properties":{"scalerank":0,"featurecla":"Land","min_zoom":2}},
{"type":"Feature","geometry":{"type":"Polygon","coordinates":[[[122.295898,29.963428],[122.110547,30.139746],[122.024023,30.01333],[122.295898,29.963428]]]},"properties":{"scalerank":0,"featurecla":"Land","min_zoom":3}},
{"type":"Feature","geometry":{"type":"Polygon","coordinates":[[[122.172559,29.679004],[122.119629,29.782227],[122.083789,29.725342],[122.172559,29.679004]]]},"properties":{"scalerank":0,"featurecla":"Land","min_zoom":4}},
{"type":"Feature","geometry":{"type":"Polygon","coordinates":[[[122.403906,29.892383],[122.401563,29.950244],[122.331836,29.934961],[122.367578,29.852686],[122.403906,29.892383]]]},"properties":{"scalerank":0,"featurecla":"Land","min_zoom":4}},
{"type":"Feature","geometry":{"type":"Polygon","coordinates":[[[119.820898,25.456982],[119.828711,25.607373],[119.722559,25.638818],[119.700293,25.432715],[119.820898,25.456982]]]},"properties":{"scalerank":0,"featurecla":"Land","min_zoom":3}},
{"type":"Feature","geometry":{"type":"Polygon","coordinates":[[[110.385156,21.093164],[110.421875,21.006885],[110.503906,20.967725],[110.521582,21.083105],[110.385156,21.093164]]]},"properties":{"scalerank":0,"featurecla":"Land","min_zoom":3}},
{"type":"Feature","geometry":{"type":"Polygon","coordinates":[[[107.602734,21.216797],[107.47627,21.268945],[107.458691,21.09165],[107.602734,21.216797]]]},"properties":{"scalerank":0,"featurecla":"Land","min_zoom":3}},
{"type":"Feature","geometry":{"type":"Polygon","coordinates":[[[107.521289,20.926611],[107.551074,20.981201],[107.518945,21.012842],[107.478613,20.952344],[107.521289,20.926611]]]},"properties":{"scalerank":0,"featurecla":"Land","min_zoom":4}},
{"type":"Feature","geometry":{"type":"Polygon","coordinates":[[[107.031348,20.747021],[107.04375,20.836816],[106.953418,20.867041],[106.910645,20.824219],[107.031348,20.747021]]]},"properties":{"scalerank":0,"featurecla":"Land","min_zoom":3}},
{"type":"Feature","geometry":{"type":"Polygon","coordinates":[[[106.865625,20.815723],[106.795313,20.92793],[106.769434,20.864209],[106.865625,20.815723]]]},"properties":{"scalerank":0,"featurecla":"Land","min_zoom":4}},
{"type":"Feature","geometry":{"type":"Polygon","coordinates":[[[106.61748,8.682812],[106.652539,8.701123],[106.658594,8.766357],[106.567969,8.700928],[106.61748,8.682812]]]},"properties":{"scalerank":0,"featurecla":"Land","min_zoom":4}},
{"type":"Feature","geometry":{"type":"Polygon","coordinates":[[[104.063965,10.39082],[103.867969,10.3354],[104.075781,10.224854],[104.063965,10.39082]]]},"properties":{"scalerank":0,"featurecla":"Land","min_zoom":3}},
{"type":"Feature","geometry":{"type":"Polygon","coordinates":[[[103.045117,11.285059],[103.036816,11.389941],[103.00752,11.383301],[102.993359,11.29043],[103.045117,11.285059]]]},"properties":{"scalerank":0,"featurecla":"Land","min_zoom":4}},
{"type":"Feature","geometry":{"type":"Polygon","coordinates":[[[102.606445,11.676514],[102.532813,11.614941],[102.589941,11.572168],[102.606445,11.676514]]]},"properties":{"scalerank":0,"featurecla":"Land","min_zoom":4}},
{"type":"Feature","geometry":{"type":"Polygon","coordinates":[[[102.426758,11.988721],[102.318848,12.14165],[102.301953,11.980811],[102.426758,11.988721]]]},"properties":{"scalerank":0,"featurecla":"Land","min_zoom":3}},
{"type":"Feature","geometry":{"type":"Polygon","coordinates":[[[103.969727,1.331445],[103.817969,1.44707],[103.650195,1.325537],[103.819922,1.265381],[103.969727,1.331445]]]},"properties":{"scalerank":0,"featurecla":"Land","min_zoom":2}},
{"type":"Feature","geometry":{"type":"Polygon","coordinates":[[[104.221582,2.731738],[104.184766,2.871729],[104.129102,2.767236],[104.221582,2.731738]]]},"properties":{"scalerank":0,"featurecla":"Land","min_zoom":3}},
{"type":"Feature","geometry":{"type":"Polygon","coordinates":[[[100.288965,5.294727],[100.338867,5.410059],[100.203906,5.446875],[100.191016,5.282861],[100.288965,5.294727]]]},"properties":{"scalerank":0,"featurecla":"Land","min_zoom":3}},
{"type":"Feature","geometry":{"type":"Polygon","coordinates":[[[99.848047,6.465723],[99.749219,6.409619],[99.74375,6.263281],[99.918652,6.358594],[99.848047,6.465723]]]},"properties":{"scalerank":0,"featurecla":"Land","min_zoom":3}},
{"type":"Feature","geometry":{"type":"Polygon","coordinates":[[[99.663086,6.521924],[99.701367,6.570557],[99.654004,6.714111],[99.606641,6.596826],[99.663086,6.521924]]]},"properties":{"scalerank":0,"featurecla":"Land","min_zoom":3}},
{"type":"Feature","geometry":{"type":"Polygon","coordinates":[[[100.074121,9.69668],[100.043457,9.79165],[99.983398,9.793555],[100.025684,9.711719],[100.074121,9.69668]]]},"properties":{"scalerank":0,"featurecla":"Land","min_zoom":4}},
{"type":"Feature","geometry":{"type":"Polygon","coordinates":[[[100.070703,9.586035],[99.953613,9.581006],[99.93125,9.476074],[100.053711,9.461426],[100.070703,9.586035]]]},"properties":{"scalerank":0,"featurecla":"Land","min_zoom":3}},
{"type":"Feature","geometry":{"type":"Polygon","coordinates":[[[98.591992,7.933936],[98.604297,8.057324],[98.529395,8.108545],[98.591992,7.933936]]]},"properties":{"scalerank":0,"featurecla":"Land","min_zoom":4}},
{"type":"Feature","geometry":{"type":"Polygon","coordinates":[[[98.409082,7.902051],[98.434961,8.085645],[98.301367,8.13623],[98.262305,7.926074],[98.409082,7.902051]]]},"properties":{"scalerank":0,"featurecla":"Land","min_zoom":3}},
{"type":"Feature","geometry":{"type":"Polygon","coordinates":[[[98.30752,9.051465],[98.273633,9.129883],[98.250781,9.04082],[98.30752,9.051465]]]},"properties":{"scalerank":0,"featurecla":"Land","min_zoom":4}},
{"type":"Feature","geometry":{"type":"Polygon","coordinates":[[[93.890039,6.831055],[93.858984,7.206836],[93.68418,7.183594],[93.709277,7.000684],[93.890039,6.831055]]]},"properties":{"scalerank":0,"featurecla":"Land","min_zoom":2}},
{"type":"Feature","geometry":{"type":"Polygon","coordinates":[[[93.733594,7.356494],[93.69248,7.410596],[93.597266,7.31875],[93.638477,7.261865],[93.733594,7.356494]]]},"properties":{"scalerank":0,"featurecla":"Land","min_zoom":3}},
{"type":"Feature","geometry":{"type":"Polygon","coordinates":[[[93.140723,8.249512],[93.096973,8.349365],[93.064258,8.274951],[93.140723,8.249512]]]},"properties":{"scalerank":0,"featurecla":"Land","min_zoom":4}},
{"type":"Feature","geometry":{"type":"Polygon","coordinates":[[[93.442578,7.877832],[93.375488,8.01792],[93.309375,7.964014],[93.442578,7.877832]]]},"properties":{"scalerank":0,"featurecla":"Land","min_zoom":3}},
{"type":"Feature","geometry":{"type":"Polygon","coordinates":[[[93.536914,8.056641],[93.494043,8.224658],[93.456445,8.171875],[93.478223,8.024463],[93.536914,8.056641]]]},"properties":{"scalerank":0,"featurecla":"Land","min_zoom":3}},
{"type":"Feature","geometry":{"type":"Polygon","coordinates":[[[92.7875,9.13667],[92.785742,9.240527],[92.713281,9.204883],[92.7875,9.13667]]]},"properties":{"scalerank":0,"featurecla":"Land","min_zoom":4}},
{"type":"Feature","geometry":{"type":"Polygon","coordinates":[[[92.502832,10.554883],[92.574316,10.704248],[92.510352,10.897461],[92.352832,10.751123],[92.502832,10.554883]]]},"properties":{"scalerank":0,"featurecla":"Land","min_zoom":2}},
{"type":"Feature","geometry":{"type":"Polygon","coordinates":[[[92.693164,11.381152],[92.690039,11.463428],[92.640234,11.509131],[92.644531,11.361328],[92.693164,11.381152]]]},"properties":{"scalerank":0,"featurecla":"Land","min_zoom":4}},
{"type":"Feature","geometry":{"type":"Polygon","coordinates":[[[93.017383,12.036816],[92.955371,12.002441],[93.062109,11.899414],[93.017383,12.036816]]]},"properties":{"scalerank":0,"featurecla":"Land","min_zoom":4}},
{"type":"Feature","geometry":{"type":"Polygon","coordinates":[[[92.717578,12.864893],[92.730859,12.948535],[92.679688,12.939258],[92.717578,12.864893]]]},"properties":{"scalerank":0,"featurecla":"Land","min_zoom":4}},
{"type":"Feature","geometry":{"type":"Polygon","coordinates":[[[92.722754,11.536084],[92.747656,11.992773],[92.990234,12.538525],[92.88623,12.942285],[93.073828,13.2521],[92.857324,13.358105],[92.694727,12.214697],[92.533887,11.873389],[92.722754,11.536084]]]},"properties":{"scalerank":0,"featurecla":"Land","min_zoom":2}},
{"type":"Feature","geometry":{"type":"Polygon","coordinates":[[[98.541699,10.961523],[98.526563,11.086963],[98.477441,10.979736],[98.541699,10.961523]]]},"properties":{"scalerank":0,"featurecla":"Land","min_zoom":4}},
{"type":"Feature","geometry":{"type":"Polygon","coordinates":[[[98.209766,10.952734],[98.155371,10.897949],[98.293457,10.779687],[98.209766,10.952734]]]},"properties":{"scalerank":0,"featurecla":"Land","min_zoom":3}},
{"type":"Feature","geometry":{"type":"Polygon","coordinates":[[[98.182617,9.933447],[98.283398,10.007617],[98.220703,10.045215],[98.182617,9.933447]]]},"properties":{"scalerank":0,"featurecla":"Land","min_zoom":3}},
{"type":"Feature","geometry":{"type":"Polygon","coordinates":[[[98.22168,11.478223],[98.263281,11.523633],[98.30752,11.7229],[98.278125,11.758398],[98.201074,11.567187],[98.22168,11.478223]]]},"properties":{"scalerank":0,"featurecla":"Land","min_zoom":3}},
{"type":"Feature","geometry":{"type":"Polygon","coordinates":[[[98.516016,11.905029],[98.60957,11.956641],[98.454492,12.061279],[98.516016,11.905029]]]},"properties":{"scalerank":0,"featurecla":"Land","min_zoom":3}},
{"type":"Feature","geometry":{"type":"Polygon","coordinates":[[[98.075488,11.692383],[98.05957,11.756689],[98.010352,11.860254],[98.021094,11.695898],[98.075488,11.692383]]]},"properties":{"scalerank":0,"featurecla":"Land","min_zoom":4}},
{"type":"Feature","geometry":{"type":"Polygon","coordinates":[[[98.553809,11.744873],[98.376465,11.791504],[98.434766,11.56709],[98.553809,11.744873]]]},"properties":{"scalerank":0,"featurecla":"Land","min_zoom":3}},
{"type":"Feature","geometry":{"type":"Polygon","coordinates":[[[98.136719,12.150439],[98.128418,12.26123],[98.037305,12.232471],[98.136719,12.150439]]]},"properties":{"scalerank":0,"featurecla":"Land","min_zoom":3}},
{"type":"Feature","geometry":{"type":"Polygon","coordinates":[[[98.066113,12.389795],[97.938672,12.346094],[98.002344,12.279004],[98.066113,12.389795]]]},"properties":{"scalerank":0,"featurecla":"Land","min_zoom":3}},
{"type":"Feature","geometry":{"type":"Polygon","coordinates":[[[98.413965,12.597949],[98.331445,12.511426],[98.380859,12.353662],[98.459473,12.47373],[98.413965,12.597949]]]},"properties":{"scalerank":0,"featurecla":"Land","min_zoom":3}},
{"type":"Feature","geometry":{"type":"Polygon","coordinates":[[[98.31543,13.099072],[98.25459,13.188574],[98.259277,13.014014],[98.31543,13.099072]]]},"properties":{"scalerank":0,"featurecla":"Land","min_zoom":3}},
{"type":"Feature","geometry":{"type":"Polygon","coordinates":[[[97.575,16.253223],[97.599609,16.429541],[97.469141,16.461035],[97.480371,16.305713],[97.575,16.253223]]]},"properties":{"scalerank":0,"featurecla":"Land","min_zoom":3}},
{"type":"Feature","geometry":{"type":"Polygon","coordinates":[[[99.078418,7.591846],[99.037695,7.548486],[99.067871,7.495898],[99.104395,7.471289],[99.078418,7.591846]]]},"properties":{"scalerank":0,"featurecla":"Land","min_zoom":4}},
{"type":"Feature","geometry":{"type":"Polygon","coordinates":[[[94.804883,15.819336],[94.838184,15.89209],[94.828027,15.933008],[94.733496,15.823047],[94.804883,15.819336]]]},"properties":{"scalerank":0,"featurecla":"Land","min_zoom":4}},
{"type":"Feature","geometry":{"type":"Polygon","coordinates":[[[94.476758,15.945947],[94.566113,16.019287],[94.618652,16.141309],[94.387891,15.994141],[94.476758,15.945947]]]},"properties":{"scalerank":0,"featurecla":"Land","min_zoom":3}},
{"type":"Feature","geometry":{"type":"Polygon","coordinates":[[[93.69082,18.684277],[93.744727,18.865527],[93.4875,18.867529],[93.69082,18.684277]]]},"properties":{"scalerank":0,"featurecla":"Land","min_zoom":3}},
{"type":"Feature","geometry":{"type":"Polygon","coordinates":[[[93.491797,19.892578],[93.412891,19.950342],[93.444629,19.806445],[93.491797,19.892578]]]},"properties":{"scalerank":0,"featurecla":"Land","min_zoom":3}},
{"type":"Feature","geometry":{"type":"Polygon","coordinates":[[[93.010156,19.923926],[92.95957,20.046191],[92.912695,19.999805],[93.010156,19.923926]]]},"properties":{"scalerank":0,"featurecla":"Land","min_zoom":3}},
{"type":"Feature","geometry":{"type":"Polygon","coordinates":[[[93.714844,19.558252],[93.755859,19.325684],[93.945703,19.428613],[93.714844,19.558252]]]},"properties":{"scalerank":0,"featurecla":"Land","min_zoom":3}},
{"type":"Feature","geometry":{"type":"Polygon","coordinates":[[[91.873828,21.832129],[91.88252,21.883643],[91.835156,21.885352],[91.819727,21.809814],[91.873828,21.832129]]]},"properties":{"scalerank":0,"featurecla":"Land","min_zoom":4}},
{"type":"Feature","geometry":{"type":"Polygon","coordinates":[[[91.949219,21.508057],[91.933984,21.722168],[91.857031,21.708789],[91.949219,21.508057]]]},"properties":{"scalerank":0,"featurecla":"Land","min_zoom":3}},
{"type":"Feature","geometry":{"type":"Polygon","coordinates":[[[91.150781,22.175195],[91.178223,22.283008],[91.079492,22.519727],[91.044727,22.105176],[91.150781,22.175195]]]},"properties":{"scalerank":0,"featurecla":"Land","min_zoom":3}},
{"type":"Feature","geometry":{"type":"Polygon","coordinates":[[[91.556738,22.382227],[91.483984,22.576562],[91.411328,22.475684],[91.556738,22.382227]]]},"properties":{"scalerank":0,"featurecla":"Land","min_zoom":3}},
{"type":"Feature","geometry":{"type":"Polygon","coordinates":[[[90.641797,22.962988],[90.579883,23.035449],[90.536328,23.014893],[90.603906,22.945557],[90.641797,22.962988]]]},"properties":{"scalerank":0,"featurecla":"Land","min_zoom":4}},
{"type":"Feature","geometry":{"type":"Polygon","coordinates":[[[90.777637,22.089307],[90.680469,22.32749],[90.515039,22.065137],[90.777637,22.089307]]]},"properties":{"scalerank":0,"featurecla":"Land","min_zoom":0}},
{"type":"Feature","geometry":{"type":"Polygon","coordinates":[[[79.969531,9.630664],[79.911914,9.67915],[79.888477,9.741162],[79.845703,9.714648],[79.906836,9.619824],[79.969531,9.630664]]]},"properties":{"scalerank":0,"featurecla":"Land","min_zoom":4}},
{"type":"Feature","geometry":{"type":"Polygon","coordinates":[[[79.874805,9.050732],[79.766797,9.069775],[79.903711,8.975],[79.874805,9.050732]]]},"properties":{"scalerank":0,"featurecla":"Land","min_zoom":4}},
{"type":"Feature","geometry":{"type":"Polygon","coordinates":[[[-8.953564,70.83916],[-8.635352,70.94043],[-8.0021,71.04126],[-8.343701,71.140137],[-8.520801,71.030664],[-8.964648,70.915918],[-8.953564,70.83916]]]},"properties":{"scalerank":0,"featurecla":"Land","min_zoom":3}},
{"type":"Feature","geometry":{"type":"Polygon","coordinates":[[[-155.581348,19.012012],[-154.804199,19.524463],[-155.198779,19.994385],[-155.831641,20.27583],[-156.048682,19.749951],[-155.881299,19.070508],[-155.581348,19.012012]]]},"properties":{"scalerank":0,"featurecla":"Land","min_zoom":0.5}},
{"type":"Feature","geometry":{"type":"Polygon","coordinates":[[[-157.213623,21.215381],[-157.290332,21.112598],[-156.859863,21.056348],[-156.742188,21.163525],[-157.213623,21.215381]]]},"properties":{"scalerank":0,"featurecla":"Land","min_zoom":1.5}},
{"type":"Feature","geometry":{"type":"Polygon","coordinates":[[[-156.486816,20.932568],[-156.438232,20.617871],[-156.107129,20.644775],[-156.277539,20.95127],[-156.486816,20.932568]]]},"properties":{"scalerank":0,"featurecla":"Land","min_zoom":1.5}},
{"type":"Feature","geometry":{"type":"Polygon","coordinates":[[[-160.180029,21.841064],[-160.080029,21.907422],[-160.100635,22.015234],[-160.220898,21.897266],[-160.180029,21.841064]]]},"properties":{"scalerank":0,"featurecla":"Land","min_zoom":3}},
{"type":"Feature","geometry":{"type":"Polygon","coordinates":[[[-157.799365,21.456641],[-157.9625,21.701367],[-158.273145,21.585254],[-158.110352,21.318604],[-157.799365,21.456641]]]},"properties":{"scalerank":0,"featurecla":"Land","min_zoom":1}},
{"type":"Feature","geometry":{"type":"Polygon","coordinates":[[[-159.372754,21.932373],[-159.352051,22.21958],[-159.579199,22.223145],[-159.78916,22.041797],[-159.372754,21.932373]]]},"properties":{"scalerank":0,"featurecla":"Land","min_zoom":1.5}},
{"type":"Feature","geometry":{"type":"Polygon","coordinates":[[[-156.849609,20.772656],[-156.941797,20.930029],[-157.050586,20.912451],[-156.973389,20.75752],[-156.849609,20.772656]]]},"properties":{"scalerank":0,"featurecla":"Land","min_zoom":3}},
{"type":"Feature","geometry":{"type":"Polygon","coordinates":[[[179.451563,51.372607],[179.181738,51.469922],[178.908008,51.615576],[178.925879,51.535059],[179.278125,51.372217],[179.451563,51.372607]]]},"properties":{"scalerank":0,"featurecla":"Land","min_zoom":3}},
{"type":"Feature","geometry":{"type":"Polygon","coordinates":[[[179.727734,51.90542],[179.627148,52.03042],[179.503906,51.97959],[179.549609,51.894043],[179.727734,51.90542]]]},"properties":{"scalerank":0,"featurecla":"Land","min_zoom":3}},
{"type":"Feature","geometry":{"type":"Polygon","coordinates":[[[177.41543,51.882812],[177.594141,51.947559],[177.520508,52.018213],[177.250293,51.90293],[177.41543,51.882812]]]},"properties":{"scalerank":0,"featurecla":"Land","min_zoom":3}},
{"type":"Feature","geometry":{"type":"Polygon","coordinates":[[[173.722754,52.35957],[173.657617,52.504102],[173.402344,52.404785],[173.722754,52.35957]]]},"properties":{"scalerank":0,"featurecla":"Land","min_zoom":3}},
{"type":"Feature","geometry":{"type":"Polygon","coordinates":[[[172.811816,53.012988],[172.935156,52.7521],[173.436035,52.852051],[172.811816,53.012988]]]},"properties":{"scalerank":0,"featurecla":"Land","min_zoom":2}},
{"type":"Feature","geometry":{"type":"Polygon","coordinates":[[[-172.742236,60.457373],[-172.860205,60.505664],[-173.074023,60.493213],[-172.635742,60.328857],[-172.526074,60.391748],[-172.742236,60.457373]]]},"properties":{"scalerank":0,"featurecla":"Land","min_zoom":3}},
{"type":"Feature","geometry":{"type":"Polygon","coordinates":[[[-170.160547,57.183936],[-170.116162,57.241797],[-170.386621,57.203027],[-170.264014,57.136768],[-170.160547,57.183936]]]},"properties":{"scalerank":0,"featurecla":"Land","min_zoom":3}},
{"type":"Feature","geometry":{"type":"Polygon","coordinates":[[[-160.329297,55.337695],[-160.480762,55.308984],[-160.343311,55.258789],[-160.329297,55.337695]]]},"properties":{"scalerank":0,"featurecla":"Land","min_zoom":4}},
{"type":"Feature","geometry":{"type":"Polygon","coordinates":[[[-160.684912,55.314795],[-160.825488,55.173975],[-160.487549,55.184863],[-160.684912,55.314795]]]},"properties":{"scalerank":0,"featurecla":"Land","min_zoom":3}},
{"type":"Feature","geometry":{"type":"Polygon","coordinates":[[[-162.298145,54.847021],[-162.23374,54.932031],[-162.293652,54.982861],[-162.433887,54.931543],[-162.298145,54.847021]]]},"properties":{"scalerank":0,"featurecla":"Land","min_zoom":3}},
{"type":"Feature","geometry":{"type":"Polygon","coordinates":[[[-162.554395,54.401367],[-162.64541,54.462061],[-162.811719,54.444385],[-162.641113,54.379541],[-162.554395,54.401367]]]},"properties":{"scalerank":0,"featurecla":"Land","min_zoom":3}},
{"type":"Feature","geometry":{"type":"Polygon","coordinates":[[[-159.362012,54.972412],[-159.39043,55.040869],[-159.458496,55.034961],[-159.421338,54.978125],[-159.362012,54.972412]]]},"properties":{"scalerank":0,"featurecla":"Land","min_zoom":4}},
{"type":"Feature","geometry":{"type":"Polygon","coordinates":[[[-159.872998,55.12876],[-159.898242,55.221289],[-160.17207,55.123047],[-160.038428,55.044482],[-159.872998,55.12876]]]},"properties":{"scalerank":0,"featurecla":"Land","min_zoom":3}},
{"type":"Feature","geometry":{"type":"Polygon","coordinates":[[[-159.515137,55.151855],[-159.597949,55.125684],[-159.648486,55.074561],[-159.52041,55.072168],[-159.515137,55.151855]]]},"properties":{"scalerank":0,"featurecla":"Land","min_zoom":4}},
{"type":"Feature","geometry":{"type":"Polygon","coordinates":[[[-169.691943,52.847363],[-169.754883,52.883643],[-169.982568,52.851025],[-169.722754,52.792334],[-169.691943,52.847363]]]},"properties":{"scalerank":0,"featurecla":"Land","min_zoom":3}},
{"type":"Feature","geometry":{"type":"Polygon","coordinates":[[[-170.733398,52.581494],[-170.586621,52.642432],[-170.68208,52.697559],[-170.733398,52.581494]]]},"properties":{"scalerank":0,"featurecla":"Land","min_zoom":3}},
{"type":"Feature","geometry":{"type":"Polygon","coordinates":[[[-165.841553,54.070654],[-165.892871,54.206982],[-166.087744,54.169141],[-166.036426,54.047168],[-165.841553,54.070654]]]},"properties":{"scalerank":0,"featurecla":"Land","min_zoom":3}},
{"type":"Feature","geometry":{"type":"Polygon","coordinates":[[[-165.561133,54.136719],[-165.467578,54.180908],[-165.550635,54.284521],[-165.65415,54.25332],[-165.561133,54.136719]]]},"properties":{"scalerank":0,"featurecla":"Land","min_zoom":3}},
{"type":"Feature","geometry":{"type":"Polygon","coordinates":[[[-167.964355,53.345117],[-168.287695,53.500146],[-168.436621,53.256885],[-167.964355,53.345117]]]},"properties":{"scalerank":0,"featurecla":"Land","min_zoom":2}},
{"type":"Feature","geometry":{"type":"Polygon","coordinates":[[[-166.615332,53.900928],[-166.978076,53.962939],[-167.136084,53.526465],[-166.444189,53.651807],[-166.615332,53.900928]]]},"properties":{"scalerank":0,"featurecla":"Land","min_zoom":2}},
{"type":"Feature","geometry":{"type":"Polygon","coordinates":[[[-166.209766,53.723291],[-166.102686,53.832812],[-166.187744,53.822461],[-166.250732,53.767773],[-166.209766,53.723291]]]},"properties":{"scalerank":0,"featurecla":"Land","min_zoom":4}},
{"type":"Feature","geometry":{"type":"Polygon","coordinates":[[[-172.464795,52.272266],[-172.313623,52.32959],[-172.47041,52.388037],[-172.464795,52.272266]]]},"properties":{"scalerank":0,"featurecla":"Land","min_zoom":3}},
{"type":"Feature","geometry":{"type":"Polygon","coordinates":[[[-173.55332,52.136279],[-173.672559,52.062646],[-173.460986,52.041553],[-173.55332,52.136279]]]},"properties":{"scalerank":0,"featurecla":"Land","min_zoom":3}},
{"type":"Feature","geometry":{"type":"Polygon","coordinates":[[[-174.677393,52.03501],[-174.120654,52.135205],[-174.018359,52.331787],[-174.677393,52.03501]]]},"properties":{"scalerank":0,"featurecla":"Land","min_zoom":2}},
{"type":"Feature","geometry":{"type":"Polygon","coordinates":[[[-176.008984,51.812354],[-176.193652,51.886279],[-176.204443,51.834814],[-176.093359,51.790479],[-176.008984,51.812354]]]},"properties":{"scalerank":0,"featurecla":"Land","min_zoom":4}},
{"type":"Feature","geometry":{"type":"Polygon","coordinates":[[[-176.286719,51.791992],[-176.413721,51.840576],[-176.396094,51.759863],[-176.286719,51.791992]]]},"properties":{"scalerank":0,"featurecla":"Land","min_zoom":4}},
{"type":"Feature","geometry":{"type":"Polygon","coordinates":[[[-176.593311,51.866699],[-176.874414,51.790479],[-176.770947,51.629932],[-176.437354,51.754297],[-176.593311,51.866699]]]},"properties":{"scalerank":0,"featurecla":"Land","min_zoom":2}},
{"type":"Feature","geometry":{"type":"Polygon","coordinates":[[[-176.021533,52.002441],[-176.031201,52.082324],[-176.155664,52.099414],[-176.142871,52.004297],[-176.021533,52.002441]]]},"properties":{"scalerank":0,"featurecla":"Land","min_zoom":3}},
{"type":"Feature","geometry":{"type":"Polygon","coordinates":[[[-177.148193,51.716748],[-177.209766,51.84126],[-177.577588,51.694189],[-177.148193,51.716748]]]},"properties":{"scalerank":0,"featurecla":"Land","min_zoom":3}},
{"type":"Feature","geometry":{"type":"Polygon","coordinates":[[[-177.879053,51.649707],[-177.770654,51.777881],[-177.953809,51.918457],[-178.194531,51.882227],[-177.879053,51.649707]]]},"properties":{"scalerank":0,"featurecla":"Land","min_zoom":3}},
{"type":"Feature","geometry":{"type":"Polygon","coordinates":[[[73.707422,-53.137109],[73.585742,-53.027148],[73.336328,-53.029883],[73.465137,-53.18418],[73.707422,-53.137109]]]},"properties":{"scalerank":0,"featurecla":"Land","min_zoom":3}},
{"type":"Feature","geometry":{"type":"Polygon","coordinates":[[[69.282422,-49.058887],[69.36875,-48.89043],[69.150098,-48.919043],[69.282422,-49.058887]]]},"properties":{"scalerank":0,"featurecla":"Land","min_zoom":3}},
{"type":"Feature","geometry":{"type":"Polygon","coordinates":[[[51.83457,-46.439941],[51.741895,-46.326855],[51.696582,-46.428125],[51.83457,-46.439941]]]},"properties":{"scalerank":0,"featurecla":"Land","min_zoom":3}},
{"type":"Feature","geometry":{"type":"Polygon","coordinates":[[[37.856934,-46.944238],[37.684863,-46.824023],[37.611816,-46.946484],[37.856934,-46.944238]]]},"properties":{"scalerank":0,"featurecla":"Land","min_zoom":3}},
{"type":"Feature","geometry":{"type":"Polygon","coordinates":[[[27.842773,35.929297],[28.144043,36.209863],[27.914453,36.345312],[27.716309,36.171582],[27.842773,35.929297]]]},"properties":{"scalerank":0,"featurecla":"Land","min_zoom":2}},
{"type":"Feature","geometry":{"type":"Polygon","coordinates":[[[27.176074,35.465283],[27.157227,35.629492],[27.070703,35.597754],[27.176074,35.465283]]]},"properties":{"scalerank":0,"featurecla":"Land","min_zoom":3}},
{"type":"Feature","geometry":{"type":"Polygon","coordinates":[[[27.860156,36.553906],[27.8625,36.641162],[27.785742,36.60752],[27.860156,36.553906]]]},"properties":{"scalerank":0,"featurecla":"Land","min_zoom":4}},
{"type":"Feature","geometry":{"type":"Polygon","coordinates":[[[27.019727,36.959033],[27.040137,37.001562],[26.966602,37.0521],[26.919922,36.945215],[27.019727,36.959033]]]},"properties":{"scalerank":0,"featurecla":"Land","min_zoom":4}},
{"type":"Feature","geometry":{"type":"Polygon","coordinates":[[[26.949609,36.7271],[27.150977,36.777588],[27.061133,36.840381],[26.949609,36.7271]]]},"properties":{"scalerank":0,"featurecla":"Land","min_zoom":3}},
{"type":"Feature","geometry":{"type":"Polygon","coordinates":[[[25.545898,36.967578],[25.587891,37.152539],[25.361914,37.07041],[25.545898,36.967578]]]},"properties":{"scalerank":0,"featurecla":"Land","min_zoom":3}},
{"type":"Feature","geometry":{"type":"Polygon","coordinates":[[[25.278906,37.068408],[25.235059,37.148535],[25.105469,37.034961],[25.199414,36.991309],[25.278906,37.068408]]]},"properties":{"scalerank":0,"featurecla":"Land","min_zoom":3}},
{"type":"Feature","geometry":{"type":"Polygon","coordinates":[[[25.482422,36.392627],[25.467383,36.435059],[25.370508,36.358936],[25.435938,36.340088],[25.482422,36.392627]]]},"properties":{"scalerank":0,"featurecla":"Land","min_zoom":4}},
{"type":"Feature","geometry":{"type":"Polygon","coordinates":[[[25.381738,36.674023],[25.406934,36.717334],[25.295898,36.78916],[25.259961,36.758447],[25.381738,36.674023]]]},"properties":{"scalerank":0,"featurecla":"Land","min_zoom":4}},
{"type":"Feature","geometry":{"type":"Polygon","coordinates":[[[26.824414,37.811426],[26.844922,37.644727],[27.039648,37.77002],[26.824414,37.811426]]]},"properties":{"scalerank":0,"featurecla":"Land","min_zoom":3}},
{"type":"Feature","geometry":{"type":"Polygon","coordinates":[[[26.029297,37.529395],[26.204883,37.568506],[26.086328,37.634912],[26.029297,37.529395]]]},"properties":{"scalerank":0,"featurecla":"Land","min_zoom":3}},
{"type":"Feature","geometry":{"type":"Polygon","coordinates":[[[25.859375,36.79043],[25.984668,36.879687],[25.941992,36.886572],[25.852441,36.847559],[25.859375,36.79043]]]},"properties":{"scalerank":0,"featurecla":"Land","min_zoom":3}},
{"type":"Feature","geometry":{"type":"Polygon","coordinates":[[[26.460645,36.5854],[26.421289,36.624219],[26.27002,36.546924],[26.331445,36.511377],[26.460645,36.5854]]]},"properties":{"scalerank":0,"featurecla":"Land","min_zoom":3}},
{"type":"Feature","geometry":{"type":"Polygon","coordinates":[[[24.355957,37.576855],[24.400781,37.649023],[24.32041,37.677734],[24.277441,37.601123],[24.355957,37.576855]]]},"properties":{"scalerank":0,"featurecla":"Land","min_zoom":3}},
{"type":"Feature","geometry":{"type":"Polygon","coordinates":[[[24.435742,37.344434],[24.481445,37.408008],[24.43125,37.475195],[24.369727,37.419629],[24.435742,37.344434]]]},"properties":{"scalerank":0,"featurecla":"Land","min_zoom":4}},
{"type":"Feature","geometry":{"type":"Polygon","coordinates":[[[24.535742,36.76377],[24.425195,36.712939],[24.357422,36.744287],[24.325977,36.655615],[24.530664,36.683984],[24.535742,36.76377]]]},"properties":{"scalerank":0,"featurecla":"Land","min_zoom":3}},
{"type":"Feature","geometry":{"type":"Polygon","coordinates":[[[24.942871,37.493506],[24.896191,37.406592],[24.937891,37.389697],[24.942871,37.493506]]]},"properties":{"scalerank":0,"featurecla":"Land","min_zoom":4}},
{"type":"Feature","geometry":{"type":"Polygon","coordinates":[[[24.991699,37.759619],[24.956348,37.904785],[24.714355,37.898877],[24.884082,37.770508],[24.991699,37.759619]]]},"properties":{"scalerank":0,"featurecla":"Land","min_zoom":3}},
{"type":"Feature","geometry":{"type":"Polygon","coordinates":[[[25.255859,37.599609],[25.091797,37.647998],[25.156348,37.545068],[25.255859,37.599609]]]},"properties":{"scalerank":0,"featurecla":"Land","min_zoom":3}},
{"type":"Feature","geometry":{"type":"Polygon","coordinates":[[[24.720898,36.921436],[24.763184,36.949219],[24.716113,37.023828],[24.676465,36.959277],[24.720898,36.921436]]]},"properties":{"scalerank":0,"featurecla":"Land","min_zoom":4}},
{"type":"Feature","geometry":{"type":"Polygon","coordinates":[[[26.094043,38.218066],[26.149609,38.468457],[25.85127,38.508398],[26.094043,38.218066]]]},"properties":{"scalerank":0,"featurecla":"Land","min_zoom":2}},
{"type":"Feature","geometry":{"type":"Polygon","coordinates":[[[26.410156,39.329443],[25.90625,39.138965],[26.46875,38.972803],[26.410156,39.329443]]]},"properties":{"scalerank":0,"featurecla":"Land","min_zoom":0}},
{"type":"Feature","geometry":{"type":"Polygon","coordinates":[[[23.779785,39.114404],[23.593945,39.208594],[23.666113,39.095361],[23.779785,39.114404]]]},"properties":{"scalerank":0,"featurecla":"Land","min_zoom":4}},
{"type":"Feature","geometry":{"type":"Polygon","coordinates":[[[23.887988,39.158301],[23.939746,39.200537],[23.888086,39.226367],[23.887988,39.158301]]]},"properties":{"scalerank":0,"featurecla":"Land","min_zoom":4}},
{"type":"Feature","geometry":{"type":"Polygon","coordinates":[[[24.674707,38.809229],[24.58125,38.878857],[24.564063,38.942236],[24.485645,38.980273],[24.461035,38.888623],[24.674707,38.809229]]]},"properties":{"scalerank":0,"featurecla":"Land","min_zoom":3}},
{"type":"Feature","geometry":{"type":"Polygon","coordinates":[[[25.685742,40.426562],[25.568555,40.515869],[25.448047,40.482812],[25.572656,40.400439],[25.685742,40.426562]]]},"properties":{"scalerank":0,"featurecla":"Land","min_zoom":3}},
{"type":"Feature","geometry":{"type":"Polygon","coordinates":[[[25.437695,39.983301],[25.058008,39.999658],[25.062207,39.852393],[25.357031,39.808105],[25.437695,39.983301]]]},"properties":{"scalerank":0,"featurecla":"Land","min_zoom":3}},
{"type":"Feature","geometry":{"type":"Polygon","coordinates":[[[24.774219,40.615186],[24.62334,40.79292],[24.515527,40.647021],[24.774219,40.615186]]]},"properties":{"scalerank":0,"featurecla":"Land","min_zoom":3}},
{"type":"Feature","geometry":{"type":"Polygon","coordinates":[[[25.97002,40.136328],[25.918359,40.237988],[25.740918,40.196289],[25.740234,40.105469],[25.97002,40.136328]]]},"properties":{"scalerank":0,"featurecla":"Land","min_zoom":3}},
{"type":"Feature","geometry":{"type":"Polygon","coordinates":[[[-16.114502,11.059424],[-16.067334,11.197217],[-16.236426,11.113428],[-16.114502,11.059424]]]},"properties":{"scalerank":0,"featurecla":"Land","min_zoom":3}},
{"type":"Feature","geometry":{"type":"Polygon","coordinates":[[[-16.37334,19.706445],[-16.393262,19.849268],[-16.477002,19.710352],[-16.37334,19.706445]]]},"properties":{"scalerank":0,"featurecla":"Land","min_zoom":3}},
{"type":"Feature","geometry":{"type":"Polygon","coordinates":[[[-17.190869,32.868604],[-17.171191,32.721875],[-16.837402,32.648291],[-16.693262,32.758008],[-17.190869,32.868604]]]},"properties":{"scalerank":0,"featurecla":"Land","min_zoom":2}},
{"type":"Feature","geometry":{"type":"Polygon","coordinates":[[[-15.895898,11.082471],[-15.909131,11.161328],[-15.946484,11.179736],[-15.963965,11.058984],[-15.895898,11.082471]]]},"properties":{"scalerank":0,"featurecla":"Land","min_zoom":4}},
{"type":"Feature","geometry":{"type":"Polygon","coordinates":[[[-16.334473,28.379932],[-16.905322,28.3396],[-16.658008,28.007178],[-16.334473,28.379932]]]},"properties":{"scalerank":0,"featurecla":"Land","min_zoom":2}},
{"type":"Feature","geometry":{"type":"Polygon","coordinates":[[[-13.715967,28.91123],[-13.47793,29.006592],[-13.45376,29.151367],[-13.788184,29.056104],[-13.715967,28.91123]]]},"properties":{"scalerank":0,"featurecla":"Land","min_zoom":2}},
{"type":"Feature","geometry":{"type":"Polygon","coordinates":[[[-14.196777,28.169287],[-13.928027,28.253467],[-13.827588,28.585156],[-14.003369,28.706689],[-14.196777,28.169287]]]},"properties":{"scalerank":0,"featurecla":"Land","min_zoom":2}},
{"type":"Feature","geometry":{"type":"Polygon","coordinates":[[[-12.526074,7.436328],[-12.615234,7.637207],[-12.951611,7.57085],[-12.526074,7.436328]]]},"properties":{"scalerank":0,"featurecla":"Land","min_zoom":2}},
{"type":"Feature","geometry":{"type":"Polygon","coordinates":[[[-15.400586,28.147363],[-15.682764,28.154053],[-15.710303,27.784082],[-15.38916,27.874707],[-15.400586,28.147363]]]},"properties":{"scalerank":0,"featurecla":"Land","min_zoom":2}},
{"type":"Feature","geometry":{"type":"Polygon","coordinates":[[[-15.725146,11.215479],[-15.667187,11.257861],[-15.71748,11.301758],[-15.754687,11.268701],[-15.725146,11.215479]]]},"properties":{"scalerank":0,"featurecla":"Land","min_zoom":3}},
{"type":"Feature","geometry":{"type":"Polygon","coordinates":[[[-15.553418,11.537012],[-15.484424,11.567529],[-15.536572,11.617627],[-15.553418,11.537012]]]},"properties":{"scalerank":0,"featurecla":"Land","min_zoom":4}},
{"type":"Feature","geometry":{"type":"Polygon","coordinates":[[[-25.169824,16.946484],[-24.979687,17.094727],[-25.113477,17.193652],[-25.337109,17.091016],[-25.169824,16.946484]]]},"properties":{"scalerank":0,"featurecla":"Land","min_zoom":2}},
{"type":"Feature","geometry":{"type":"Polygon","coordinates":[[[-24.887061,16.818115],[-24.936475,16.922119],[-25.070117,16.870703],[-25.019971,16.797217],[-24.887061,16.818115]]]},"properties":{"scalerank":0,"featurecla":"Land","min_zoom":3}},
{"type":"Feature","geometry":{"type":"Polygon","coordinates":[[[-17.184668,28.021973],[-17.129639,28.155957],[-17.258594,28.203174],[-17.324902,28.117676],[-17.184668,28.021973]]]},"properties":{"scalerank":0,"featurecla":"Land","min_zoom":3}},
{"type":"Feature","geometry":{"type":"Polygon","coordinates":[[[-15.901807,11.46582],[-15.964551,11.598291],[-16.023193,11.477148],[-15.901807,11.46582]]]},"properties":{"scalerank":0,"featurecla":"Land","min_zoom":3}},
{"type":"Feature","geometry":{"type":"Polygon","coordinates":[[[-15.986426,11.882031],[-16.152441,11.876807],[-16.03833,11.759717],[-15.986426,11.882031]]]},"properties":{"scalerank":0,"featurecla":"Land","min_zoom":3}},
{"type":"Feature","geometry":{"type":"Polygon","coordinates":[[[-17.887939,27.80957],[-18.106592,27.707471],[-17.984766,27.646387],[-17.887939,27.80957]]]},"properties":{"scalerank":0,"featurecla":"Land","min_zoom":3}},
{"type":"Feature","geometry":{"type":"Polygon","coordinates":[[[-22.917725,16.237256],[-22.959277,16.045117],[-22.710107,16.043359],[-22.749414,16.221533],[-22.917725,16.237256]]]},"properties":{"scalerank":0,"featurecla":"Land","min_zoom":3}},
{"type":"Feature","geometry":{"type":"Polygon","coordinates":[[[-24.308252,14.856299],[-24.329492,15.019482],[-24.496875,14.980273],[-24.492188,14.874219],[-24.308252,14.856299]]]},"properties":{"scalerank":0,"featurecla":"Land","min_zoom":3}},
{"type":"Feature","geometry":{"type":"Polygon","coordinates":[[[-17.834277,28.493213],[-17.744531,28.786572],[-18.000781,28.758252],[-17.834277,28.493213]]]},"properties":{"scalerank":0,"featurecla":"Land","min_zoom":2}},
{"type":"Feature","geometry":{"type":"Polygon","coordinates":[[[-24.087695,16.62251],[-24.376709,16.677783],[-24.322363,16.493115],[-24.243066,16.599414],[-24.087695,16.62251]]]},"properties":{"scalerank":0,"featurecla":"Land","min_zoom":3}},
{"type":"Feature","geometry":{"type":"Polygon","coordinates":[[[-22.88833,16.659082],[-22.904736,16.84375],[-22.990918,16.808838],[-22.980615,16.700879],[-22.88833,16.659082]]]},"properties":{"scalerank":0,"featurecla":"Land","min_zoom":3}},
{"type":"Feature","geometry":{"type":"Polygon","coordinates":[[[-23.182129,15.136768],[-23.115869,15.16665],[-23.137744,15.317725],[-23.210254,15.323535],[-23.251807,15.178125],[-23.182129,15.136768]]]},"properties":{"scalerank":0,"featurecla":"Land","min_zoom":3}},
{"type":"Feature","geometry":{"type":"Polygon","coordinates":[[[-23.444238,15.007959],[-23.700635,15.271631],[-23.705371,14.961328],[-23.444238,15.007959]]]},"properties":{"scalerank":0,"featurecla":"Land","min_zoom":2}},
{"type":"Feature","geometry":{"type":"Polygon","coordinates":[[[44.476367,-12.081543],[44.412598,-12.092969],[44.377441,-12.252246],[44.526758,-12.219531],[44.476367,-12.081543]]]},"properties":{"scalerank":0,"featurecla":"Land","min_zoom":3}},
{"type":"Feature","geometry":{"type":"Polygon","coordinates":[[[43.788672,-12.307031],[43.704297,-12.255957],[43.663672,-12.342871],[43.788672,-12.307031]]]},"properties":{"scalerank":0,"featurecla":"Land","min_zoom":3}},
{"type":"Feature","geometry":{"type":"Polygon","coordinates":[[[45.180273,-12.976758],[45.223145,-12.752148],[45.134766,-12.70918],[45.069434,-12.895605],[45.180273,-12.976758]]]},"properties":{"scalerank":0,"featurecla":"Land","min_zoom":3}},
{"type":"Feature","geometry":{"type":"Polygon","coordinates":[[[43.46582,-11.90127],[43.379395,-11.61416],[43.22666,-11.751855],[43.46582,-11.90127]]]},"properties":{"scalerank":0,"featurecla":"Land","min_zoom":2}},
{"type":"Feature","geometry":{"type":"Polygon","coordinates":[[[39.711328,-7.977441],[39.824414,-7.900684],[39.846582,-7.730273],[39.60293,-7.936133],[39.711328,-7.977441]]]},"properties":{"scalerank":0,"featurecla":"Land","min_zoom":3}},
{"type":"Feature","geometry":{"type":"Polygon","coordinates":[[[40.994434,-2.158398],[41.118164,-2.100098],[41.086035,-2.036523],[40.976465,-2.109766],[40.994434,-2.158398]]]},"properties":{"scalerank":0,"featurecla":"Land","min_zoom":3}},
{"type":"Feature","geometry":{"type":"Polygon","coordinates":[[[39.496484,-6.174609],[39.368262,-5.951172],[39.192383,-5.931055],[39.243457,-6.275],[39.496484,-6.174609]]]},"properties":{"scalerank":0,"featurecla":"Land","min_zoom":2}},
{"type":"Feature","geometry":{"type":"Polygon","coordinates":[[[57.65127,-20.484863],[57.791992,-20.212598],[57.575781,-19.997168],[57.385742,-20.228613],[57.65127,-20.484863]]]},"properties":{"scalerank":0,"featurecla":"Land","min_zoom":2}},
{"type":"Feature","geometry":{"type":"Polygon","coordinates":[[[55.797363,-21.339355],[55.661914,-20.90625],[55.311328,-20.904102],[55.362695,-21.273633],[55.797363,-21.339355]]]},"properties":{"scalerank":0,"featurecla":"Land","min_zoom":2}},
{"type":"Feature","geometry":{"type":"Polygon","coordinates":[[[48.342188,-13.363867],[48.308887,-13.198242],[48.191211,-13.259961],[48.211914,-13.385254],[48.342188,-13.363867]]]},"properties":{"scalerank":0,"featurecla":"Land","min_zoom":3}},
{"type":"Feature","geometry":{"type":"Polygon","coordinates":[[[49.936426,-16.90293],[49.985938,-16.712402],[49.855664,-16.933203],[49.936426,-16.90293]]]},"properties":{"scalerank":0,"featurecla":"Land","min_zoom":3}},
{"type":"Feature","geometry":{"type":"Polygon","coordinates":[[[-5.692139,-15.997754],[-5.707861,-15.906152],[-5.775049,-15.956738],[-5.692139,-15.997754]]]},"properties":{"scalerank":0,"featurecla":"Land","min_zoom":3}},
{"type":"Feature","geometry":{"type":"Polygon","coordinates":[[[39.865039,-4.906152],[39.673438,-4.927051],[39.701074,-5.113672],[39.853027,-5.255469],[39.865039,-4.906152]]]},"properties":{"scalerank":0,"featurecla":"Land","min_zoom":2}},
{"type":"Feature","geometry":{"type":"Polygon","coordinates":[[[55.540332,-4.693066],[55.455762,-4.558789],[55.383398,-4.609277],[55.540332,-4.693066]]]},"properties":{"scalerank":0,"featurecla":"Land","min_zoom":3}},
{"type":"Feature","geometry":{"type":"Polygon","coordinates":[[[8.735742,3.758301],[8.474902,3.264648],[8.704004,3.223633],[8.946094,3.627539],[8.735742,3.758301]]]},"properties":{"scalerank":0,"featurecla":"Land","min_zoom":2}},
{"type":"Feature","geometry":{"type":"Polygon","coordinates":[[[6.659961,0.120654],[6.75,0.243457],[6.686914,0.404395],[6.524316,0.340283],[6.659961,0.120654]]]},"properties":{"scalerank":0,"featurecla":"Land","min_zoom":2}},
{"type":"Feature","geometry":{"type":"Polygon","coordinates":[[[7.423828,1.567725],[7.452344,1.631104],[7.414453,1.699121],[7.330664,1.603369],[7.423828,1.567725]]]},"properties":{"scalerank":0,"featurecla":"Land","min_zoom":3}},
{"type":"Feature","geometry":{"type":"Polygon","coordinates":[[[7.300781,4.418164],[7.227344,4.527344],[7.14043,4.395117],[7.300781,4.418164]]]},"properties":{"scalerank":0,"featurecla":"Land","min_zoom":3}},
{"type":"Feature","geometry":{"type":"Polygon","coordinates":[[[-44.129297,-23.141895],[-44.242871,-23.074121],[-44.320068,-23.212305],[-44.129297,-23.141895]]]},"properties":{"scalerank":0,"featurecla":"Land","min_zoom":3}},
{"type":"Feature","geometry":{"type":"Polygon","coordinates":[[[-48.584424,-26.401563],[-48.497607,-26.21875],[-48.665771,-26.289648],[-48.584424,-26.401563]]]},"properties":{"scalerank":0,"featurecla":"Land","min_zoom":3}},
{"type":"Feature","geometry":{"type":"Polygon","coordinates":[[[-48.485889,-27.766992],[-48.496777,-27.707031],[-48.37793,-27.451465],[-48.464746,-27.436328],[-48.542187,-27.574805],[-48.485889,-27.766992]]]},"properties":{"scalerank":0,"featurecla":"Land","min_zoom":3}},
{"type":"Feature","geometry":{"type":"Polygon","coordinates":[[[-45.260254,-23.88916],[-45.302344,-23.727539],[-45.451416,-23.895605],[-45.260254,-23.88916]]]},"properties":{"scalerank":0,"featurecla":"Land","min_zoom":3}},
{"type":"Feature","geometry":{"type":"Polygon","coordinates":[[[11.278027,34.753809],[11.254883,34.820312],[11.153027,34.74458],[11.278027,34.753809]]]},"properties":{"scalerank":0,"featurecla":"Land","min_zoom":4}},
{"type":"Feature","geometry":{"type":"Polygon","coordinates":[[[10.957617,33.72207],[10.921973,33.893115],[10.745215,33.888672],[10.72207,33.738916],[10.957617,33.72207]]]},"properties":{"scalerank":0,"featurecla":"Land","min_zoom":3}},
{"type":"Feature","geometry":{"type":"Polygon","coordinates":[[[-4.412061,54.185352],[-4.508643,54.376709],[-4.745557,54.118799],[-4.412061,54.185352]]]},"properties":{"scalerank":0,"featurecla":"Land","min_zoom":3}},
{"type":"Feature","geometry":{"type":"Polygon","coordinates":[[[-6.607617,56.58501],[-6.530078,56.626611],[-6.569922,56.66123],[-6.668555,56.593604],[-6.607617,56.58501]]]},"properties":{"scalerank":0,"featurecla":"Land","min_zoom":4}},
{"type":"Feature","geometry":{"type":"Polygon","coordinates":[[[-5.10542,55.448828],[-5.1604,55.666797],[-5.392676,55.618359],[-5.331494,55.481055],[-5.10542,55.448828]]]},"properties":{"scalerank":0,"featurecla":"Land","min_zoom":3}},
{"type":"Feature","geometry":{"type":"Polygon","coordinates":[[[-5.777881,56.344336],[-5.76084,56.490674],[-6.102734,56.645654],[-6.176172,56.288721],[-5.777881,56.344336]]]},"properties":{"scalerank":0,"featurecla":"Land","min_zoom":2}},
{"type":"Feature","geometry":{"type":"Polygon","coordinates":[[[-6.128906,55.930566],[-6.311279,55.856494],[-6.253174,55.607227],[-6.055322,55.695312],[-6.128906,55.930566]]]},"properties":{"scalerank":0,"featurecla":"Land","min_zoom":3}},
{"type":"Feature","geometry":{"type":"Polygon","coordinates":[[[-5.970068,55.814551],[-5.797217,56.005615],[-5.939062,56.045264],[-6.071973,55.893115],[-5.970068,55.814551]]]},"properties":{"scalerank":0,"featurecla":"Land","min_zoom":3}},
{"type":"Feature","geometry":{"type":"Polygon","coordinates":[[[-1.042529,60.513867],[-1.049023,60.646924],[-1.165527,60.603906],[-1.042529,60.513867]]]},"properties":{"scalerank":0,"featurecla":"Land","min_zoom":3}},
{"type":"Feature","geometry":{"type":"Polygon","coordinates":[[[-1.308105,60.5375],[-1.494434,60.29248],[-1.179248,60.113916],[-1.065674,60.381592],[-1.308105,60.5375]]]},"properties":{"scalerank":0,"featurecla":"Land","min_zoom":2}},
{"type":"Feature","geometry":{"type":"Polygon","coordinates":[[[-0.774268,60.811963],[-0.927539,60.797168],[-0.826172,60.716162],[-0.774268,60.811963]]]},"properties":{"scalerank":0,"featurecla":"Land","min_zoom":3}},
{"type":"Feature","geometry":{"type":"Polygon","coordinates":[[[-3.164941,58.794189],[-3.271924,58.905273],[-3.40083,58.881787],[-3.278809,58.781934],[-3.164941,58.794189]]]},"properties":{"scalerank":0,"featurecla":"Land","min_zoom":3}},
{"type":"Feature","geometry":{"type":"Polygon","coordinates":[[[-4.196777,53.321436],[-4.567871,53.386475],[-4.373047,53.13418],[-4.196777,53.321436]]]},"properties":{"scalerank":0,"featurecla":"Land","min_zoom":2}},
{"type":"Feature","geometry":{"type":"Polygon","coordinates":[[[-2.548877,59.231348],[-2.429834,59.271045],[-2.535645,59.30415],[-2.548877,59.231348]]]},"properties":{"scalerank":0,"featurecla":"Land","min_zoom":4}},
{"type":"Feature","geometry":{"type":"Polygon","coordinates":[[[-2.929395,58.741602],[-2.896436,58.827588],[-3.035449,58.822656],[-2.929395,58.741602]]]},"properties":{"scalerank":0,"featurecla":"Land","min_zoom":4}},
{"type":"Feature","geometry":{"type":"Polygon","coordinates":[[[-3.057422,59.029639],[-3.310352,59.130811],[-3.34707,58.986719],[-3.057422,59.029639]]]},"properties":{"scalerank":0,"featurecla":"Land","min_zoom":3}},
{"type":"Feature","geometry":{"type":"Polygon","coordinates":[[[-6.623193,61.805957],[-6.662109,61.861768],[-6.83916,61.840771],[-6.670166,61.768652],[-6.623193,61.805957]]]},"properties":{"scalerank":0,"featurecla":"Land","min_zoom":3}},
{"type":"Feature","geometry":{"type":"Polygon","coordinates":[[[-6.699463,61.444629],[-6.77002,61.584375],[-6.888135,61.534766],[-6.699463,61.444629]]]},"properties":{"scalerank":0,"featurecla":"Land","min_zoom":3}},
{"type":"Feature","geometry":{"type":"Polygon","coordinates":[[[-7.186865,62.139307],[-7.422607,62.140283],[-7.254932,62.046143],[-7.186865,62.139307]]]},"properties":{"scalerank":0,"featurecla":"Land","min_zoom":3}},
{"type":"Feature","geometry":{"type":"Polygon","coordinates":[[[-6.631055,62.227881],[-7.172168,62.285596],[-7.013574,62.093994],[-6.631055,62.227881]]]},"properties":{"scalerank":0,"featurecla":"Land","min_zoom":2}},
{"type":"Feature","geometry":{"type":"Polygon","coordinates":[[[-2.729395,59.186768],[-2.861621,59.28833],[-2.975537,59.347119],[-3.013477,59.291455],[-2.861426,59.246826],[-2.851855,59.182471],[-2.729395,59.186768]]]},"properties":{"scalerank":0,"featurecla":"Land","min_zoom":3}},
{"type":"Feature","geometry":{"type":"Polygon","coordinates":[[[-6.406055,62.258643],[-6.55459,62.355664],[-6.559473,62.224512],[-6.406055,62.258643]]]},"properties":{"scalerank":0,"featurecla":"Land","min_zoom":4}},
{"type":"Feature","geometry":{"type":"Polygon","coordinates":[[[-6.198682,58.363281],[-7.085254,58.182178],[-6.86416,57.932861],[-6.425195,58.021289],[-6.198682,58.363281]]]},"properties":{"scalerank":0,"featurecla":"Land","min_zoom":2}},
{"type":"Feature","geometry":{"type":"Polygon","coordinates":[[[-6.279053,56.964697],[-6.322363,57.050537],[-6.432617,57.01792],[-6.279053,56.964697]]]},"properties":{"scalerank":0,"featurecla":"Land","min_zoom":4}},
{"type":"Feature","geometry":{"type":"Polygon","coordinates":[[[-6.144727,57.50498],[-6.246924,57.651221],[-6.761133,57.442383],[-6.135547,57.314258],[-6.144727,57.50498]]]},"properties":{"scalerank":0,"featurecla":"Land","min_zoom":2}},
{"type":"Feature","geometry":{"type":"Polygon","coordinates":[[[-7.205566,57.682959],[-7.499414,57.636328],[-7.320557,57.53374],[-7.205566,57.682959]]]},"properties":{"scalerank":0,"featurecla":"Land","min_zoom":3}},
{"type":"Feature","geometry":{"type":"Polygon","coordinates":[[[-7.249854,57.115332],[-7.267139,57.371777],[-7.410547,57.381104],[-7.381494,57.130664],[-7.249854,57.115332]]]},"properties":{"scalerank":0,"featurecla":"Land","min_zoom":3}},
{"type":"Feature","geometry":{"type":"Polygon","coordinates":[[[-9.948145,53.913379],[-9.956152,53.987354],[-10.181152,54.016992],[-9.948145,53.913379]]]},"properties":{"scalerank":0,"featurecla":"Land","min_zoom":3}},
{"type":"Feature","geometry":{"type":"Polygon","coordinates":[[[-7.416895,56.96543],[-7.455469,57.018945],[-7.522949,57.006787],[-7.504785,56.95166],[-7.416895,56.96543]]]},"properties":{"scalerank":0,"featurecla":"Land","min_zoom":4}},
{"type":"Feature","geometry":{"type":"Polygon","coordinates":[[[21.994238,60.33667],[21.907813,60.393164],[21.818652,60.381836],[21.921484,60.332275],[21.994238,60.33667]]]},"properties":{"scalerank":0,"featurecla":"Land","min_zoom":4}},
{"type":"Feature","geometry":{"type":"Polygon","coordinates":[[[19.662305,60.187158],[19.551367,60.243848],[19.536523,60.144971],[19.662305,60.187158]]]},"properties":{"scalerank":0,"featurecla":"Land","min_zoom":4}},
{"type":"Feature","geometry":{"type":"Polygon","coordinates":[[[19.989551,60.351172],[19.686914,60.267627],[19.745996,60.098975],[20.258887,60.261279],[19.989551,60.351172]]]},"properties":{"scalerank":0,"featurecla":"Land","min_zoom":2}},
{"type":"Feature","geometry":{"type":"Polygon","coordinates":[[[21.217773,63.241309],[21.149316,63.199463],[21.253418,63.152002],[21.287109,63.227783],[21.217773,63.241309]]]},"properties":{"scalerank":0,"featurecla":"Land","min_zoom":3}},
{"type":"Feature","geometry":{"type":"Polygon","coordinates":[[[19.156348,57.922607],[19.039258,57.911035],[19.138379,57.860254],[19.156348,57.922607]]]},"properties":{"scalerank":0,"featurecla":"Land","min_zoom":4}},
{"type":"Feature","geometry":{"type":"Polygon","coordinates":[[[16.528516,56.290527],[16.778027,56.805225],[16.412305,56.568994],[16.528516,56.290527]]]},"properties":{"scalerank":0,"featurecla":"Land","min_zoom":2}},
{"type":"Feature","geometry":{"type":"Polygon","coordinates":[[[15.087695,55.021875],[15.132617,55.144531],[14.765332,55.296729],[14.68418,55.102246],[15.087695,55.021875]]]},"properties":{"scalerank":0,"featurecla":"Land","min_zoom":3}},
{"type":"Feature","geometry":{"type":"Polygon","coordinates":[[[13.70918,54.382715],[13.422754,54.699316],[13.17666,54.544238],[13.364355,54.24585],[13.70918,54.382715]]]},"properties":{"scalerank":0,"featurecla":"Land","min_zoom":2}},
{"type":"Feature","geometry":{"type":"Polygon","coordinates":[[[12.549219,54.965771],[12.310059,55.040918],[12.161719,54.974805],[12.549219,54.965771]]]},"properties":{"scalerank":0,"featurecla":"Land","min_zoom":1}},
{"type":"Feature","geometry":{"type":"Polygon","coordinates":[[[12.665723,55.596533],[12.599219,55.680225],[12.520313,55.6146],[12.665723,55.596533]]]},"properties":{"scalerank":0,"featurecla":"Land","min_zoom":1}},
{"type":"Feature","geometry":{"type":"Polygon","coordinates":[[[11.361426,54.89165],[11.035547,54.773096],[11.457422,54.628857],[11.739551,54.807422],[11.361426,54.89165]]]},"properties":{"scalerank":0,"featurecla":"Land","min_zoom":2}},
{"type":"Feature","geometry":{"type":"Polygon","coordinates":[[[10.484375,54.847559],[10.413672,54.896826],[10.265527,54.948828],[10.340527,54.858936],[10.484375,54.847559]]]},"properties":{"scalerank":0,"featurecla":"Land","min_zoom":4}},
{"type":"Feature","geometry":{"type":"Polygon","coordinates":[[[10.06123,54.886377],[9.998828,54.986475],[9.771191,55.059912],[9.80625,54.906006],[10.06123,54.886377]]]},"properties":{"scalerank":0,"featurecla":"Land","min_zoom":3}},
{"type":"Feature","geometry":{"type":"Polygon","coordinates":[[[10.734082,54.750732],[10.856738,55.052197],[10.62168,54.851416],[10.734082,54.750732]]]},"properties":{"scalerank":0,"featurecla":"Land","min_zoom":3}},
{"type":"Feature","geometry":{"type":"Polygon","coordinates":[[[10.607324,55.783057],[10.661719,55.877588],[10.547168,55.991943],[10.526953,55.783789],[10.607324,55.783057]]]},"properties":{"scalerank":0,"featurecla":"Land","min_zoom":3}},
{"type":"Feature","geometry":{"type":"Polygon","coordinates":[[[11.282813,54.417969],[11.233594,54.50127],[11.084961,54.533398],[11.011719,54.466162],[11.129297,54.416016],[11.282813,54.417969]]]},"properties":{"scalerank":0,"featurecla":"Land","min_zoom":3}},
{"type":"Feature","geometry":{"type":"Polygon","coordinates":[[[11.052148,57.252539],[11.085742,57.329932],[10.93457,57.308594],[11.052148,57.252539]]]},"properties":{"scalerank":0,"featurecla":"Land","min_zoom":3}},
{"type":"Feature","geometry":{"type":"Polygon","coordinates":[[[8.307715,54.786963],[8.347363,54.847607],[8.600586,54.865381],[8.62959,54.891748],[8.295703,54.908301],[8.307715,54.786963]]]},"properties":{"scalerank":0,"featurecla":"Land","min_zoom":3}},
{"type":"Feature","geometry":{"type":"Polygon","coordinates":[[[-1.17832,45.904053],[-1.285059,46.002686],[-1.368701,45.967676],[-1.213574,45.816602],[-1.17832,45.904053]]]},"properties":{"scalerank":0,"featurecla":"Land","min_zoom":3}},
{"type":"Feature","geometry":{"type":"Polygon","coordinates":[[[-1.065576,50.690234],[-1.312793,50.773486],[-1.515332,50.669775],[-1.306299,50.588525],[-1.065576,50.690234]]]},"properties":{"scalerank":0,"featurecla":"Land","min_zoom":3}},
{"type":"Feature","geometry":{"type":"Polygon","coordinates":[[[4.886133,53.070703],[4.886426,53.183301],[4.739844,53.091309],[4.886133,53.070703]]]},"properties":{"scalerank":0,"featurecla":"Land","min_zoom":3}},
{"type":"Feature","geometry":{"type":"Polygon","coordinates":[[[10.395117,42.858154],[10.358984,42.822314],[10.127539,42.810303],[10.208984,42.736914],[10.409961,42.770996],[10.395117,42.858154]]]},"properties":{"scalerank":0,"featurecla":"Land","min_zoom":3}},
{"type":"Feature","geometry":{"type":"Polygon","coordinates":[[[8.478906,39.067529],[8.360938,39.038672],[8.421484,38.968652],[8.478906,39.067529]]]},"properties":{"scalerank":0,"featurecla":"Land","min_zoom":4}},
{"type":"Feature","geometry":{"type":"Polygon","coordinates":[[[8.286035,41.039844],[8.34375,41.101611],[8.267383,41.099121],[8.205664,40.997461],[8.252734,40.994141],[8.286035,41.039844]]]},"properties":{"scalerank":0,"featurecla":"Land","min_zoom":4}},
{"type":"Feature","geometry":{"type":"Polygon","coordinates":[[[4.293652,39.841846],[4.225781,40.032373],[3.853418,40.063037],[3.842676,39.976367],[4.293652,39.841846]]]},"properties":{"scalerank":0,"featurecla":"Land","min_zoom":2}},
{"type":"Feature","geometry":{"type":"Polygon","coordinates":[[[1.593945,38.67207],[1.496875,38.711914],[1.436328,38.768213],[1.405762,38.670996],[1.593945,38.67207]]]},"properties":{"scalerank":0,"featurecla":"Land","min_zoom":3}},
{"type":"Feature","geometry":{"type":"Polygon","coordinates":[[[1.445215,38.918701],[1.623633,39.038818],[1.564453,39.121045],[1.348633,39.080811],[1.445215,38.918701]]]},"properties":{"scalerank":0,"featurecla":"Land","min_zoom":3}},
{"type":"Feature","geometry":{"type":"Polygon","coordinates":[[[-31.137109,39.406934],[-31.138623,39.479443],[-31.26084,39.496777],[-31.282959,39.394092],[-31.137109,39.406934]]]},"properties":{"scalerank":0,"featurecla":"Land","min_zoom":3}},
{"type":"Feature","geometry":{"type":"Polygon","coordinates":[[[-27.075244,38.643457],[-27.041943,38.741211],[-27.259668,38.802686],[-27.302832,38.661035],[-27.075244,38.643457]]]},"properties":{"scalerank":0,"featurecla":"Land","min_zoom":3}},
{"type":"Feature","geometry":{"type":"Polygon","coordinates":[[[-27.778467,38.555615],[-27.962646,38.636328],[-28.310645,38.743896],[-28.187256,38.655371],[-27.825879,38.543555],[-27.778467,38.555615]]]},"properties":{"scalerank":0,"featurecla":"Land","min_zoom":3}},
{"type":"Feature","geometry":{"type":"Polygon","coordinates":[[[-28.641309,38.525],[-28.697754,38.638477],[-28.842041,38.598437],[-28.743848,38.522363],[-28.641309,38.525]]]},"properties":{"scalerank":0,"featurecla":"Land","min_zoom":3}},
{"type":"Feature","geometry":{"type":"Polygon","coordinates":[[[-28.147266,38.452686],[-28.402148,38.553369],[-28.454492,38.408643],[-28.147266,38.452686]]]},"properties":{"scalerank":0,"featurecla":"Land","min_zoom":3}},
{"type":"Feature","geometry":{"type":"Polygon","coordinates":[[[-25.648975,37.840918],[-25.439014,37.715332],[-25.266602,37.848633],[-25.648975,37.840918]]]},"properties":{"scalerank":0,"featurecla":"Land","min_zoom":2}},
{"type":"Feature","geometry":{"type":"Polygon","coordinates":[[[14.566211,35.852734],[14.44834,35.957422],[14.352344,35.872266],[14.436426,35.82168],[14.566211,35.852734]]]},"properties":{"scalerank":0,"featurecla":"Land","min_zoom":3}},
{"type":"Feature","geometry":{"type":"Polygon","coordinates":[[[15.231055,44.062305],[15.06582,44.157666],[15.121875,44.093311],[15.231055,44.062305]]]},"properties":{"scalerank":0,"featurecla":"Land","min_zoom":4}},
{"type":"Feature","geometry":{"type":"Polygon","coordinates":[[[14.810254,44.977051],[14.571094,45.224756],[14.437891,45.098633],[14.810254,44.977051]]]},"properties":{"scalerank":0,"featurecla":"Land","min_zoom":3}},
{"type":"Feature","geometry":{"type":"Polygon","coordinates":[[[14.831445,44.758936],[14.754199,44.844824],[14.678223,44.769873],[14.831445,44.758936]]]},"properties":{"scalerank":0,"featurecla":"Land","min_zoom":3}},
{"type":"Feature","geometry":{"type":"Polygon","coordinates":[[[15.188477,44.335742],[15.112988,44.435742],[14.898047,44.61084],[14.912793,44.48584],[15.188477,44.335742]]]},"properties":{"scalerank":0,"featurecla":"Land","min_zoom":3}},
{"type":"Feature","geometry":{"type":"Polygon","coordinates":[[[15.18877,43.922363],[14.952539,44.117188],[14.891309,44.125537],[15.13584,43.907275],[15.18877,43.922363]]]},"properties":{"scalerank":0,"featurecla":"Land","min_zoom":3}},
{"type":"Feature","geometry":{"type":"Polygon","coordinates":[[[15.371387,43.973828],[15.308594,43.960791],[15.374219,43.914795],[15.371387,43.973828]]]},"properties":{"scalerank":0,"featurecla":"Land","min_zoom":4}},
{"type":"Feature","geometry":{"type":"Polygon","coordinates":[[[14.488086,44.660059],[14.467383,44.970215],[14.302539,44.94043],[14.488086,44.660059]]]},"properties":{"scalerank":0,"featurecla":"Land","min_zoom":3}},
{"type":"Feature","geometry":{"type":"Polygon","coordinates":[[[17.607813,42.769043],[17.431934,42.800391],[17.344141,42.790381],[17.744238,42.700342],[17.607813,42.769043]]]},"properties":{"scalerank":0,"featurecla":"Land","min_zoom":4}},
{"type":"Feature","geometry":{"type":"Polygon","coordinates":[[[20.612305,38.38335],[20.408691,38.336768],[20.523535,38.106641],[20.788867,38.14209],[20.624707,38.267871],[20.612305,38.38335]]]},"properties":{"scalerank":0,"featurecla":"Land","min_zoom":2}},
{"type":"Feature","geometry":{"type":"Polygon","coordinates":[[[20.888477,37.805371],[20.758691,37.852979],[20.703809,37.743457],[20.818555,37.664746],[20.888477,37.805371]]]},"properties":{"scalerank":0,"featurecla":"Land","min_zoom":3}},
{"type":"Feature","geometry":{"type":"Polygon","coordinates":[[[20.686719,38.608691],[20.719629,38.79917],[20.634668,38.817578],[20.55791,38.661865],[20.686719,38.608691]]]},"properties":{"scalerank":0,"featurecla":"Land","min_zoom":3}},
{"type":"Feature","geometry":{"type":"Polygon","coordinates":[[[20.758691,38.329443],[20.711621,38.398633],[20.646387,38.414307],[20.709277,38.318604],[20.758691,38.329443]]]},"properties":{"scalerank":0,"featurecla":"Land","min_zoom":4}},
{"type":"Feature","geometry":{"type":"Polygon","coordinates":[[[20.07793,39.432715],[19.936816,39.746729],[19.648926,39.726172],[19.883984,39.461523],[20.07793,39.432715]]]},"properties":{"scalerank":0,"featurecla":"Land","min_zoom":3}},
{"type":"Feature","geometry":{"type":"Polygon","coordinates":[[[23.550977,37.925879],[23.462207,37.980371],[23.435254,37.911475],[23.550977,37.925879]]]},"properties":{"scalerank":0,"featurecla":"Land","min_zoom":4}},
{"type":"Feature","geometry":{"type":"Polygon","coordinates":[[[23.053809,36.189795],[23.09707,36.246582],[22.905664,36.320312],[22.939453,36.176221],[23.053809,36.189795]]]},"properties":{"scalerank":0,"featurecla":"Land","min_zoom":3}},
{"type":"Feature","geometry":{"type":"Polygon","coordinates":[[[3.949121,51.739453],[3.819043,51.693994],[3.950977,51.627051],[4.075098,51.648779],[3.949121,51.739453]]]},"properties":{"scalerank":0,"featurecla":"Land","min_zoom":3}},
{"type":"Feature","geometry":{"type":"Polygon","coordinates":[[[-51.013672,69.55249],[-50.940234,69.908691],[-51.350293,69.854785],[-51.013672,69.55249]]]},"properties":{"scalerank":0,"featurecla":"Land","min_zoom":2}},
{"type":"Feature","geometry":{"type":"Polygon","coordinates":[[[-37.03125,65.531982],[-36.953076,65.66333],[-37.2229,65.695459],[-37.186816,65.531348],[-37.03125,65.531982]]]},"properties":{"scalerank":0,"featurecla":"Land","min_zoom":3}},
{"type":"Feature","geometry":{"type":"Polygon","coordinates":[[[-53.535205,71.04082],[-53.441406,71.18584],[-53.700977,71.283008],[-53.947461,71.155518],[-53.535205,71.04082]]]},"properties":{"scalerank":0,"featurecla":"Land","min_zoom":3}},
{"type":"Feature","geometry":{"type":"Polygon","coordinates":[[[-55.016895,72.791113],[-55.993555,72.782275],[-55.523633,72.568408],[-55.016895,72.791113]]]},"properties":{"scalerank":0,"featurecla":"Land","min_zoom":3}},
{"type":"Feature","geometry":{"type":"Polygon","coordinates":[[[-51.675146,70.855225],[-51.969824,70.976465],[-52.119385,70.870654],[-51.675146,70.855225]]]},"properties":{"scalerank":0,"featurecla":"Land","min_zoom":3}},
{"type":"Feature","geometry":{"type":"Polygon","coordinates":[[[-46.266699,60.781396],[-46.205225,60.943506],[-46.78999,60.779834],[-46.381543,60.660303],[-46.266699,60.781396]]]},"properties":{"scalerank":0,"featurecla":"Land","min_zoom":3}},
{"type":"Feature","geometry":{"type":"Polygon","coordinates":[[[-126.09209,49.354004],[-126.208545,49.379785],[-126.229639,49.295654],[-126.064014,49.263623],[-126.09209,49.354004]]]},"properties":{"scalerank":0,"featurecla":"Land","min_zoom":1}},
{"type":"Feature","geometry":{"type":"Polygon","coordinates":[[[-122.394141,47.395264],[-122.486475,47.48877],[-122.509912,47.358008],[-122.394141,47.395264]]]},"properties":{"scalerank":0,"featurecla":"Land","min_zoom":4}},
{"type":"Feature","geometry":{"type":"Polygon","coordinates":[[[-122.497266,47.59458],[-122.507861,47.682666],[-122.57373,47.666846],[-122.497266,47.59458]]]},"properties":{"scalerank":0,"featurecla":"Land","min_zoom":4}},
{"type":"Feature","geometry":{"type":"Polygon","coordinates":[[[-122.782129,48.672705],[-122.897705,48.710352],[-122.985645,48.626709],[-122.892529,48.594482],[-122.782129,48.672705]]]},"properties":{"scalerank":0,"featurecla":"Land","min_zoom":3}},
{"type":"Feature","geometry":{"type":"Polygon","coordinates":[[[-122.820898,48.431348],[-122.8146,48.452344],[-122.912207,48.537988],[-122.932275,48.484766],[-122.890039,48.434668],[-122.820898,48.431348]]]},"properties":{"scalerank":0,"featurecla":"Land","min_zoom":4}},
{"type":"Feature","geometry":{"type":"Polygon","coordinates":[[[-123.013135,48.500879],[-123.11416,48.613281],[-123.16958,48.586719],[-123.139941,48.507959],[-123.013135,48.500879]]]},"properties":{"scalerank":0,"featurecla":"Land","min_zoom":3}},
{"type":"Feature","geometry":{"type":"Polygon","coordinates":[[[-122.572754,48.156641],[-122.55752,47.99248],[-122.366748,47.985449],[-122.572754,48.156641]]]},"properties":{"scalerank":0,"featurecla":"Land","min_zoom":3}},
{"type":"Feature","geometry":{"type":"Polygon","coordinates":[[[-124.153662,49.531152],[-124.421484,49.727783],[-124.630957,49.735693],[-124.362305,49.588184],[-124.153662,49.531152]]]},"properties":{"scalerank":0,"featurecla":"Land","min_zoom":3}},
{"type":"Feature","geometry":{"type":"Polygon","coordinates":[[[-123.372363,48.886133],[-123.37793,48.908252],[-123.482324,48.954687],[-123.541016,48.945947],[-123.384814,48.875195],[-123.372363,48.886133]]]},"properties":{"scalerank":0,"featurecla":"Land","min_zoom":4}},
{"type":"Feature","geometry":{"type":"Polygon","coordinates":[[[-123.4354,48.754443],[-123.467871,48.867383],[-123.582324,48.925781],[-123.517529,48.750146],[-123.4354,48.754443]]]},"properties":{"scalerank":0,"featurecla":"Land","min_zoom":3}},
{"type":"Feature","geometry":{"type":"Polygon","coordinates":[[[-124.977734,50.02959],[-124.908447,50.071289],[-124.937842,50.165918],[-125.025977,50.134082],[-124.977734,50.02959]]]},"properties":{"scalerank":0,"featurecla":"Land","min_zoom":3}},
{"type":"Feature","geometry":{"type":"Polygon","coordinates":[[[-126.641211,49.605811],[-126.738135,49.843652],[-126.938574,49.718457],[-126.641211,49.605811]]]},"properties":{"scalerank":0,"featurecla":"Land","min_zoom":1}},
{"type":"Feature","geometry":{"type":"Polygon","coordinates":[[[-125.184131,50.097119],[-125.074023,50.220654],[-125.195996,50.389746],[-125.358447,50.311523],[-125.184131,50.097119]]]},"properties":{"scalerank":0,"featurecla":"Land","min_zoom":3}},
{"type":"Feature","geometry":{"type":"Polygon","coordinates":[[[-118.350391,32.827588],[-118.507471,32.959912],[-118.473193,32.838916],[-118.350391,32.827588]]]},"properties":{"scalerank":0,"featurecla":"Land","min_zoom":3}},
{"type":"Feature","geometry":{"type":"Polygon","coordinates":[[[-118.242773,28.941943],[-118.312061,29.130518],[-118.400098,29.112305],[-118.242773,28.941943]]]},"properties":{"scalerank":0,"featurecla":"Land","min_zoom":3}},
{"type":"Feature","geometry":{"type":"Polygon","coordinates":[[[-120.043555,33.918848],[-120.071826,34.026514],[-120.251904,34.013867],[-120.167139,33.918066],[-120.043555,33.918848]]]},"properties":{"scalerank":0,"featurecla":"Land","min_zoom":3}},
{"type":"Feature","geometry":{"type":"Polygon","coordinates":[[[-119.882373,34.079687],[-119.80957,33.967773],[-119.562207,34.006592],[-119.882373,34.079687]]]},"properties":{"scalerank":0,"featurecla":"Land","min_zoom":3}},
{"type":"Feature","geometry":{"type":"Polygon","coordinates":[[[-118.347949,33.385742],[-118.492041,33.412793],[-118.446289,33.31709],[-118.347949,33.385742]]]},"properties":{"scalerank":0,"featurecla":"Land","min_zoom":3}},
{"type":"Feature","geometry":{"type":"Polygon","coordinates":[[[-71.365332,41.485254],[-71.354492,41.542285],[-71.403418,41.515039],[-71.365332,41.485254]]]},"properties":{"scalerank":0,"featurecla":"Land","min_zoom":4}},
{"type":"Feature","geometry":{"type":"Polygon","coordinates":[[[-74.133203,39.680762],[-74.253174,39.558496],[-74.250488,39.529395],[-74.133203,39.680762]]]},"properties":{"scalerank":0,"featurecla":"Land","min_zoom":4}},
{"type":"Feature","geometry":{"type":"Polygon","coordinates":[[[-74.188135,40.522852],[-74.079687,40.586475],[-74.188184,40.6146],[-74.188135,40.522852]]]},"properties":{"scalerank":0,"featurecla":"Land","min_zoom":3}},
{"type":"Feature","geometry":{"type":"Polygon","coordinates":[[[-64.730273,32.293457],[-64.694629,32.386914],[-64.820117,32.259619],[-64.730273,32.293457]]]},"properties":{"scalerank":0,"featurecla":"Land","min_zoom":3}},
{"type":"Feature","geometry":{"type":"Polygon","coordinates":[[[-70.509912,41.376318],[-70.67373,41.448535],[-70.785303,41.327441],[-70.509912,41.376318]]]},"properties":{"scalerank":0,"featurecla":"Land","min_zoom":3}},
{"type":"Feature","geometry":{"type":"Polygon","coordinates":[[[-71.241406,41.491943],[-71.232031,41.654297],[-71.280176,41.62002],[-71.318164,41.506299],[-71.241406,41.491943]]]},"properties":{"scalerank":0,"featurecla":"Land","min_zoom":3}},
{"type":"Feature","geometry":{"type":"Polygon","coordinates":[[[-69.97793,41.265576],[-70.062695,41.328467],[-70.233057,41.286328],[-70.055078,41.249463],[-69.97793,41.265576]]]},"properties":{"scalerank":0,"featurecla":"Land","min_zoom":3}},
{"type":"Feature","geometry":{"type":"Polygon","coordinates":[[[-75.781934,35.190186],[-75.864941,35.174121],[-75.963672,35.118848],[-75.781934,35.190186]]]},"properties":{"scalerank":0,"featurecla":"Land","min_zoom":4}},
{"type":"Feature","geometry":{"type":"Polygon","coordinates":[[[-75.635693,35.855908],[-75.648877,35.9104],[-75.717187,35.946143],[-75.650781,35.835596],[-75.635693,35.855908]]]},"properties":{"scalerank":0,"featurecla":"Land","min_zoom":4}},
{"type":"Feature","geometry":{"type":"Polygon","coordinates":[[[-75.333057,37.888281],[-75.203223,38.072412],[-75.225977,38.072314],[-75.378516,37.87207],[-75.333057,37.888281]]]},"properties":{"scalerank":0,"featurecla":"Land","min_zoom":3}},
{"type":"Feature","geometry":{"type":"Polygon","coordinates":[[[-75.544141,35.240088],[-75.509326,35.280322],[-75.464746,35.448633],[-75.487891,35.479492],[-75.544141,35.240088]]]},"properties":{"scalerank":0,"featurecla":"Land","min_zoom":3}},
{"type":"Feature","geometry":{"type":"Polygon","coordinates":[[[-76.503662,34.642969],[-76.256201,34.914697],[-76.437012,34.756348],[-76.503662,34.642969]]]},"properties":{"scalerank":0,"featurecla":"Land","min_zoom":4}},
{"type":"Feature","geometry":{"type":"Polygon","coordinates":[[[-96.764404,28.152588],[-96.543896,28.275586],[-96.755615,28.202441],[-96.764404,28.152588]]]},"properties":{"scalerank":0,"featurecla":"Land","min_zoom":3}},
{"type":"Feature","geometry":{"type":"Polygon","coordinates":[[[-97.353613,27.300049],[-97.250879,27.541211],[-97.29502,27.523096],[-97.376221,27.328271],[-97.353613,27.300049]]]},"properties":{"scalerank":0,"featurecla":"Land","min_zoom":3}},
{"type":"Feature","geometry":{"type":"Polygon","coordinates":[[[-95.039697,29.145898],[-94.864941,29.252881],[-94.87168,29.290137],[-95.039697,29.145898]]]},"properties":{"scalerank":0,"featurecla":"Land","min_zoom":3}},
{"type":"Feature","geometry":{"type":"Polygon","coordinates":[[[-97.170703,26.159375],[-97.351221,26.801465],[-97.4021,26.820508],[-97.267334,26.329785],[-97.170703,26.159375]]]},"properties":{"scalerank":0,"featurecla":"Land","min_zoom":3}},
{"type":"Feature","geometry":{"type":"Polygon","coordinates":[[[-84.90791,29.642627],[-84.737158,29.732422],[-84.812207,29.717627],[-84.877002,29.678662],[-84.90791,29.642627]]]},"properties":{"scalerank":0,"featurecla":"Land","min_zoom":4}},
{"type":"Feature","geometry":{"type":"Polygon","coordinates":[[[-81.418994,30.971436],[-81.484619,30.897852],[-81.463477,30.727783],[-81.418994,30.971436]]]},"properties":{"scalerank":0,"featurecla":"Land","min_zoom":4}},
{"type":"Feature","geometry":{"type":"Polygon","coordinates":[[[-89.223975,30.084082],[-89.276465,30.11084],[-89.341992,30.062842],[-89.269434,30.060742],[-89.223975,30.084082]]]},"properties":{"scalerank":0,"featurecla":"Land","min_zoom":4}},
{"type":"Feature","geometry":{"type":"Polygon","coordinates":[[[-91.793701,29.500732],[-91.875244,29.640967],[-91.99624,29.573096],[-91.793701,29.500732]]]},"properties":{"scalerank":0,"featurecla":"Land","min_zoom":3}},
{"type":"Feature","geometry":{"type":"Polygon","coordinates":[[[-88.827441,29.807715],[-88.812598,29.93335],[-88.827979,29.928369],[-88.855664,29.775879],[-88.827441,29.807715]]]},"properties":{"scalerank":0,"featurecla":"Land","min_zoom":4}},
{"type":"Feature","geometry":{"type":"Polygon","coordinates":[[[-77.657715,24.249463],[-77.852246,24.040381],[-77.771289,23.752539],[-77.51875,23.869434],[-77.657715,24.249463]]]},"properties":{"scalerank":0,"featurecla":"Land","min_zoom":1}},
{"type":"Feature","geometry":{"type":"Polygon","coordinates":[[[-77.668994,21.951953],[-77.633691,22.054004],[-77.774414,22.082959],[-77.9,22.037158],[-77.668994,21.951953]]]},"properties":{"scalerank":0,"featurecla":"Land","min_zoom":3}},
{"type":"Feature","geometry":{"type":"Polygon","coordinates":[[[-78.0271,22.285156],[-78.150586,22.431494],[-78.180029,22.321973],[-78.0271,22.285156]]]},"properties":{"scalerank":0,"featurecla":"Land","min_zoom":3}},
{"type":"Feature","geometry":{"type":"Polygon","coordinates":[[[-78.630127,22.552246],[-78.547656,22.464014],[-78.389941,22.445117],[-78.351221,22.538623],[-78.630127,22.552246]]]},"properties":{"scalerank":0,"featurecla":"Land","min_zoom":3}},
{"type":"Feature","geometry":{"type":"Polygon","coordinates":[[[-77.225635,25.904199],[-77.167285,26.240332],[-77.038281,26.333447],[-77.206055,26.488965],[-77.225635,25.904199]]]},"properties":{"scalerank":0,"featurecla":"Land","min_zoom":1.5}},
{"type":"Feature","geometry":{"type":"Polygon","coordinates":[[[-74.05752,22.723486],[-74.221484,22.811572],[-74.274609,22.71167],[-74.098584,22.66543],[-74.05752,22.723486]]]},"properties":{"scalerank":0,"featurecla":"Land","min_zoom":3}},
{"type":"Feature","geometry":{"type":"Polygon","coordinates":[[[-74.429443,24.068066],[-74.526904,24.105078],[-74.550928,23.968945],[-74.508691,23.959717],[-74.429443,24.068066]]]},"properties":{"scalerank":0,"featurecla":"Land","min_zoom":3}},
{"type":"Feature","geometry":{"type":"Polygon","coordinates":[[[-73.026855,21.192383],[-73.523096,21.19082],[-73.661035,20.937402],[-73.164551,20.97915],[-73.026855,21.192383]]]},"properties":{"scalerank":0,"featurecla":"Land","min_zoom":2}},
{"type":"Feature","geometry":{"type":"Polygon","coordinates":[[[-74.206738,22.21377],[-73.974609,22.361182],[-73.836523,22.538428],[-73.87749,22.680762],[-73.976367,22.635059],[-73.914551,22.568018],[-73.935986,22.477734],[-74.126758,22.323389],[-74.206738,22.21377]]]},"properties":{"scalerank":0,"featurecla":"Land","min_zoom":3}},
{"type":"Feature","geometry":{"type":"Polygon","coordinates":[[[-76.648828,25.487402],[-76.499902,25.341553],[-76.369287,25.312598],[-76.1604,25.119336],[-76.204346,24.93623],[-76.140527,24.885645],[-76.126611,25.140527],[-76.343799,25.332031],[-76.484229,25.374609],[-76.648828,25.487402]]]},"properties":{"scalerank":0,"featurecla":"Land","min_zoom":2}},
{"type":"Feature","geometry":{"type":"Polygon","coordinates":[[[-75.664551,23.450146],[-75.754248,23.48999],[-75.948633,23.647412],[-75.955957,23.592285],[-75.781006,23.470654],[-75.664551,23.450146]]]},"properties":{"scalerank":0,"featurecla":"Land","min_zoom":3}},
{"type":"Feature","geometry":{"type":"Polygon","coordinates":[[[-74.840479,22.894336],[-74.845605,22.999902],[-75.064209,23.150195],[-75.108789,23.332813],[-75.157568,23.336377],[-75.132129,23.11709],[-74.97334,23.068555],[-74.840479,22.894336]]]},"properties":{"scalerank":0,"featurecla":"Land","min_zoom":3}},
{"type":"Feature","geometry":{"type":"Polygon","coordinates":[[[-75.308398,24.2],[-75.408936,24.265771],[-75.467627,24.1396],[-75.308398,24.2]]]},"properties":{"scalerank":0,"featurecla":"Land","min_zoom":3}},
{"type":"Feature","geometry":{"type":"Polygon","coordinates":[[[-77.879395,22.127539],[-77.893652,22.214551],[-78.006689,22.247998],[-78.011914,22.166406],[-77.879395,22.127539]]]},"properties":{"scalerank":0,"featurecla":"Land","min_zoom":3}},
{"type":"Feature","geometry":{"type":"Polygon","coordinates":[[[-82.037207,26.453613],[-82.116064,26.460938],[-82.201367,26.548047],[-82.184375,26.480957],[-82.144971,26.44668],[-82.072852,26.427539],[-82.037207,26.453613]]]},"properties":{"scalerank":0,"featurecla":"Land","min_zoom":4}},
{"type":"Feature","geometry":{"type":"Polygon","coordinates":[[[-77.743848,24.707422],[-78.033301,25.143115],[-78.298828,24.753906],[-78.044922,24.287451],[-77.743848,24.707422]]]},"properties":{"scalerank":0,"featurecla":"Land","min_zoom":1}},
{"type":"Feature","geometry":{"type":"Polygon","coordinates":[[[-81.566699,24.599902],[-81.531641,24.64248],[-81.562305,24.68916],[-81.579248,24.629395],[-81.566699,24.599902]]]},"properties":{"scalerank":0,"featurecla":"Land","min_zoom":3}},
{"type":"Feature","geometry":{"type":"Polygon","coordinates":[[[-80.186768,27.278418],[-80.355518,27.678613],[-80.376074,27.643408],[-80.262451,27.375586],[-80.186768,27.278418]]]},"properties":{"scalerank":0,"featurecla":"Land","min_zoom":3}},
{"type":"Feature","geometry":{"type":"Polygon","coordinates":[[[-82.561768,21.57168],[-82.714551,21.890283],[-83.08252,21.791406],[-82.853174,21.443896],[-82.561768,21.57168]]]},"properties":{"scalerank":0,"featurecla":"Land","min_zoom":2}},
{"type":"Feature","geometry":{"type":"Polygon","coordinates":[[[-82.083789,26.552344],[-82.121143,26.665527],[-82.169141,26.700732],[-82.135596,26.591992],[-82.083789,26.552344]]]},"properties":{"scalerank":0,"featurecla":"Land","min_zoom":4}},
{"type":"Feature","geometry":{"type":"Polygon","coordinates":[[[-79.349561,22.663916],[-79.57915,22.806738],[-79.522754,22.711133],[-79.349561,22.663916]]]},"properties":{"scalerank":0,"featurecla":"Land","min_zoom":3}},
{"type":"Feature","geometry":{"type":"Polygon","coordinates":[[[-78.492871,26.729053],[-78.670947,26.506543],[-78.233887,26.637354],[-78.492871,26.729053]]]},"properties":{"scalerank":0,"featurecla":"Land","min_zoom":1.5}},
{"type":"Feature","geometry":{"type":"Polygon","coordinates":[[[-80.381836,25.142285],[-80.25708,25.347607],[-80.35127,25.296973],[-80.381836,25.142285]]]},"properties":{"scalerank":0,"featurecla":"Land","min_zoom":3}},
{"type":"Feature","geometry":{"type":"Polygon","coordinates":[[[-87.950586,17.924951],[-87.848535,18.140381],[-87.89834,18.154932],[-87.950586,17.924951]]]},"properties":{"scalerank":0,"featurecla":"Land","min_zoom":3}},
{"type":"Feature","geometry":{"type":"Polygon","coordinates":[[[-87.85293,17.422852],[-87.798145,17.47959],[-87.83252,17.501074],[-87.85293,17.422852]]]},"properties":{"scalerank":0,"featurecla":"Land","min_zoom":3}},
{"type":"Feature","geometry":{"type":"Polygon","coordinates":[[[-91.683691,18.677344],[-91.589111,18.778027],[-91.816113,18.675879],[-91.683691,18.677344]]]},"properties":{"scalerank":0,"featurecla":"Land","min_zoom":3}},
{"type":"Feature","geometry":{"type":"Polygon","coordinates":[[[-82.233496,9.380713],[-82.259424,9.430273],[-82.321729,9.418115],[-82.244434,9.334082],[-82.233496,9.380713]]]},"properties":{"scalerank":0,"featurecla":"Land","min_zoom":4}},
{"type":"Feature","geometry":{"type":"Polygon","coordinates":[[[-81.369531,19.348877],[-81.303711,19.271875],[-81.130469,19.346777],[-81.284814,19.362549],[-81.369531,19.348877]]]},"properties":{"scalerank":0,"featurecla":"Land","min_zoom":3}},
{"type":"Feature","geometry":{"type":"Polygon","coordinates":[[[-86.939648,20.30332],[-86.755029,20.551758],[-86.927832,20.551514],[-86.939648,20.30332]]]},"properties":{"scalerank":0,"featurecla":"Land","min_zoom":3}},
{"type":"Feature","geometry":{"type":"Polygon","coordinates":[[[-62.630664,17.23999],[-62.713721,17.353271],[-62.794629,17.402588],[-62.838916,17.339258],[-62.630664,17.23999]]]},"properties":{"scalerank":0,"featurecla":"Land","min_zoom":3}},
{"type":"Feature","geometry":{"type":"Polygon","coordinates":[[[-60.895215,13.821973],[-60.886768,14.011133],[-61.063574,13.915576],[-60.895215,13.821973]]]},"properties":{"scalerank":0,"featurecla":"Land","min_zoom":3}},
{"type":"Feature","geometry":{"type":"Polygon","coordinates":[[[-60.82627,14.494482],[-60.918652,14.735352],[-61.219727,14.804395],[-61.063721,14.46709],[-60.82627,14.494482]]]},"properties":{"scalerank":0,"featurecla":"Land","min_zoom":2}},
{"type":"Feature","geometry":{"type":"Polygon","coordinates":[[[-61.012109,10.134326],[-61.03374,10.669873],[-61.464746,10.538965],[-61.59668,10.064648],[-61.012109,10.134326]]]},"properties":{"scalerank":0,"featurecla":"Land","min_zoom":1}},
{"type":"Feature","geometry":{"type":"Polygon","coordinates":[[[-68.205811,12.14458],[-68.219482,12.23125],[-68.369238,12.301953],[-68.371094,12.25752],[-68.287256,12.171729],[-68.205811,12.14458]]]},"properties":{"scalerank":0,"featurecla":"Land","min_zoom":3}},
{"type":"Feature","geometry":{"type":"Polygon","coordinates":[[[-60.756299,11.178516],[-60.546484,11.263721],[-60.562793,11.323535],[-60.708936,11.277246],[-60.756299,11.178516]]]},"properties":{"scalerank":0,"featurecla":"Land","min_zoom":3}},
{"type":"Feature","geometry":{"type":"Polygon","coordinates":[[[-62.148438,16.740332],[-62.223047,16.751562],[-62.221631,16.699512],[-62.154248,16.681201],[-62.148438,16.740332]]]},"properties":{"scalerank":0,"featurecla":"Land","min_zoom":4}},
{"type":"Feature","geometry":{"type":"Polygon","coordinates":[[[-59.493311,13.081982],[-59.427637,13.152783],[-59.591602,13.317676],[-59.611328,13.1021],[-59.493311,13.081982]]]},"properties":{"scalerank":0,"featurecla":"Land","min_zoom":3}},
{"type":"Feature","geometry":{"type":"Polygon","coordinates":[[[-63.849365,11.131006],[-64.160889,10.958789],[-63.917627,10.887549],[-63.849365,11.131006]]]},"properties":{"scalerank":0,"featurecla":"Land","min_zoom":2}},
{"type":"Feature","geometry":{"type":"Polygon","coordinates":[[[-63.001221,18.221777],[-63.026025,18.269727],[-63.15332,18.200293],[-63.001221,18.221777]]]},"properties":{"scalerank":0,"featurecla":"Land","min_zoom":4}},
{"type":"Feature","geometry":{"type":"Polygon","coordinates":[[[-61.71543,12.012646],[-61.6271,12.054199],[-61.606787,12.223389],[-61.715039,12.185059],[-61.71543,12.012646]]]},"properties":{"scalerank":0,"featurecla":"Land","min_zoom":3}},
{"type":"Feature","geometry":{"type":"Polygon","coordinates":[[[-61.747119,17.574951],[-61.749609,17.661328],[-61.852441,17.714062],[-61.843799,17.596143],[-61.747119,17.574951]]]},"properties":{"scalerank":0,"featurecla":"Land","min_zoom":3}},
{"type":"Feature","geometry":{"type":"Polygon","coordinates":[[[-61.230469,15.889941],[-61.25,16.006299],[-61.318408,15.954883],[-61.230469,15.889941]]]},"properties":{"scalerank":0,"featurecla":"Land","min_zoom":3}},
{"type":"Feature","geometry":{"type":"Polygon","coordinates":[[[-61.716064,17.037012],[-61.817285,17.168945],[-61.859668,17.01333],[-61.716064,17.037012]]]},"properties":{"scalerank":0,"featurecla":"Land","min_zoom":3}},
{"type":"Feature","geometry":{"type":"Polygon","coordinates":[[[-61.281689,15.249023],[-61.32002,15.585059],[-61.481152,15.525146],[-61.281689,15.249023]]]},"properties":{"scalerank":0,"featurecla":"Land","min_zoom":2}},
{"type":"Feature","geometry":{"type":"Polygon","coordinates":[[[-61.327148,16.23042],[-61.406445,16.468311],[-61.528906,16.433789],[-61.522168,16.228027],[-61.327148,16.23042]]]},"properties":{"scalerank":0,"featurecla":"Land","min_zoom":2}},
{"type":"Feature","geometry":{"type":"Polygon","coordinates":[[[-61.589551,16.006934],[-61.552344,16.270898],[-61.794092,16.300977],[-61.759424,16.062061],[-61.589551,16.006934]]]},"properties":{"scalerank":0,"featurecla":"Land","min_zoom":2}},
{"type":"Feature","geometry":{"type":"Polygon","coordinates":[[[-61.174512,13.158105],[-61.124023,13.294043],[-61.182129,13.355957],[-61.277295,13.20957],[-61.174512,13.158105]]]},"properties":{"scalerank":0,"featurecla":"Land","min_zoom":3}},
{"type":"Feature","geometry":{"type":"Polygon","coordinates":[[[-73.041016,22.429053],[-73.110205,22.367578],[-72.88916,22.360254],[-73.041016,22.429053]]]},"properties":{"scalerank":0,"featurecla":"Land","min_zoom":3}},
{"type":"Feature","geometry":{"type":"Polygon","coordinates":[[[-68.751074,12.059766],[-68.827393,12.158545],[-69.013135,12.231348],[-69.076758,12.342041],[-69.153809,12.298437],[-68.995117,12.141846],[-68.80332,12.045459],[-68.751074,12.059766]]]},"properties":{"scalerank":0,"featurecla":"Land","min_zoom":3}},
{"type":"Feature","geometry":{"type":"Polygon","coordinates":[[[-71.661426,21.765234],[-71.668359,21.833447],[-71.806152,21.8521],[-71.83042,21.790625],[-71.661426,21.765234]]]},"properties":{"scalerank":0,"featurecla":"Land","min_zoom":3}},
{"type":"Feature","geometry":{"type":"Polygon","coordinates":[[[-72.916113,21.506689],[-72.994775,21.561621],[-73.062695,21.515332],[-73.049316,21.457617],[-72.916113,21.506689]]]},"properties":{"scalerank":0,"featurecla":"Land","min_zoom":4}},
{"type":"Feature","geometry":{"type":"Polygon","coordinates":[[[-71.879932,21.84043],[-71.931543,21.951904],[-72.019043,21.918262],[-71.879932,21.84043]]]},"properties":{"scalerank":0,"featurecla":"Land","min_zoom":4}},
{"type":"Feature","geometry":{"type":"Polygon","coordinates":[[[-72.332812,21.851367],[-72.335449,21.758008],[-72.218652,21.796289],[-72.332812,21.851367]]]},"properties":{"scalerank":0,"featurecla":"Land","min_zoom":3}},
{"type":"Feature","geometry":{"type":"Polygon","coordinates":[[[-160.918994,58.5771],[-160.715137,58.795215],[-161.131494,58.668213],[-160.918994,58.5771]]]},"properties":{"scalerank":0,"featurecla":"Land","min_zoom":3}},
{"type":"Feature","geometry":{"type":"Polygon","coordinates":[[[-153.00708,57.124854],[-153.285205,57.185059],[-153.374609,57.051904],[-153.00708,57.124854]]]},"properties":{"scalerank":0,"featurecla":"Land","min_zoom":1}},
{"type":"Feature","geometry":{"type":"Polygon","coordinates":[[[-152.020752,60.361719],[-151.887305,60.472705],[-151.959717,60.50376],[-152.020752,60.361719]]]},"properties":{"scalerank":0,"featurecla":"Land","min_zoom":4}},
{"type":"Feature","geometry":{"type":"Polygon","coordinates":[[[-152.486084,58.48501],[-152.356836,58.594971],[-152.463184,58.618506],[-152.636621,58.541699],[-152.486084,58.48501]]]},"properties":{"scalerank":0,"featurecla":"Land","min_zoom":3}},
{"type":"Feature","geometry":{"type":"Polygon","coordinates":[[[-153.240625,57.850098],[-153.346973,57.932812],[-153.51709,57.941895],[-153.268555,57.822363],[-153.240625,57.850098]]]},"properties":{"scalerank":0,"featurecla":"Land","min_zoom":1}},
{"type":"Feature","geometry":{"type":"Polygon","coordinates":[[[-155.566016,55.821191],[-155.620605,55.913086],[-155.737354,55.829785],[-155.566016,55.821191]]]},"properties":{"scalerank":0,"featurecla":"Land","min_zoom":3}},
{"type":"Feature","geometry":{"type":"Polygon","coordinates":[[[-154.682813,56.435791],[-154.444873,56.573193],[-154.517529,56.600537],[-154.729346,56.502148],[-154.682813,56.435791]]]},"properties":{"scalerank":0,"featurecla":"Land","min_zoom":3}},
{"type":"Feature","geometry":{"type":"Polygon","coordinates":[[[-154.208643,56.514893],[-154.115967,56.543896],[-154.216748,56.60874],[-154.332129,56.539014],[-154.208643,56.514893]]]},"properties":{"scalerank":0,"featurecla":"Land","min_zoom":3}},
{"type":"Feature","geometry":{"type":"Polygon","coordinates":[[[-146.393945,60.449658],[-146.702539,60.408545],[-146.618311,60.273682],[-146.128271,60.392529],[-146.393945,60.449658]]]},"properties":{"scalerank":0,"featurecla":"Land","min_zoom":3}},
{"type":"Feature","geometry":{"type":"Polygon","coordinates":[[[-145.118506,60.337109],[-145.128125,60.401123],[-145.284277,60.336816],[-145.118506,60.337109]]]},"properties":{"scalerank":0,"featurecla":"Land","min_zoom":4}},
{"type":"Feature","geometry":{"type":"Polygon","coordinates":[[[-144.565625,59.818408],[-144.403223,59.921094],[-144.248975,59.982129],[-144.353955,59.996191],[-144.541553,59.878223],[-144.565625,59.818408]]]},"properties":{"scalerank":0,"featurecla":"Land","min_zoom":3}},
{"type":"Feature","geometry":{"type":"Polygon","coordinates":[[[-147.735889,59.813232],[-146.986719,60.254346],[-147.12002,60.363086],[-147.814355,59.901953],[-147.735889,59.813232]]]},"properties":{"scalerank":0,"featurecla":"Land","min_zoom":2}},
{"type":"Feature","geometry":{"type":"Polygon","coordinates":[[[-148.021777,60.065332],[-148.07959,60.15166],[-148.230664,60.113525],[-148.271875,60.053271],[-148.021777,60.065332]]]},"properties":{"scalerank":0,"featurecla":"Land","min_zoom":3}},
{"type":"Feature","geometry":{"type":"Polygon","coordinates":[[[-147.658252,60.450488],[-147.794531,60.459863],[-147.871338,60.229785],[-147.732129,60.22207],[-147.658252,60.450488]]]},"properties":{"scalerank":0,"featurecla":"Land","min_zoom":3}},
{"type":"Feature","geometry":{"type":"Polygon","coordinates":[[[-147.930713,60.826172],[-147.964404,60.900146],[-148.10166,60.916113],[-148.123779,60.844336],[-147.930713,60.826172]]]},"properties":{"scalerank":0,"featurecla":"Land","min_zoom":4}},
{"type":"Feature","geometry":{"type":"Polygon","coordinates":[[[-132.862256,54.894434],[-133.097412,55.213721],[-133.251172,55.175146],[-133.122705,54.969824],[-132.862256,54.894434]]]},"properties":{"scalerank":0,"featurecla":"Land","min_zoom":2}},
{"type":"Feature","geometry":{"type":"Polygon","coordinates":[[[-133.9896,56.844971],[-134.373682,56.838672],[-134.195459,56.413525],[-133.855273,56.582178],[-133.9896,56.844971]]]},"properties":{"scalerank":0,"featurecla":"Land","min_zoom":2}},
{"type":"Feature","geometry":{"type":"Polygon","coordinates":[[[-133.305078,55.54375],[-133.634229,55.539258],[-133.650195,55.269287],[-133.305078,55.54375]]]},"properties":{"scalerank":0,"featurecla":"Land","min_zoom":3}},
{"type":"Feature","geometry":{"type":"Polygon","coordinates":[[[-131.339746,55.079834],[-131.404639,55.21333],[-131.577832,55.20083],[-131.595117,55.090723],[-131.339746,55.079834]]]},"properties":{"scalerank":0,"featurecla":"Land","min_zoom":3}},
{"type":"Feature","geometry":{"type":"Polygon","coordinates":[[[-132.746875,56.525684],[-132.567969,56.57583],[-132.842529,56.794775],[-132.930811,56.524463],[-132.746875,56.525684]]]},"properties":{"scalerank":0,"featurecla":"Land","min_zoom":3}},
{"type":"Feature","geometry":{"type":"Polygon","coordinates":[[[-132.112354,56.109375],[-132.379834,56.498779],[-132.659912,56.078174],[-132.112354,56.109375]]]},"properties":{"scalerank":0,"featurecla":"Land","min_zoom":0}},
{"type":"Feature","geometry":{"type":"Polygon","coordinates":[[[-132.779883,56.247266],[-132.706055,56.448486],[-133.03501,56.340918],[-132.779883,56.247266]]]},"properties":{"scalerank":0,"featurecla":"Land","min_zoom":3}},
{"type":"Feature","geometry":{"type":"Polygon","coordinates":[[[-134.312744,58.228906],[-134.519971,58.33252],[-134.593994,58.243115],[-134.312744,58.228906]]]},"properties":{"scalerank":0,"featurecla":"Land","min_zoom":3}},
{"type":"Feature","geometry":{"type":"Polygon","coordinates":[[[-128.936865,52.51001],[-128.993994,52.661719],[-129.151025,52.605322],[-128.936865,52.51001]]]},"properties":{"scalerank":0,"featurecla":"Land","min_zoom":3}},
{"type":"Feature","geometry":{"type":"Polygon","coordinates":[[[-130.927148,54.479053],[-130.805127,54.543799],[-130.777051,54.618896],[-130.906836,54.631787],[-130.927148,54.479053]]]},"properties":{"scalerank":0,"featurecla":"Land","min_zoom":3}},
{"type":"Feature","geometry":{"type":"Polygon","coordinates":[[[-131.029297,51.961621],[-131.010645,52.095264],[-131.117334,52.101025],[-131.103418,52.013867],[-131.029297,51.961621]]]},"properties":{"scalerank":0,"featurecla":"Land","min_zoom":3}},
{"type":"Feature","geometry":{"type":"Polygon","coordinates":[[[-130.236279,53.958545],[-130.397314,54.085693],[-130.695703,53.95127],[-130.384229,53.843945],[-130.236279,53.958545]]]},"properties":{"scalerank":0,"featurecla":"Land","min_zoom":3}},
{"type":"Feature","geometry":{"type":"Polygon","coordinates":[[[-129.848584,53.16792],[-129.944727,53.436377],[-130.517578,53.544238],[-129.848584,53.16792]]]},"properties":{"scalerank":0,"featurecla":"Land","min_zoom":2}},
{"type":"Feature","geometry":{"type":"Polygon","coordinates":[[[-127.924658,51.473877],[-127.916357,51.585449],[-128.031738,51.708398],[-128.148779,51.626709],[-128.091797,51.511133],[-127.924658,51.473877]]]},"properties":{"scalerank":0,"featurecla":"Land","min_zoom":3}},
{"type":"Feature","geometry":{"type":"Polygon","coordinates":[[[-128.36875,52.400879],[-128.248437,52.741211],[-128.439795,52.696387],[-128.36875,52.400879]]]},"properties":{"scalerank":0,"featurecla":"Land","min_zoom":3}},
{"type":"Feature","geometry":{"type":"Polygon","coordinates":[[[-129.313721,52.992188],[-129.450732,53.174707],[-129.500146,53.128906],[-129.409717,53.02373],[-129.313721,52.992188]]]},"properties":{"scalerank":0,"featurecla":"Land","min_zoom":3}},
{"type":"Feature","geometry":{"type":"Polygon","coordinates":[[[-129.167725,53.117871],[-129.177002,53.259131],[-129.253076,53.285498],[-129.323877,53.142139],[-129.167725,53.117871]]]},"properties":{"scalerank":0,"featurecla":"Land","min_zoom":3}},
{"type":"Feature","geometry":{"type":"Polygon","coordinates":[[[-139.043115,69.576904],[-139.1396,69.649609],[-139.291406,69.597852],[-139.043115,69.576904]]]},"properties":{"scalerank":0,"featurecla":"Land","min_zoom":3}},
{"type":"Feature","geometry":{"type":"Polygon","coordinates":[[[-60.9979,8.867334],[-60.84917,8.995703],[-60.91582,9.070312],[-61.069189,8.947314],[-60.9979,8.867334]]]},"properties":{"scalerank":0,"featurecla":"Land","min_zoom":3}},
{"type":"Feature","geometry":{"type":"Polygon","coordinates":[[[-80.131592,-2.973145],[-80.080762,-2.668848],[-80.223682,-2.753125],[-80.272949,-2.995898],[-80.131592,-2.973145]]]},"properties":{"scalerank":0,"featurecla":"Land","min_zoom":2}},
{"type":"Feature","geometry":{"type":"Polygon","coordinates":[[[-51.83252,-1.433789],[-51.276318,-1.021777],[-51.546045,-0.649609],[-51.83252,-1.433789]]]},"properties":{"scalerank":0,"featurecla":"Land","min_zoom":0}},
{"type":"Feature","geometry":{"type":"Polygon","coordinates":[[[-79.06543,8.254199],[-79.096289,8.29541],[-79.127539,8.251855],[-79.110352,8.209814],[-79.06543,8.254199]]]},"properties":{"scalerank":0,"featurecla":"Land","min_zoom":4}},
{"type":"Feature","geometry":{"type":"Polygon","coordinates":[[[-78.909229,1.252783],[-78.899805,1.359766],[-78.991699,1.293213],[-78.909229,1.252783]]]},"properties":{"scalerank":0,"featurecla":"Land","min_zoom":4}},
{"type":"Feature","geometry":{"type":"Polygon","coordinates":[[[-78.113721,2.541748],[-78.119141,2.603613],[-78.178418,2.646338],[-78.19248,2.559277],[-78.113721,2.541748]]]},"properties":{"scalerank":0,"featurecla":"Land","min_zoom":4}},
{"type":"Feature","geometry":{"type":"Polygon","coordinates":[[[-60.821191,9.138379],[-60.781592,9.218359],[-60.907275,9.178711],[-60.941406,9.105566],[-60.821191,9.138379]]]},"properties":{"scalerank":0,"featurecla":"Land","min_zoom":3}},
{"type":"Feature","geometry":{"type":"Polygon","coordinates":[[[-44.499316,-2.939648],[-44.481445,-2.717578],[-44.569092,-2.784961],[-44.565332,-2.923926],[-44.499316,-2.939648]]]},"properties":{"scalerank":0,"featurecla":"Land","min_zoom":3}},
{"type":"Feature","geometry":{"type":"Polygon","coordinates":[[[-38.743848,-13.09707],[-38.601172,-12.992578],[-38.614551,-12.924023],[-38.786963,-13.055078],[-38.743848,-13.09707]]]},"properties":{"scalerank":0,"featurecla":"Land","min_zoom":3}},
{"type":"Feature","geometry":{"type":"Polygon","coordinates":[[[-38.903564,-13.473438],[-38.907129,-13.401074],[-39.022168,-13.445605],[-38.977588,-13.523535],[-38.903564,-13.473438]]]},"properties":{"scalerank":0,"featurecla":"Land","min_zoom":3}},
{"type":"Feature","geometry":{"type":"Polygon","coordinates":[[[-44.883105,-1.317871],[-44.978662,-1.267285],[-44.967871,-1.39082],[-44.883105,-1.317871]]]},"properties":{"scalerank":0,"featurecla":"Land","min_zoom":3}},
{"type":"Feature","geometry":{"type":"Polygon","coordinates":[[[-49.738232,0.268164],[-50.272656,0.231738],[-50.339453,0.043359],[-49.838965,0.006885],[-49.738232,0.268164]]]},"properties":{"scalerank":0,"featurecla":"Land","min_zoom":2}},
{"type":"Feature","geometry":{"type":"Polygon","coordinates":[[[-50.298975,1.938525],[-50.341992,2.141748],[-50.491016,2.128613],[-50.456104,1.910498],[-50.298975,1.938525]]]},"properties":{"scalerank":0,"featurecla":"Land","min_zoom":3}},
{"type":"Feature","geometry":{"type":"Polygon","coordinates":[[[-50.652881,-0.131641],[-50.995068,-0.105273],[-50.926367,-0.327344],[-50.652881,-0.131641]]]},"properties":{"scalerank":0,"featurecla":"Land","min_zoom":2}},
{"type":"Feature","geometry":{"type":"Polygon","coordinates":[[[-49.443896,-0.112402],[-49.503467,0.083691],[-49.712305,0.015137],[-49.708838,-0.14375],[-49.443896,-0.112402]]]},"properties":{"scalerank":0,"featurecla":"Land","min_zoom":2}},
{"type":"Feature","geometry":{"type":"Polygon","coordinates":[[[-50.426123,0.139258],[-50.610449,0.204785],[-50.623926,0.054395],[-50.443945,-0.007666],[-50.426123,0.139258]]]},"properties":{"scalerank":0,"featurecla":"Land","min_zoom":2}},
{"type":"Feature","geometry":{"type":"Polygon","coordinates":[[[-50.15293,0.393018],[-50.040039,0.522803],[-50.251172,0.585449],[-50.261328,0.35918],[-50.15293,0.393018]]]},"properties":{"scalerank":0,"featurecla":"Land","min_zoom":3}},
{"type":"Feature","geometry":{"type":"Polygon","coordinates":[[[-90.334863,-0.771582],[-90.269385,-0.484668],[-90.469727,-0.517383],[-90.334863,-0.771582]]]},"properties":{"scalerank":0,"featurecla":"Land","min_zoom":2}},
{"type":"Feature","geometry":{"type":"Polygon","coordinates":[[[-89.418896,-0.911035],[-89.423145,-0.722266],[-89.608594,-0.888574],[-89.418896,-0.911035]]]},"properties":{"scalerank":0,"featurecla":"Land","min_zoom":3}},
{"type":"Feature","geometry":{"type":"Polygon","coordinates":[[[-81.603271,7.332812],[-81.671436,7.523438],[-81.852051,7.45332],[-81.603271,7.332812]]]},"properties":{"scalerank":0,"featurecla":"Land","min_zoom":3}},
{"type":"Feature","geometry":{"type":"Polygon","coordinates":[[[-91.425977,-0.46084],[-91.460156,-0.255664],[-91.646582,-0.39082],[-91.425977,-0.46084]]]},"properties":{"scalerank":0,"featurecla":"Land","min_zoom":3}},
{"type":"Feature","geometry":{"type":"Polygon","coordinates":[[[-90.423926,-1.339941],[-90.37915,-1.292285],[-90.477197,-1.220996],[-90.519531,-1.299121],[-90.423926,-1.339941]]]},"properties":{"scalerank":0,"featurecla":"Land","min_zoom":3}},
{"type":"Feature","geometry":{"type":"Polygon","coordinates":[[[-91.272168,0.025146],[-91.369189,-0.287207],[-90.905518,-0.940527],[-90.799658,-0.752051],[-91.272168,0.025146]]]},"properties":{"scalerank":0,"featurecla":"Land","min_zoom":2}},
{"type":"Feature","geometry":{"type":"Polygon","coordinates":[[[-90.573926,-0.333984],[-90.667529,-0.189844],[-90.780371,-0.160449],[-90.809033,-0.329395],[-90.573926,-0.333984]]]},"properties":{"scalerank":0,"featurecla":"Land","min_zoom":3}},
{"type":"Feature","geometry":{"type":"Polygon","coordinates":[[[-109.27998,-27.14043],[-109.390479,-27.068359],[-109.434131,-27.171289],[-109.27998,-27.14043]]]},"properties":{"scalerank":0,"featurecla":"Land","min_zoom":3}},
{"type":"Feature","geometry":{"type":"Polygon","coordinates":[[[-106.502246,21.61084],[-106.536426,21.676367],[-106.639355,21.697852],[-106.607031,21.561475],[-106.502246,21.61084]]]},"properties":{"scalerank":0,"featurecla":"Land","min_zoom":3}},
{"type":"Feature","geometry":{"type":"Polygon","coordinates":[[[-110.914453,18.741455],[-110.989404,18.863135],[-111.063672,18.781641],[-110.914453,18.741455]]]},"properties":{"scalerank":0,"featurecla":"Land","min_zoom":3}},
{"type":"Feature","geometry":{"type":"Polygon","coordinates":[[[-110.567383,25.003467],[-110.690234,25.087842],[-110.657422,24.968848],[-110.567383,25.003467]]]},"properties":{"scalerank":0,"featurecla":"Land","min_zoom":3}},
{"type":"Feature","geometry":{"type":"Polygon","coordinates":[[[-109.805078,24.151074],[-109.793799,24.183398],[-109.900488,24.330908],[-109.87793,24.200635],[-109.805078,24.151074]]]},"properties":{"scalerank":0,"featurecla":"Land","min_zoom":3}},
{"type":"Feature","geometry":{"type":"Polygon","coordinates":[[[-113.155615,29.052246],[-113.202148,29.301855],[-113.580615,29.413232],[-113.264746,29.096729],[-113.155615,29.052246]]]},"properties":{"scalerank":0,"featurecla":"Land","min_zoom":2}},
{"type":"Feature","geometry":{"type":"Polygon","coordinates":[[[-114.694141,31.705615],[-114.709082,31.756885],[-114.771094,31.794092],[-114.789209,31.747412],[-114.694141,31.705615]]]},"properties":{"scalerank":0,"featurecla":"Land","min_zoom":4}},
{"type":"Feature","geometry":{"type":"Polygon","coordinates":[[[-115.170605,28.069385],[-115.196973,28.327881],[-115.35293,28.103955],[-115.170605,28.069385]]]},"properties":{"scalerank":0,"featurecla":"Land","min_zoom":3}},
{"type":"Feature","geometry":{"type":"Polygon","coordinates":[[[-111.698877,24.393604],[-111.856836,24.537988],[-112.013281,24.533398],[-111.712305,24.346387],[-111.698877,24.393604]]]},"properties":{"scalerank":0,"featurecla":"Land","min_zoom":3}},
{"type":"Feature","geometry":{"type":"Polygon","coordinates":[[[-111.100293,26.020605],[-111.18291,26.040625],[-111.204492,25.849707],[-111.135254,25.99917],[-111.100293,26.020605]]]},"properties":{"scalerank":0,"featurecla":"Land","min_zoom":3}},
{"type":"Feature","geometry":{"type":"Polygon","coordinates":[[[-112.203076,29.005322],[-112.469824,29.167725],[-112.514062,28.847607],[-112.278418,28.769336],[-112.203076,29.005322]]]},"properties":{"scalerank":0,"featurecla":"Land","min_zoom":1}},
{"type":"Feature","geometry":{"type":"Polygon","coordinates":[[[-112.057275,24.545703],[-112.222314,24.951123],[-112.296777,24.789648],[-112.057275,24.545703]]]},"properties":{"scalerank":0,"featurecla":"Land","min_zoom":3}},
{"type":"Feature","geometry":{"type":"Polygon","coordinates":[[[166.979492,-45.179688],[166.892676,-45.240527],[167.022656,-45.299805],[166.979492,-45.179688]]]},"properties":{"scalerank":0,"featurecla":"Land","min_zoom":4}},
{"type":"Feature","geometry":{"type":"Polygon","coordinates":[[[124.316211,10.606006],[124.381348,10.632568],[124.382324,10.679834],[124.334668,10.706689],[124.316211,10.606006]]]},"properties":{"scalerank":0,"featurecla":"Land","min_zoom":4}},
{"type":"Feature","geometry":{"type":"Polygon","coordinates":[[[125.280762,9.982178],[125.230957,10.115674],[125.158984,10.062939],[125.280762,9.982178]]]},"properties":{"scalerank":0,"featurecla":"Land","min_zoom":3}},
{"type":"Feature","geometry":{"type":"Polygon","coordinates":[[[122.937109,7.409131],[122.796582,7.393359],[122.804688,7.315967],[122.943652,7.361035],[122.937109,7.409131]]]},"properties":{"scalerank":0,"featurecla":"Land","min_zoom":3}},
{"type":"Feature","geometry":{"type":"Polygon","coordinates":[[[125.78457,6.962744],[125.783398,7.130664],[125.683008,7.073193],[125.78457,6.962744]]]},"properties":{"scalerank":0,"featurecla":"Land","min_zoom":3}},
{"type":"Feature","geometry":{"type":"Polygon","coordinates":[[[125.970508,9.593555],[125.992969,9.68457],[125.948535,9.739209],[125.92207,9.621484],[125.970508,9.593555]]]},"properties":{"scalerank":0,"featurecla":"Land","min_zoom":4}},
{"type":"Feature","geometry":{"type":"Polygon","coordinates":[[[124.608398,11.492188],[124.510938,11.687109],[124.360352,11.665918],[124.483496,11.48584],[124.608398,11.492188]]]},"properties":{"scalerank":0,"featurecla":"Land","min_zoom":3}},
{"type":"Feature","geometry":{"type":"Polygon","coordinates":[[[124.854395,11.594775],[124.788379,11.683105],[124.743652,11.658545],[124.781055,11.580762],[124.854395,11.594775]]]},"properties":{"scalerank":0,"featurecla":"Land","min_zoom":3}},
{"type":"Feature","geometry":{"type":"Polygon","coordinates":[[[134.819531,-6.43418],[134.88584,-6.323535],[134.851855,-6.324609],[134.795313,-6.393066],[134.819531,-6.43418]]]},"properties":{"scalerank":0,"featurecla":"Land","min_zoom":4}},
{"type":"Feature","geometry":{"type":"Polygon","coordinates":[[[134.674414,-6.749805],[134.726074,-6.668652],[134.697656,-6.625684],[134.629102,-6.712793],[134.674414,-6.749805]]]},"properties":{"scalerank":0,"featurecla":"Land","min_zoom":4}},
{"type":"Feature","geometry":{"type":"Polygon","coordinates":[[[127.987891,-2.936523],[127.938379,-2.952344],[127.849609,-3.016309],[127.937695,-3.02002],[127.987891,-2.936523]]]},"properties":{"scalerank":0,"featurecla":"Land","min_zoom":4}},
{"type":"Feature","geometry":{"type":"Polygon","coordinates":[[[127.60625,-3.315137],[127.554492,-3.254297],[127.487695,-3.288184],[127.531055,-3.331348],[127.60625,-3.315137]]]},"properties":{"scalerank":0,"featurecla":"Land","min_zoom":4}},
{"type":"Feature","geometry":{"type":"Polygon","coordinates":[[[124.05127,-5.97373],[124.022949,-5.902148],[123.972266,-5.939355],[124.05127,-5.97373]]]},"properties":{"scalerank":0,"featurecla":"Land","min_zoom":4}},
{"type":"Feature","geometry":{"type":"Polygon","coordinates":[[[123.626758,-5.271582],[123.550098,-5.331836],[123.622754,-5.373047],[123.626758,-5.271582]]]},"properties":{"scalerank":0,"featurecla":"Land","min_zoom":4}},
{"type":"Feature","geometry":{"type":"Polygon","coordinates":[[[120.774414,-7.118945],[120.745508,-7.060156],[120.633398,-7.018262],[120.64082,-7.11582],[120.774414,-7.118945]]]},"properties":{"scalerank":0,"featurecla":"Land","min_zoom":3}},
{"type":"Feature","geometry":{"type":"Polygon","coordinates":[[[122.977344,-8.545215],[122.932813,-8.49707],[122.887793,-8.587305],[122.945508,-8.604004],[122.977344,-8.545215]]]},"properties":{"scalerank":0,"featurecla":"Land","min_zoom":3}},
{"type":"Feature","geometry":{"type":"Polygon","coordinates":[[[117.556348,-8.367285],[117.669238,-8.189258],[117.490527,-8.183398],[117.556348,-8.367285]]]},"properties":{"scalerank":0,"featurecla":"Land","min_zoom":3}},
{"type":"Feature","geometry":{"type":"Polygon","coordinates":[[[70.020703,66.502197],[70.07666,66.695898],[69.469336,66.715967],[69.651367,66.565332],[70.020703,66.502197]]]},"properties":{"scalerank":0,"featurecla":"Land","min_zoom":3}},
{"type":"Feature","geometry":{"type":"Polygon","coordinates":[[[96.853906,76.19917],[97.053027,76.302588],[96.87793,76.355225],[96.740234,76.257861],[96.853906,76.19917]]]},"properties":{"scalerank":0,"featurecla":"Land","min_zoom":4}},
{"type":"Feature","geometry":{"type":"Polygon","coordinates":[[[100.135938,79.614209],[100.300293,79.670264],[99.955762,79.690332],[99.91543,79.601611],[100.135938,79.614209]]]},"properties":{"scalerank":0,"featurecla":"Land","min_zoom":4}},
{"type":"Feature","geometry":{"type":"Polygon","coordinates":[[[161.46709,68.900977],[161.350879,69.369336],[161.136523,69.110254],[161.46709,68.900977]]]},"properties":{"scalerank":0,"featurecla":"Land","min_zoom":2}},
{"type":"Feature","geometry":{"type":"Polygon","coordinates":[[[129.717969,31.657129],[129.793652,31.74248],[129.706836,31.718262],[129.717969,31.657129]]]},"properties":{"scalerank":0,"featurecla":"Land","min_zoom":4}},
{"type":"Feature","geometry":{"type":"Polygon","coordinates":[[[126.417578,36.492578],[126.386621,36.571143],[126.318555,36.612549],[126.3375,36.470557],[126.417578,36.492578]]]},"properties":{"scalerank":0,"featurecla":"Land","min_zoom":3}},
{"type":"Feature","geometry":{"type":"Polygon","coordinates":[[[124.905273,39.536279],[124.93457,39.607812],[124.889551,39.6021],[124.846094,39.558887],[124.905273,39.536279]]]},"properties":{"scalerank":0,"featurecla":"Land","min_zoom":4}},
{"type":"Feature","geometry":{"type":"Polygon","coordinates":[[[121.251367,28.086426],[121.205469,28.204395],[121.133984,28.135254],[121.251367,28.086426]]]},"properties":{"scalerank":0,"featurecla":"Land","min_zoom":3}},
{"type":"Feature","geometry":{"type":"Polygon","coordinates":[[[113.555273,22.804199],[113.464941,22.904541],[113.426074,22.858594],[113.555273,22.804199]]]},"properties":{"scalerank":0,"featurecla":"Land","min_zoom":4}},
{"type":"Feature","geometry":{"type":"Polygon","coordinates":[[[112.790234,21.601855],[112.800684,21.694873],[112.712695,21.697949],[112.741992,21.618066],[112.790234,21.601855]]]},"properties":{"scalerank":0,"featurecla":"Land","min_zoom":3}},
{"type":"Feature","geometry":{"type":"Polygon","coordinates":[[[112.64375,21.639648],[112.647656,21.710254],[112.558984,21.674756],[112.545605,21.618506],[112.64375,21.639648]]]},"properties":{"scalerank":0,"featurecla":"Land","min_zoom":4}},
{"type":"Feature","geometry":{"type":"Polygon","coordinates":[[[113.997754,22.210498],[114.00332,22.277539],[113.881543,22.280273],[113.877344,22.210449],[113.997754,22.210498]]]},"properties":{"scalerank":0,"featurecla":"Land","min_zoom":3}},
{"type":"Feature","geometry":{"type":"Polygon","coordinates":[[[107.167676,10.397168],[107.07793,10.3875],[107.083789,10.336572],[107.167676,10.397168]]]},"properties":{"scalerank":0,"featurecla":"Land","min_zoom":4}},
{"type":"Feature","geometry":{"type":"Polygon","coordinates":[[[103.317773,10.718506],[103.222949,10.75957],[103.28125,10.679688],[103.317773,10.718506]]]},"properties":{"scalerank":0,"featurecla":"Land","min_zoom":4}},
{"type":"Feature","geometry":{"type":"Polygon","coordinates":[[[8.587891,54.712695],[8.509961,54.760303],[8.417676,54.738672],[8.453809,54.691064],[8.587891,54.712695]]]},"properties":{"scalerank":0,"featurecla":"Land","min_zoom":4}},
{"type":"Feature","geometry":{"type":"Polygon","coordinates":[[[6.734766,53.58252],[6.75459,53.625488],[6.668555,53.605664],[6.734766,53.58252]]]},"properties":{"scalerank":0,"featurecla":"Land","min_zoom":4}},
{"type":"Feature","geometry":{"type":"Polygon","coordinates":[[[-86.589355,71.010791],[-85.023389,71.353223],[-86.036133,71.770947],[-86.629346,72.870801],[-84.974512,73.694775],[-86.76875,73.833984],[-87.719775,73.7229],[-89.263232,73.068994],[-90.025195,71.948779],[-89.845752,71.492285],[-88.848437,70.5229],[-87.900684,70.251904],[-86.624316,70.40127],[-86.322021,70.14541],[-82.138721,69.841211],[-81.098291,70.091162],[-79.615918,69.894727],[-78.809814,70.178564],[-75.787158,69.318652],[-76.403418,68.692334],[-74.917285,68.982861],[-74.647949,68.70752],[-73.328223,68.266748],[-72.22002,67.254297],[-74.433936,66.139014],[-73.560742,65.54292],[-75.82832,65.227051],[-77.326709,65.453125],[-78.095605,64.939258],[-77.791162,64.36709],[-76.723828,64.242041],[-75.067383,64.456689],[-74.512451,64.670166],[-73.443652,64.423486],[-71.253711,63.042529],[-70.236133,62.763379],[-69.545166,62.74458],[-69.082324,62.405176],[-66.256689,61.868262],[-66.28125,62.302686],[-67.675977,63.093555],[-65.978857,63.000684],[-65.26582,62.715088],[-65.068945,63.263477],[-64.514355,63.263965],[-64.678467,64.027979],[-65.274805,64.631543],[-66.860645,65.091602],[-68.256836,65.938623],[-67.183203,66.034424],[-66.476953,66.279736],[-65.305371,66.008447],[-65.401611,65.764014],[-64.665332,65.168945],[-63.401807,65.118457],[-63.364258,65.543213],[-62.658887,65.639941],[-61.299707,66.64873],[-61.968555,67.019043],[-62.379736,66.905371],[-63.040137,67.23501],[-64.007959,67.347314],[-64.527539,67.812695],[-66.225195,67.95874],[-68.037939,68.550732],[-67.751709,69.038672],[-66.77085,69.33667],[-68.513037,69.577295],[-67.363672,70.034424],[-69.168701,70.76416],[-70.560937,70.738281],[-71.459912,71.463721],[-74.315723,71.842676],[-75.185791,72.434229],[-76.893506,72.720654],[-78.001025,72.687598],[-79.000244,72.272021],[-80.941211,72.210156],[-80.274707,72.745557],[-81.406152,73.634521],[-82.659619,73.72959],[-85.018408,73.335498],[-85.644531,72.774463],[-85.341113,72.421533],[-85.911621,71.986523],[-84.659961,71.586133],[-84.7896,71.093262],[-86.589355,71.010791]]]},"properties":{"scalerank":0,"featurecla":"Land","min_zoom":0}},
{"type":"Feature","geometry":{"type":"Polygon","coordinates":[[[-69.488867,83.016797],[-69.969922,83.116113],[-79.886328,82.938525],[-82.12251,82.601758],[-86.580615,82.187207],[-90.490186,81.877246],[-88.978369,81.541504],[-89.947314,81.172656],[-88.921436,80.805615],[-85.307422,80.525977],[-83.401416,80.713965],[-80.051074,80.528564],[-83.723633,80.228955],[-86.307178,80.319336],[-86.420752,79.845215],[-85.089795,79.612158],[-84.316113,78.975293],[-86.80791,78.774365],[-88.094678,77.719189],[-86.873779,77.200293],[-89.499756,76.826807],[-89.570068,76.491943],[-85.14126,76.30459],[-81.170703,76.512744],[-80.690283,76.176465],[-78.284326,76.57124],[-78.288867,76.977979],[-79.340869,77.158398],[-78.076172,77.519043],[-78.012598,77.946045],[-75.865967,78.009814],[-74.433105,78.724121],[-76.255859,79.006836],[-75.259473,79.421045],[-71.387842,79.761768],[-70.143506,80.397656],[-65.483984,81.284766],[-64.574023,81.73374],[-62.176709,82.043408],[-61.39248,82.441895],[-64.776758,82.876465],[-69.488867,83.016797]]]},"properties":{"scalerank":0,"featurecla":"Land","min_zoom":0}},
{"type":"Feature","geometry":{"type":"Polygon","coordinates":[[[-94.30835,71.764893],[-95.201221,71.903711],[-96.405664,71.273633],[-96.545605,70.327246],[-96.119092,69.871875],[-94.270801,69.455127],[-93.651709,68.543115],[-95.650488,67.737451],[-96.036035,68.157764],[-97.265918,68.45293],[-98.218555,68.317432],[-98.417139,67.826465],[-99.146875,67.723633],[-100.456104,67.839453],[-101.55498,67.693164],[-102.691992,67.811572],[-103.474121,68.115039],[-104.193555,68.031201],[-105.428613,68.458252],[-106.164453,68.919873],[-108.313477,68.610791],[-108.261035,68.149902],[-107.156494,66.881738],[-108.59292,67.590869],[-110.04248,67.977197],[-112.435156,67.684766],[-113.893213,67.706885],[-115.426855,67.923535],[-114.413867,68.65957],[-118.095215,69.04292],[-120.292529,69.420557],[-120.962451,69.6604],[-123.025781,69.81001],[-123.609131,69.377441],[-124.76792,69.990039],[-126.063818,69.46709],[-127.138477,70.239355],[-127.764941,70.221875],[-128.971436,69.712402],[-130.498437,70.143164],[-133.163135,69.433887],[-135.14082,69.467822],[-135.876318,68.916992],[-136.717334,68.88916],[-138.128369,69.151953],[-139.181543,69.515527],[-141.40791,69.653369],[-143.218311,70.11626],[-145.197363,70.008691],[-145.823145,70.160059],[-147.705371,70.217236],[-149.269434,70.500781],[-151.944678,70.4521],[-152.23291,70.810352],[-154.195215,70.801123],[-155.166846,71.099219],[-156.783301,71.318945],[-157.998486,70.845313],[-159.314502,70.878516],[-160.996289,70.30459],[-161.880957,70.331738],[-162.9521,69.758105],[-163.161475,69.387939],[-164.302344,68.936475],[-166.209082,68.885352],[-166.380518,68.425146],[-164.125195,67.606738],[-163.720557,67.195557],[-161.96543,67.049561],[-161.856689,66.700342],[-160.864014,66.67085],[-161.816309,66.053662],[-163.695361,66.083838],[-163.775488,66.531104],[-164.674121,66.555029],[-168.088379,65.657764],[-167.404004,65.422119],[-166.142773,64.582764],[-164.899512,64.460645],[-163.713086,64.588232],[-162.807031,64.374219],[-161.759375,64.81626],[-160.931934,64.579102],[-160.778564,63.818945],[-161.099707,63.55791],[-161.973975,63.45293],[-163.358838,63.045752],[-164.409033,63.215039],[-165.194531,62.473535],[-166.078809,61.803125],[-165.565869,61.102344],[-164.805176,60.892041],[-165.353809,60.541211],[-164.662256,60.303809],[-163.906885,59.806787],[-163.219385,59.845605],[-162.24248,60.17832],[-161.828711,59.588623],[-161.755469,58.612012],[-160.363135,59.051172],[-159.670264,58.911133],[-159.082666,58.469775],[-158.503174,58.850342],[-157.523633,58.421338],[-157.607568,57.601465],[-159.283105,56.688574],[-160.302051,56.314111],[-160.851318,55.771875],[-161.215625,56.021436],[-162.157129,55.719434],[-162.961963,55.183838],[-162.073975,55.139307],[-161.741553,55.391162],[-161.099512,55.405713],[-159.962305,55.794873],[-159.523242,55.81001],[-158.275635,56.19624],[-158.414404,56.43584],[-157.578369,56.634473],[-156.475146,57.105176],[-156.478418,57.327881],[-155.006885,58.016064],[-154.247021,58.159424],[-153.334424,58.857861],[-154.129834,59.119873],[-154.08833,59.363281],[-153.106055,59.875049],[-151.750488,60.754883],[-150.612256,61.301123],[-150.44126,61.023584],[-151.321777,60.74292],[-151.734521,59.98833],[-151.738184,59.188525],[-150.960742,59.243994],[-149.432227,60.001025],[-148.430713,59.989111],[-148.197607,60.167773],[-148.344434,60.853564],[-148.208691,61.029932],[-147.891113,60.889893],[-147.592578,60.979443],[-146.874023,61.004883],[-145.898877,60.478174],[-145.248291,60.380127],[-144.984033,60.536914],[-144.901318,60.335156],[-143.805078,60.012891],[-142.945654,60.096973],[-140.216748,59.72666],[-138.35249,59.087305],[-137.543994,58.581201],[-136.582617,58.245215],[-135.861719,58.577051],[-135.302539,58.255908],[-134.776123,58.453857],[-134.06333,58.211084],[-133.554199,57.695068],[-133.465869,57.172168],[-132.814258,57.040723],[-131.843848,56.160107],[-130.918555,55.735986],[-131.047852,55.157666],[-130.849609,54.807617],[-130.043311,54.133545],[-130.335254,53.723926],[-129.563721,53.251465],[-129.284277,53.393164],[-128.652344,53.243848],[-128.108789,52.858057],[-128.357617,52.158887],[-127.644873,51.478467],[-127.708105,51.151172],[-127.057568,50.867529],[-126.397119,50.80708],[-126.404492,50.529883],[-125.056689,50.418652],[-124.782373,50.020117],[-124.141602,49.792676],[-123.858936,49.482861],[-123.335645,49.45918],[-122.78877,48.993018],[-122.241992,48.010742],[-122.656641,47.881152],[-122.860889,48.090039],[-123.975781,48.168457],[-124.632617,48.375049],[-124.07168,46.744775],[-123.929346,45.576953],[-124.14873,43.691748],[-124.539648,42.812891],[-124.068506,41.38418],[-124.37168,40.491211],[-123.884473,39.860791],[-123.701123,38.907275],[-122.466895,37.838184],[-122.394922,37.20752],[-121.78999,36.732275],[-121.877393,36.331055],[-120.633594,35.076465],[-120.481201,34.471631],[-119.606055,34.418018],[-119.14375,34.112012],[-118.506201,34.017383],[-117.467432,33.295508],[-117.243457,32.664014],[-116.662158,31.564893],[-116.062158,30.80415],[-115.673828,29.756396],[-114.993506,29.384424],[-114.048486,28.426172],[-114.300586,27.872998],[-114.993506,27.736035],[-114.445264,27.218164],[-113.840967,26.966504],[-113.598535,26.721289],[-113.205762,26.856982],[-113.020752,26.583252],[-112.377246,26.213916],[-112.055762,25.488232],[-112.072559,24.840039],[-110.362695,23.604932],[-109.923437,22.885889],[-109.458057,23.214746],[-109.42085,23.480127],[-110.022803,24.174609],[-110.546973,24.21416],[-110.677246,24.788525],[-111.034424,25.526953],[-111.291602,25.789795],[-111.569678,26.707617],[-112.009082,26.96709],[-112.329199,27.523438],[-112.734033,27.825977],[-112.87085,28.424219],[-113.499707,28.926709],[-113.755469,29.36748],[-114.372607,29.830225],[-114.649756,30.238135],[-114.881885,31.156396],[-114.839502,31.798535],[-114.933594,31.900732],[-114.697607,31.777441],[-114.548682,31.733545],[-114.149316,31.507373],[-113.046729,31.179248],[-113.110449,30.793311],[-112.738379,29.985449],[-112.161768,29.018896],[-111.121387,27.966992],[-110.529883,27.864209],[-110.477783,27.322656],[-109.943994,27.079346],[-109.199707,26.305225],[-109.384961,25.727148],[-108.373682,25.194336],[-107.951172,24.614893],[-106.935498,23.88125],[-106.402246,23.195605],[-105.791797,22.62749],[-105.649121,21.988086],[-105.208691,21.49082],[-105.237061,21.119189],[-105.669434,20.385596],[-105.48208,19.976074],[-104.938477,19.309375],[-103.912451,18.828467],[-103.441602,18.325391],[-102.699561,18.062842],[-101.84707,17.922266],[-101.600293,17.651562],[-100.847803,17.200488],[-99.690674,16.719629],[-98.762207,16.534766],[-98.520312,16.304834],[-97.754785,15.966846],[-97.184668,15.909277],[-96.51084,15.651904],[-95.464404,15.974707],[-94.900439,16.41748],[-93.916064,16.053564],[-92.808936,15.138574],[-91.819092,14.228223],[-91.146045,13.925586],[-90.606934,13.929004],[-89.804199,13.560107],[-89.277637,13.478076],[-88.512012,13.183936],[-87.930859,13.180664],[-86.755615,12.156641],[-86.468896,11.738281],[-85.745215,11.088574],[-85.667236,10.74502],[-85.830615,10.398145],[-85.624854,9.902441],[-85.114502,9.581787],[-84.658887,9.64668],[-83.895557,9.276416],[-83.637256,9.035352],[-83.734082,8.614453],[-83.162402,8.588184],[-83.12334,8.353076],[-81.727637,8.137549],[-81.50415,7.721191],[-81.035107,7.711133],[-80.845557,7.220068],[-80.438867,7.274951],[-80.075195,7.667041],[-80.458105,8.077051],[-80.368701,8.28877],[-79.750439,8.595508],[-79.441504,9.006006],[-79.086377,8.997168],[-78.113867,8.37959],[-78.421582,8.060986],[-78.170117,7.543799],[-77.359863,6.504492],[-77.469434,6.176758],[-77.249268,5.780176],[-77.401758,5.416162],[-77.286328,4.721729],[-77.427295,4.060449],[-77.166602,3.862256],[-77.67002,2.878857],[-78.12002,2.488184],[-78.617041,2.306787],[-78.899658,1.20625],[-79.741211,0.979785],[-80.088281,0.784766],[-80.133398,-0.006055],[-80.482275,-0.368262],[-80.553906,-0.847949],[-80.902393,-1.078906],[-80.770361,-2.07666],[-80.450098,-2.625977],[-79.729883,-2.579102],[-80.02666,-3.228125],[-80.798584,-3.731055],[-81.283203,-4.322266],[-81.336621,-4.669531],[-81.108496,-5.027832],[-80.882715,-5.758984],[-81.180518,-5.942383],[-80.811621,-6.282227],[-80.110254,-6.649609],[-79.761963,-7.066504],[-79.377246,-7.835547],[-78.762256,-8.616992],[-78.185596,-10.089063],[-77.736084,-10.836719],[-77.633203,-11.287793],[-77.220312,-11.663379],[-77.152734,-12.060352],[-76.832129,-12.34873],[-76.183936,-13.515234],[-76.289014,-14.133105],[-75.933887,-14.633594],[-75.533643,-14.899219],[-75.104248,-15.411914],[-73.824951,-16.152832],[-72.467676,-16.708105],[-71.532227,-17.294336],[-71.336963,-17.68252],[-70.361621,-18.398047],[-70.148145,-19.805078],[-70.197021,-20.725391],[-70.087549,-21.493066],[-70.331689,-22.848633],[-70.563184,-23.057031],[-70.487793,-23.781738],[-70.574121,-24.644336],[-70.445361,-25.172656],[-70.713721,-25.78418],[-70.646582,-26.329395],[-71.052637,-27.727344],[-71.186426,-28.377832],[-71.519238,-28.926465],[-71.315723,-29.649707],[-71.400391,-30.142969],[-71.669482,-30.330371],[-71.661963,-31.169531],[-71.452246,-32.65957],[-71.742969,-33.095117],[-71.664355,-33.652637],[-72.002832,-34.165332],[-72.223779,-35.096191],[-72.623926,-35.585742],[-73.215967,-37.166895],[-73.60166,-37.188477],[-73.661816,-37.698535],[-73.226465,-39.224414],[-73.669434,-40.082324],[-73.965869,-41.118262],[-73.521289,-41.79707],[-73.01499,-41.543848],[-72.499414,-41.980859],[-72.785156,-42.30127],[-72.996582,-43.631543],[-73.265088,-44.168652],[-72.663867,-44.436426],[-72.738965,-44.73418],[-73.362451,-44.978223],[-73.549902,-45.483789],[-74.037549,-45.417676],[-74.157861,-45.767188],[-75.066699,-45.874902],[-74.924463,-46.159668],[-75.656787,-46.610352],[-74.151904,-46.974414],[-74.654932,-47.702246],[-74.341016,-48.595703],[-74.33374,-49.974609],[-75.094678,-50.68125],[-74.814746,-51.062891],[-73.895898,-51.331445],[-73.973242,-51.784473],[-73.518164,-52.041016],[-74.014453,-52.639355],[-73.052734,-53.243457],[-71.400342,-53.107031],[-72.174414,-53.632324],[-71.297754,-53.883398],[-70.99585,-53.779297],[-70.795117,-52.76875],[-69.560596,-52.421582],[-69.241016,-52.205469],[-68.39375,-52.307031],[-69.03252,-51.63623],[-69.235156,-50.950586],[-68.939453,-50.382324],[-67.783496,-49.858887],[-67.684863,-49.24668],[-67.033105,-48.627734],[-65.810059,-47.941113],[-65.738086,-47.344922],[-65.998535,-47.09375],[-66.776855,-47.005859],[-67.563379,-46.34541],[-67.556641,-45.970117],[-66.941406,-45.257324],[-66.190137,-44.964746],[-65.63877,-45.007812],[-65.361279,-44.477344],[-65.283594,-43.62998],[-64.985547,-43.293555],[-64.432227,-43.05918],[-65.026904,-42.758887],[-64.650488,-42.531445],[-64.130664,-42.861426],[-63.69248,-42.805273],[-63.595898,-42.406543],[-64.42041,-42.433789],[-65.059082,-41.969922],[-65.133398,-40.880664],[-64.852979,-40.81377],[-63.772998,-41.15],[-62.959033,-41.109668],[-62.39502,-40.89082],[-62.286914,-39.895313],[-62.053662,-39.373828],[-62.066895,-38.919141],[-61.112207,-38.992969],[-59.82832,-38.838184],[-58.179199,-38.43584],[-57.546973,-38.085645],[-57.395752,-37.744629],[-56.672021,-36.85127],[-56.698096,-36.426465],[-57.26499,-36.144141],[-57.303662,-35.188477],[-58.28335,-34.683496],[-58.525488,-34.296191],[-58.400195,-33.912402],[-57.829102,-34.477344],[-57.170703,-34.452344],[-56.855176,-34.67666],[-56.11792,-34.90791],[-55.673145,-34.775684],[-54.902295,-34.932813],[-54.168555,-34.670703],[-53.785303,-34.380371],[-53.41958,-33.779199],[-52.652246,-33.137793],[-52.127393,-32.167773],[-52.193555,-31.885547],[-51.972461,-31.383789],[-51.463672,-31.052637],[-51.157275,-30.364258],[-50.299512,-30.425781],[-49.745996,-29.363184],[-49.271289,-28.871191],[-48.799658,-28.575293],[-48.620801,-28.075586],[-48.55415,-27.195996],[-48.677734,-26.70293],[-48.651611,-26.406445],[-48.748291,-26.268652],[-48.619434,-26.179395],[-48.545166,-25.815918],[-47.876563,-24.997461],[-46.867285,-24.236328],[-45.97207,-23.795508],[-45.423291,-23.685352],[-44.637256,-23.055469],[-43.866162,-22.910547],[-43.532813,-23.046387],[-42.042383,-22.94707],[-41.705518,-22.309668],[-41.12251,-22.084375],[-41.047266,-21.505664],[-40.789258,-20.906055],[-40.395947,-20.569434],[-39.699854,-19.277832],[-39.739795,-18.639844],[-39.486768,-17.990137],[-39.154004,-17.703906],[-39.215234,-17.31582],[-38.880615,-15.864258],[-39.05957,-14.654785],[-38.942334,-14.030664],[-39.089355,-13.588184],[-38.787988,-12.782715],[-38.239746,-12.844238],[-37.688721,-12.1],[-37.411816,-11.497266],[-36.937793,-10.82041],[-36.39834,-10.484082],[-35.340869,-9.230664],[-35.157764,-8.930566],[-34.834668,-7.971484],[-34.805469,-7.288379],[-35.235449,-5.566699],[-35.549414,-5.129395],[-36.590723,-5.097559],[-37.174658,-4.912402],[-38.048828,-4.216406],[-38.475781,-3.71748],[-39.964697,-2.861523],[-40.474561,-2.795605],[-41.318213,-2.93623],[-41.876172,-2.746582],[-42.249609,-2.791992],[-42.936719,-2.465039],[-43.93291,-2.583496],[-44.308154,-2.535156],[-44.65127,-1.745801],[-45.076367,-1.466406],[-45.644775,-1.347852],[-46.81123,-0.779688],[-47.398096,-0.62666],[-48.115088,-0.7375],[-48.991309,-1.829785],[-49.313672,-1.731738],[-49.719531,-1.926367],[-49.999219,-1.831836],[-50.403223,-2.015527],[-50.690039,-1.761719],[-50.917871,-1.115234],[-51.947559,-1.586719],[-51.702637,-0.762305],[-51.28291,-0.085205],[-50.816357,0.172559],[-50.294434,0.835742],[-49.898877,1.162988],[-49.957129,1.659863],[-50.458887,1.82959],[-50.658936,2.130957],[-51.052393,3.281836],[-51.219922,4.093604],[-51.66582,4.228809],[-52.290527,4.942187],[-52.899316,5.425049],[-53.847168,5.782227],[-54.833691,5.98833],[-55.828174,5.96167],[-55.939551,5.795459],[-56.969824,5.992871],[-57.982568,6.785889],[-58.480566,7.038135],[-58.626611,7.545898],[-59.200244,8.074609],[-59.980615,8.532617],[-60.800977,8.592139],[-61.304004,8.4104],[-61.053076,9.095117],[-60.79248,9.360742],[-62.515137,10.176123],[-62.843018,10.41792],[-62.702344,10.749805],[-63.873437,10.66377],[-64.850488,10.098096],[-65.851758,10.257764],[-66.247217,10.632227],[-66.989062,10.610645],[-67.871631,10.47207],[-68.234082,10.569141],[-68.398633,11.160986],[-68.827979,11.431738],[-69.631592,11.479932],[-70.003955,12.177881],[-70.286523,11.886035],[-70.23252,11.372998],[-71.469531,10.96416],[-71.386621,10.26377],[-71.052686,9.705811],[-71.297949,9.125635],[-71.686719,9.07251],[-72.112842,9.815576],[-71.594336,10.657373],[-71.946973,11.414453],[-71.137305,12.046338],[-71.262109,12.335303],[-71.714551,12.419971],[-72.135742,12.188574],[-72.275,11.889258],[-72.721826,11.712158],[-73.313379,11.295752],[-74.059131,11.340625],[-74.454248,10.989062],[-74.84458,11.109717],[-75.445996,10.610889],[-75.670898,10.196338],[-75.639355,9.450439],[-76.135498,9.265625],[-76.276855,8.989111],[-76.887988,8.619873],[-77.344141,8.636719],[-78.082764,9.236279],[-78.504346,9.406299],[-79.577295,9.597852],[-80.1271,9.209912],[-80.838672,8.887207],[-81.354785,8.780566],[-82.244189,9.031494],[-82.370801,9.428564],[-82.778418,9.669531],[-83.448242,10.465918],[-83.867871,11.300049],[-83.651758,11.642041],[-83.769336,11.931641],[-83.510937,12.411816],[-83.567334,13.320312],[-83.412305,13.996484],[-83.187744,14.340088],[-83.369189,15.23999],[-83.760449,15.220361],[-84.261426,15.822607],[-84.97373,15.989893],[-85.483691,15.899512],[-85.783984,16.002832],[-86.356641,15.783203],[-86.907227,15.762354],[-87.618164,15.909863],[-88.131104,15.701025],[-88.894043,15.890625],[-88.313428,16.632764],[-88.271729,17.609863],[-88.097217,18.121631],[-87.761816,18.446143],[-87.424756,19.58335],[-87.467187,20.102148],[-86.864697,20.885059],[-86.824072,21.42168],[-88.131641,21.615869],[-88.878711,21.414111],[-89.819775,21.274609],[-90.353125,21.009424],[-90.50708,19.911865],[-90.739258,19.352246],[-91.343066,18.900586],[-91.275244,18.624463],[-91.802979,18.470605],[-91.973779,18.715869],[-92.710107,18.61167],[-92.884766,18.468652],[-93.552344,18.430469],[-94.546191,18.174854],[-94.798145,18.5146],[-95.181836,18.700732],[-95.821094,18.754639],[-96.289551,19.34375],[-96.456055,19.869775],[-97.121436,20.61499],[-97.637549,21.603662],[-97.857812,22.624512],[-97.667676,24.38999],[-97.140186,26.029736],[-97.402344,26.396533],[-97.554688,26.967334],[-97.171436,27.87959],[-97.156494,28.144336],[-96.561719,28.367139],[-96.44873,28.594482],[-95.853418,28.640332],[-95.273486,28.963867],[-94.888281,29.370557],[-93.694824,29.769922],[-93.175684,29.778955],[-92.26084,29.556836],[-91.893164,29.836035],[-91.330957,29.513574],[-91.290137,29.288965],[-90.751025,29.130859],[-90.101367,29.181787],[-89.589502,29.915039],[-90.413037,30.140332],[-90.225293,30.379297],[-89.588477,30.165967],[-88.905225,30.415137],[-87.790283,30.291797],[-86.257373,30.493018],[-85.353613,29.875732],[-85.318945,29.680225],[-84.382812,29.907373],[-84.044238,30.103809],[-83.694385,29.925977],[-82.651465,28.8875],[-82.843506,27.845996],[-82.660889,27.718408],[-82.441357,27.059668],[-81.866553,26.43501],[-81.715479,25.983154],[-81.364941,25.831055],[-81.097656,25.319141],[-80.736523,25.156348],[-80.366943,25.33125],[-80.126367,25.833496],[-80.041309,26.568604],[-80.226123,27.207031],[-80.650098,28.180908],[-80.524121,28.486084],[-80.9,29.049854],[-81.249512,29.793799],[-81.52041,30.874658],[-80.849219,32.113916],[-79.276025,33.1354],[-78.920312,33.658691],[-78.577686,33.873242],[-78.01333,33.911816],[-77.750732,34.284961],[-76.744971,34.940967],[-76.512939,35.27041],[-75.773926,35.646973],[-75.772217,35.899902],[-76.478809,36.028174],[-75.89043,36.657031],[-76.263477,37.357031],[-76.264258,37.893555],[-76.501318,38.532178],[-75.659277,37.953955],[-75.035889,38.50332],[-75.392187,39.092773],[-74.428809,39.387207],[-73.957617,40.328369],[-74.241504,40.45625],[-74.226709,40.608008],[-73.583008,41.021875],[-72.847168,41.265869],[-71.522852,41.378955],[-71.426562,41.633301],[-71.330615,41.762256],[-71.204297,41.641113],[-70.974219,41.548535],[-70.701123,41.714844],[-70.657129,41.534229],[-70.404687,41.626904],[-70.738281,42.228857],[-71.046191,42.331104],[-70.829053,42.825342],[-70.178809,43.766357],[-69.791602,43.805225],[-68.277441,44.507373],[-67.907031,44.453613],[-66.872461,45.067285],[-65.884473,45.2229],[-64.8979,45.625977],[-64.448828,45.256055],[-65.656738,44.760303],[-66.099561,44.36748],[-66.125732,43.813818],[-65.738135,43.560742],[-64.862354,43.867871],[-64.286084,44.550342],[-63.761133,44.486426],[-61.283789,45.235498],[-61.492285,45.687012],[-61.955518,45.868164],[-62.483057,45.621826],[-63.292773,45.751953],[-64.541504,46.240332],[-64.905762,46.887939],[-65.318896,47.101221],[-64.703223,47.724854],[-65.259424,48.02124],[-64.25376,48.550391],[-64.261816,48.921875],[-64.836328,49.191748],[-66.178174,49.213135],[-67.560889,48.855957],[-68.987061,48.275],[-70.519482,47.03252],[-70.705859,47.139795],[-69.905566,47.832227],[-69.775,48.098096],[-68.929053,48.828955],[-68.281934,49.197168],[-67.372021,49.348437],[-66.941162,49.993701],[-66.495508,50.211865],[-62.71543,50.30166],[-61.289746,50.201953],[-60.080176,50.25459],[-59.165381,50.779883],[-58.510352,51.295068],[-56.975977,51.457666],[-55.695215,52.137793],[-55.833643,52.3104],[-55.797949,53.211963],[-56.46499,53.765039],[-57.148975,53.847705],[-57.404443,54.57041],[-58.195264,54.865918],[-58.780176,54.838379],[-58.997119,55.149463],[-59.930322,55.259424],[-60.831836,55.957861],[-61.089355,55.866357],[-61.5146,56.390332],[-61.33374,57.010596],[-61.851074,57.381299],[-62.338574,57.484521],[-61.967969,57.611914],[-61.899072,57.861328],[-62.305664,57.972266],[-62.593848,58.474023],[-63.185352,58.857764],[-64.499414,60.268262],[-64.93125,60.252002],[-65.433398,59.776514],[-65.60625,59.110742],[-66.60791,58.548926],[-67.569629,58.213477],[-68.698193,58.904541],[-69.173486,58.896631],[-69.650537,58.728271],[-69.414111,59.086865],[-69.4,59.337793],[-69.681885,59.341748],[-69.640479,60.689795],[-70.279297,61.068652],[-71.422705,61.158936],[-72.081445,61.728271],[-73.62998,62.454199],[-74.689893,62.183447],[-77.372412,62.57251],[-78.137158,62.107373],[-77.736182,61.437354],[-77.871533,60.78584],[-77.311816,60.042383],[-77.760693,59.380029],[-78.515088,58.682373],[-77.156787,58.018896],[-76.572852,57.181201],[-76.650488,56.107227],[-77.891113,55.236426],[-79.665527,54.697461],[-79.241797,54.098877],[-78.723779,52.627734],[-78.49165,52.2521],[-78.977734,51.733789],[-79.497559,51.569922],[-79.83623,51.17334],[-80.367969,51.329883],[-80.657959,51.75835],[-81.66123,52.293896],[-82.260449,52.961133],[-82.141455,53.817627],[-82.418066,54.355811],[-82.219385,54.813477],[-82.577441,55.14873],[-83.910596,55.314648],[-85.060937,55.285645],[-85.67666,55.601074],[-87.560889,56.056348],[-88.075098,56.467285],[-88.948486,56.851318],[-90.592187,57.224463],[-92.249023,57.008984],[-93.278125,58.756396],[-94.287061,58.716016],[-94.713379,58.90332],[-94.785791,59.95332],[-94.060742,61.317822],[-93.420605,61.705811],[-92.361279,62.819385],[-90.871191,62.945947],[-90.746582,63.351562],[-91.330078,63.506836],[-88.653027,64.009375],[-88.105615,64.183301],[-87.280518,64.826172],[-87.291455,65.354834],[-86.042871,66.022559],[-86.633203,66.531348],[-85.442236,66.537354],[-84.478418,66.179297],[-82.641504,66.5875],[-81.467578,67.069873],[-81.270117,67.459912],[-81.976465,67.862012],[-82.552686,68.446484],[-81.281543,68.657227],[-81.328662,69.119922],[-82.642041,69.458398],[-82.618359,69.691064],[-85.507373,69.845264],[-85.386768,69.231885],[-84.862207,69.073975],[-85.733838,68.630127],[-85.952588,68.072461],[-86.536426,67.516162],[-87.26626,67.183838],[-88.195898,67.76582],[-88.346973,68.288281],[-88.041357,68.811719],[-89.056738,69.266113],[-90.468359,68.86377],[-90.822119,69.290479],[-92.750928,69.713916],[-91.564062,70.178271],[-92.981445,70.852246],[-92.948682,71.262109],[-94.30835,71.764893]]]},"properties":{"scalerank":0,"featurecla":"Land","min_zoom":0}},
{"type":"Feature","geometry":{"type":"Polygon","coordinates":[[[-80.731689,52.747266],[-81.135596,53.205811],[-81.839062,52.95791],[-80.731689,52.747266]]]},"properties":{"scalerank":0,"featurecla":"Land","min_zoom":2}},
{"type":"Feature","geometry":{"type":"Polygon","coordinates":[[[-73.621729,67.783838],[-73.435254,67.97002],[-74.379395,68.093457],[-74.573389,67.828662],[-73.621729,67.783838]]]},"properties":{"scalerank":0,"featurecla":"Land","min_zoom":2}},
{"type":"Feature","geometry":{"type":"Polygon","coordinates":[[[-77.876709,63.470557],[-78.46875,63.35791],[-77.942432,63.114404],[-77.538477,63.287061],[-77.876709,63.470557]]]},"properties":{"scalerank":0,"featurecla":"Land","min_zoom":2}},
{"type":"Feature","geometry":{"type":"Polygon","coordinates":[[[-82.000488,62.954199],[-83.376416,62.904932],[-83.899268,62.476465],[-83.01582,62.209912],[-82.113721,62.652246],[-82.000488,62.954199]]]},"properties":{"scalerank":0,"featurecla":"Land","min_zoom":1.5}},
{"type":"Feature","geometry":{"type":"Polygon","coordinates":[[[-79.545312,62.411719],[-80.234668,62.152686],[-80.276172,61.858594],[-79.714258,61.612549],[-79.323926,62.026074],[-79.545312,62.411719]]]},"properties":{"scalerank":0,"featurecla":"Land","min_zoom":1.5}},
{"type":"Feature","geometry":{"type":"Polygon","coordinates":[[[-104.558154,77.141748],[-104.542236,77.337744],[-105.587891,77.735986],[-106.066113,77.725391],[-105.215088,77.18208],[-104.558154,77.141748]]]},"properties":{"scalerank":0,"featurecla":"Land","min_zoom":2}},
{"type":"Feature","geometry":{"type":"Polygon","coordinates":[[[-95.484375,77.791992],[-95.987061,77.484131],[-93.51958,77.474414],[-93.300977,77.739795],[-95.484375,77.791992]]]},"properties":{"scalerank":0,"featurecla":"Land","min_zoom":1.5}},
{"type":"Feature","geometry":{"type":"Polygon","coordinates":[[[-98.791602,79.981104],[-100.053271,80.093359],[-100.092432,79.918652],[-98.791602,79.981104]]]},"properties":{"scalerank":0,"featurecla":"Land","min_zoom":2}},
{"type":"Feature","geometry":{"type":"Polygon","coordinates":[[[-89.833252,77.267627],[-90.171924,77.594678],[-91.147266,77.387305],[-89.833252,77.267627]]]},"properties":{"scalerank":0,"featurecla":"Land","min_zoom":2}},
{"type":"Feature","geometry":{"type":"Polygon","coordinates":[[[-93.542578,75.02793],[-94.427246,75.593359],[-95.670801,75.528662],[-96.565771,75.09873],[-94.697266,74.642188],[-93.542578,75.02793]]]},"properties":{"scalerank":0,"featurecla":"Land","min_zoom":1.5}},
{"type":"Feature","geometry":{"type":"Polygon","coordinates":[[[-109.815967,78.650391],[-110.407812,78.756641],[-113.149951,78.408398],[-109.390527,78.33667],[-109.815967,78.650391]]]},"properties":{"scalerank":0,"featurecla":"Land","min_zoom":1.5}},
{"type":"Feature","geometry":{"type":"Polygon","coordinates":[[[-118.328125,75.579688],[-117.626367,75.965967],[-118.626074,75.90625],[-119.39458,75.617334],[-118.328125,75.579688]]]},"properties":{"scalerank":0,"featurecla":"Land","min_zoom":2}},
{"type":"Feature","geometry":{"type":"Polygon","coordinates":[[[-105.288916,72.919922],[-104.582861,73.353906],[-105.512305,73.765771],[-106.921533,73.479834],[-105.288916,72.919922]]]},"properties":{"scalerank":0,"featurecla":"Land","min_zoom":1.5}},
{"type":"Feature","geometry":{"type":"Polygon","coordinates":[[[-100.001904,73.945898],[-101.450879,73.430957],[-100.282666,73.120312],[-100.484766,72.772949],[-102.713672,72.78291],[-101.723926,72.314893],[-100.594482,72.152344],[-99.167139,71.367188],[-98.662891,71.3021],[-96.613428,71.833838],[-97.051807,72.636816],[-97.795898,73.285303],[-97.001709,73.666504],[-97.581836,73.887549],[-99.157959,73.731592],[-100.001904,73.945898]]]},"properties":{"scalerank":0,"featurecla":"Land","min_zoom":0}},
{"type":"Feature","geometry":{"type":"Polygon","coordinates":[[[-84.919629,65.261084],[-85.241113,65.795508],[-85.96167,65.704248],[-86.374268,64.56582],[-86.2521,64.136865],[-87.188916,63.672266],[-85.71416,63.657959],[-85.495508,63.139111],[-84.63291,63.309229],[-83.494336,64.099219],[-82.46709,63.926953],[-82.378125,63.706787],[-81.046387,63.461572],[-80.302051,63.762207],[-80.828955,64.089941],[-81.716113,64.021875],[-82.05,64.644287],[-83.407129,65.103906],[-84.919629,65.261084]]]},"properties":{"scalerank":0,"featurecla":"Land","min_zoom":0.5}},
{"type":"Feature","geometry":{"type":"Polygon","coordinates":[[[-75.675879,68.32251],[-76.740234,68.23125],[-77.305908,67.706104],[-77.004883,67.266943],[-75.780078,67.283545],[-75.127295,67.537305],[-75.153809,68.234033],[-75.675879,68.32251]]]},"properties":{"scalerank":0,"featurecla":"Land","min_zoom":1}},
{"type":"Feature","geometry":{"type":"Polygon","coordinates":[[[-79.537305,73.654492],[-80.82417,73.380664],[-79.500537,72.755957],[-76.289551,73.081006],[-77.206543,73.499561],[-79.537305,73.654492]]]},"properties":{"scalerank":0,"featurecla":"Land","min_zoom":1}},
{"type":"Feature","geometry":{"type":"Polygon","coordinates":[[[-97.700928,76.466504],[-100.387939,76.613574],[-102.137744,76.284863],[-101.431348,75.991992],[-102.541406,75.513623],[-100.711914,75.406348],[-100.234375,75.007715],[-97.799365,75.11665],[-97.409619,75.5521],[-97.700928,76.466504]]]},"properties":{"scalerank":0,"featurecla":"Land","min_zoom":0}},
{"type":"Feature","geometry":{"type":"Polygon","coordinates":[[[-103.426025,79.315625],[-105.535645,79.03252],[-103.518359,78.769141],[-102.731348,78.371045],[-99.166406,77.856934],[-99.609424,78.583057],[-103.426025,79.315625]]]},"properties":{"scalerank":0,"featurecla":"Land","min_zoom":0.5}},
{"type":"Feature","geometry":{"type":"Polygon","coordinates":[[[-91.885547,81.132861],[-95.269775,81.000781],[-95.614453,80.39624],[-96.773242,80.135791],[-95.103174,79.289893],[-92.678271,78.389111],[-90.614404,78.149854],[-88.791016,78.192432],[-87.016455,78.898682],[-85.289844,79.20835],[-87.144238,79.662646],[-87.675,80.372119],[-90.643018,80.593701],[-91.885547,81.132861]]]},"properties":{"scalerank":0,"featurecla":"Land","min_zoom":0}},
{"type":"Feature","geometry":{"type":"Polygon","coordinates":[[[-94.294971,76.912451],[-95.638232,77.06377],[-96.639697,76.70293],[-95.273877,76.264404],[-93.091748,76.354004],[-92.185107,75.846533],[-92.4271,75.346387],[-91.961572,74.793213],[-88.423047,74.494141],[-81.808838,74.476611],[-80.277734,74.581592],[-79.507959,74.880127],[-79.660205,75.449512],[-82.153662,75.831055],[-83.931982,75.818945],[-86.06875,75.502246],[-88.201318,75.512012],[-90.251367,76.053467],[-91.305029,76.680762],[-92.71626,76.602979],[-94.294971,76.912451]]]},"properties":{"scalerank":0,"featurecla":"Land","min_zoom":0}},
{"type":"Feature","geometry":{"type":"Polygon","coordinates":[[[-96.204492,78.531299],[-98.254932,78.429248],[-96.989648,77.806006],[-95.087012,77.992627],[-94.887158,78.345215],[-96.204492,78.531299]]]},"properties":{"scalerank":0,"featurecla":"Land","min_zoom":1}},
{"type":"Feature","geometry":{"type":"Polygon","coordinates":[[[-110.458057,78.103223],[-113.215186,77.903516],[-113.164355,77.530273],[-111.951953,77.344189],[-110.198486,77.524512],[-110.458057,78.103223]]]},"properties":{"scalerank":0,"featurecla":"Land","min_zoom":1}},
{"type":"Feature","geometry":{"type":"Polygon","coordinates":[[[-115.55127,77.363281],[-119.090186,77.305078],[-121.61377,76.441455],[-121.908203,76.034766],[-119.912891,75.858838],[-119.36792,76.221777],[-116.220459,76.611084],[-115.55127,77.363281]]]},"properties":{"scalerank":0,"featurecla":"Land","min_zoom":0.5}},
{"type":"Feature","geometry":{"type":"Polygon","coordinates":[[[-108.292383,76.057129],[-109.486816,76.144678],[-111.052686,75.548535],[-112.697607,76.201709],[-114.193945,76.451465],[-115.580664,76.4375],[-116.609766,76.07373],[-117.600098,75.27168],[-115.728857,74.968115],[-114.451758,75.087891],[-113.514062,74.430078],[-110.940869,74.638721],[-108.831299,75.064893],[-107.153418,74.927148],[-105.862598,75.191553],[-105.480908,75.745654],[-108.292383,76.057129]]]},"properties":{"scalerank":0,"featurecla":"Land","min_zoom":0}},
{"type":"Feature","geometry":{"type":"Polygon","coordinates":[[[-93.17085,74.160986],[-95.039844,74.023877],[-95.63291,73.695459],[-95.547607,72.781543],[-95.192969,72.027441],[-94.037549,72.02876],[-93.340625,72.801855],[-92.11792,72.753809],[-90.35459,73.868652],[-93.17085,74.160986]]]},"properties":{"scalerank":0,"featurecla":"Land","min_zoom":0.5}},
{"type":"Feature","geometry":{"type":"Polygon","coordinates":[[[-97.439453,69.642676],[-99.564062,69.034131],[-97.472021,68.543701],[-96.401562,68.470703],[-95.685645,68.73584],[-96.299951,69.344385],[-97.439453,69.642676]]]},"properties":{"scalerank":0,"featurecla":"Land","min_zoom":1.5}},
{"type":"Feature","geometry":{"type":"Polygon","coordinates":[[[-114.521533,72.59292],[-114.051709,73.070996],[-114.638232,73.372656],[-116.573242,73.054932],[-118.374512,72.533887],[-118.868408,71.686768],[-117.814063,71.158447],[-117.587061,70.629541],[-115.990918,70.586279],[-113.757275,70.690723],[-112.11416,70.446875],[-112.637891,70.225244],[-114.592334,70.312451],[-117.135449,70.100146],[-116.513477,69.424609],[-113.694141,69.19502],[-113.127734,68.494141],[-111.310937,68.542041],[-108.945898,68.759814],[-106.140869,69.162012],[-103.468213,68.808545],[-101.857129,69.023975],[-102.182129,69.845947],[-101.148535,70.147607],[-103.10498,70.510254],[-104.56958,71.104053],[-104.349561,71.433984],[-105.415137,72.78833],[-106.482129,73.196191],[-107.72002,73.329053],[-108.698291,72.499268],[-111.269727,72.713721],[-112.753613,72.986035],[-114.521533,72.59292]]]},"properties":{"scalerank":0,"featurecla":"Land","min_zoom":0}},
{"type":"Feature","geometry":{"type":"Polygon","coordinates":[[[-119.736328,74.112646],[-121.315234,74.52998],[-124.69624,74.348193],[-123.797266,73.768164],[-124.836426,73.07627],[-124.987109,72.587988],[-125.762598,72.1375],[-124.007764,71.677441],[-123.210596,71.123437],[-120.619336,71.505762],[-120.179883,72.212646],[-118.961572,72.684131],[-115.446875,73.438867],[-115.510693,73.61875],[-117.965869,74.266064],[-119.736328,74.112646]]]},"properties":{"scalerank":0,"featurecla":"Land","min_zoom":0}},
{"type":"Feature","geometry":{"type":"Polygon","coordinates":[[[-56.150732,46.762402],[-56.152637,46.811084],[-56.20918,46.798242],[-56.243262,46.767187],[-56.150732,46.762402]]]},"properties":{"scalerank":0,"featurecla":"Land","min_zoom":4}},
{"type":"Feature","geometry":{"type":"Polygon","coordinates":[[[-94.526562,75.749316],[-94.296289,75.788086],[-94.537891,75.996436],[-94.901221,75.930762],[-94.526562,75.749316]]]},"properties":{"scalerank":0,"featurecla":"Land","min_zoom":3}},
{"type":"Feature","geometry":{"type":"Polygon","coordinates":[[[-79.384277,51.951953],[-79.334863,52.098145],[-79.64375,52.010059],[-79.384277,51.951953]]]},"properties":{"scalerank":0,"featurecla":"Land","min_zoom":3}},
{"type":"Feature","geometry":{"type":"Polygon","coordinates":[[[-78.826514,56.145312],[-78.657178,56.317383],[-78.799414,56.383301],[-78.826514,56.145312]]]},"properties":{"scalerank":0,"featurecla":"Land","min_zoom":3}},
{"type":"Feature","geometry":{"type":"Polygon","coordinates":[[[-78.935596,56.266064],[-79.596338,56.244482],[-80.000781,55.93208],[-79.175488,55.885059],[-78.935596,56.266064]]]},"properties":{"scalerank":0,"featurecla":"Land","min_zoom":2}},
{"type":"Feature","geometry":{"type":"Polygon","coordinates":[[[-79.866992,56.774561],[-79.82666,56.843115],[-79.898145,56.865283],[-79.943652,56.776758],[-79.866992,56.774561]]]},"properties":{"scalerank":0,"featurecla":"Land","min_zoom":4}},
{"type":"Feature","geometry":{"type":"Polygon","coordinates":[[[-79.716504,57.515527],[-79.726709,57.60459],[-79.81084,57.559277],[-79.716504,57.515527]]]},"properties":{"scalerank":0,"featurecla":"Land","min_zoom":4}},
{"type":"Feature","geometry":{"type":"Polygon","coordinates":[[[-79.977588,56.207031],[-79.687939,56.326807],[-79.681006,56.403955],[-80.005078,56.31792],[-79.977588,56.207031]]]},"properties":{"scalerank":0,"featurecla":"Land","min_zoom":3}},
{"type":"Feature","geometry":{"type":"Polygon","coordinates":[[[-80.285254,59.624121],[-80.183057,59.683496],[-80.298975,59.67417],[-80.285254,59.624121]]]},"properties":{"scalerank":0,"featurecla":"Land","min_zoom":4}},
{"type":"Feature","geometry":{"type":"Polygon","coordinates":[[[-79.938232,53.30415],[-79.974561,53.352246],[-80.074023,53.344287],[-80.039355,53.297168],[-79.938232,53.30415]]]},"properties":{"scalerank":0,"featurecla":"Land","min_zoom":4}},
{"type":"Feature","geometry":{"type":"Polygon","coordinates":[[[-80.064209,59.770801],[-79.898633,59.853125],[-80.041162,59.870166],[-80.064209,59.770801]]]},"properties":{"scalerank":0,"featurecla":"Land","min_zoom":3}},
{"type":"Feature","geometry":{"type":"Polygon","coordinates":[[[-79.518164,56.656689],[-79.482178,56.714404],[-79.550732,56.733496],[-79.577393,56.644922],[-79.518164,56.656689]]]},"properties":{"scalerank":0,"featurecla":"Land","min_zoom":4}},
{"type":"Feature","geometry":{"type":"Polygon","coordinates":[[[-96.782324,72.936621],[-96.598486,73.073828],[-97.069238,73.130176],[-97.092773,72.996924],[-96.782324,72.936621]]]},"properties":{"scalerank":0,"featurecla":"Land","min_zoom":3}},
{"type":"Feature","geometry":{"type":"Polygon","coordinates":[[[-97.355518,74.526318],[-97.416504,74.626563],[-97.75,74.510547],[-97.355518,74.526318]]]},"properties":{"scalerank":0,"featurecla":"Land","min_zoom":3}},
{"type":"Feature","geometry":{"type":"Polygon","coordinates":[[[-98.270361,73.868506],[-98.061035,74.104687],[-98.904492,74.006885],[-98.270361,73.868506]]]},"properties":{"scalerank":0,"featurecla":"Land","min_zoom":2}},
{"type":"Feature","geometry":{"type":"Polygon","coordinates":[[[-90.199805,69.419092],[-90.492041,69.369873],[-90.364062,69.262598],[-90.177393,69.35708],[-90.199805,69.419092]]]},"properties":{"scalerank":0,"featurecla":"Land","min_zoom":3}},
{"type":"Feature","geometry":{"type":"Polygon","coordinates":[[[-90.492578,69.221094],[-90.599707,69.367822],[-90.742383,69.357324],[-90.492578,69.221094]]]},"properties":{"scalerank":0,"featurecla":"Land","min_zoom":3}},
{"type":"Feature","geometry":{"type":"Polygon","coordinates":[[[-74.000439,62.618408],[-74.108936,62.680322],[-74.394775,62.695801],[-74.253516,62.621973],[-74.000439,62.618408]]]},"properties":{"scalerank":0,"featurecla":"Land","min_zoom":3}},
{"type":"Feature","geometry":{"type":"Polygon","coordinates":[[[-74.880859,68.348682],[-74.983643,68.647607],[-75.400244,68.525488],[-74.880859,68.348682]]]},"properties":{"scalerank":0,"featurecla":"Land","min_zoom":3}},
{"type":"Feature","geometry":{"type":"Polygon","coordinates":[[[-78.531641,60.728564],[-78.278857,60.783887],[-78.399561,60.808105],[-78.612012,60.772314],[-78.531641,60.728564]]]},"properties":{"scalerank":0,"featurecla":"Land","min_zoom":3}},
{"type":"Feature","geometry":{"type":"Polygon","coordinates":[[[-78.982715,68.192822],[-78.828516,68.268164],[-79.153467,68.335254],[-79.174023,68.234961],[-78.982715,68.192822]]]},"properties":{"scalerank":0,"featurecla":"Land","min_zoom":3}},
{"type":"Feature","geometry":{"type":"Polygon","coordinates":[[[-76.677588,63.393945],[-76.763623,63.573584],[-77.133691,63.682031],[-77.364746,63.58833],[-76.677588,63.393945]]]},"properties":{"scalerank":0,"featurecla":"Land","min_zoom":2}},
{"type":"Feature","geometry":{"type":"Polygon","coordinates":[[[-64.823828,62.55874],[-64.901221,62.421045],[-64.47832,62.417871],[-64.515332,62.551807],[-64.823828,62.55874]]]},"properties":{"scalerank":0,"featurecla":"Land","min_zoom":3}},
{"type":"Feature","geometry":{"type":"Polygon","coordinates":[[[-62.681543,67.056299],[-62.396338,67.17832],[-62.625293,67.176953],[-62.681543,67.056299]]]},"properties":{"scalerank":0,"featurecla":"Land","min_zoom":3}},
{"type":"Feature","geometry":{"type":"Polygon","coordinates":[[[-68.233789,60.240918],[-67.844238,60.39165],[-68.141895,60.562012],[-68.338281,60.360596],[-68.233789,60.240918]]]},"properties":{"scalerank":0,"featurecla":"Land","min_zoom":2}},
{"type":"Feature","geometry":{"type":"Polygon","coordinates":[[[-70.337061,62.54873],[-70.442627,62.733789],[-70.766064,62.596875],[-70.337061,62.54873]]]},"properties":{"scalerank":0,"featurecla":"Land","min_zoom":2}},
{"type":"Feature","geometry":{"type":"Polygon","coordinates":[[[-64.832617,61.366064],[-64.66958,61.593018],[-65.129785,61.685693],[-65.393896,61.562842],[-64.832617,61.366064]]]},"properties":{"scalerank":0,"featurecla":"Land","min_zoom":2}},
{"type":"Feature","geometry":{"type":"Polygon","coordinates":[[[-67.914697,69.540967],[-67.75459,69.631445],[-67.989111,69.67876],[-68.202344,69.58042],[-67.914697,69.540967]]]},"properties":{"scalerank":0,"featurecla":"Land","min_zoom":3}},
{"type":"Feature","geometry":{"type":"Polygon","coordinates":[[[-79.430664,69.787793],[-80.652539,69.750586],[-80.161475,69.535938],[-79.430664,69.787793]]]},"properties":{"scalerank":0,"featurecla":"Land","min_zoom":2}},
{"type":"Feature","geometry":{"type":"Polygon","coordinates":[[[-78.029102,69.714893],[-78.578564,69.638818],[-78.470068,69.502539],[-77.969141,69.638965],[-78.029102,69.714893]]]},"properties":{"scalerank":0,"featurecla":"Land","min_zoom":3}},
{"type":"Feature","geometry":{"type":"Polygon","coordinates":[[[-77.64209,63.991895],[-77.931348,64.014795],[-77.928809,63.962012],[-77.714062,63.945703],[-77.64209,63.991895]]]},"properties":{"scalerank":0,"featurecla":"Land","min_zoom":3}},
{"type":"Feature","geometry":{"type":"Polygon","coordinates":[[[-83.123486,66.282813],[-83.059863,66.199268],[-82.931348,66.257324],[-83.123486,66.282813]]]},"properties":{"scalerank":0,"featurecla":"Land","min_zoom":4}},
{"type":"Feature","geometry":{"type":"Polygon","coordinates":[[[-79.210645,68.845459],[-78.228955,69.304004],[-78.59668,69.370605],[-79.210645,68.845459]]]},"properties":{"scalerank":0,"featurecla":"Land","min_zoom":2}},
{"type":"Feature","geometry":{"type":"Polygon","coordinates":[[[-76.995361,69.14375],[-76.745703,69.404004],[-77.318701,69.416309],[-77.379395,69.274023],[-76.995361,69.14375]]]},"properties":{"scalerank":0,"featurecla":"Land","min_zoom":2}},
{"type":"Feature","geometry":{"type":"Polygon","coordinates":[[[-65.030566,61.879053],[-65.165918,61.797656],[-64.927734,61.73252],[-64.84707,61.761523],[-65.030566,61.879053]]]},"properties":{"scalerank":0,"featurecla":"Land","min_zoom":3}},
{"type":"Feature","geometry":{"type":"Polygon","coordinates":[[[-86.913037,70.113232],[-87.19082,70.018555],[-86.734326,69.976318],[-86.612744,70.105713],[-86.913037,70.113232]]]},"properties":{"scalerank":0,"featurecla":"Land","min_zoom":3}},
{"type":"Feature","geometry":{"type":"Polygon","coordinates":[[[-83.725977,65.796729],[-83.701367,65.920117],[-84.143213,65.915967],[-84.118262,65.771777],[-83.725977,65.796729]]]},"properties":{"scalerank":0,"featurecla":"Land","min_zoom":2}},
{"type":"Feature","geometry":{"type":"Polygon","coordinates":[[[-86.595557,67.735938],[-86.421143,68.183447],[-86.959814,68.100244],[-86.595557,67.735938]]]},"properties":{"scalerank":0,"featurecla":"Land","min_zoom":2}},
{"type":"Feature","geometry":{"type":"Polygon","coordinates":[[[-84.674756,65.575],[-84.602637,65.657373],[-84.938574,66.008545],[-85.136279,65.82085],[-84.674756,65.575]]]},"properties":{"scalerank":0,"featurecla":"Land","min_zoom":2}},
{"type":"Feature","geometry":{"type":"Polygon","coordinates":[[[-93.043945,61.844092],[-93.075781,61.93501],[-93.19668,61.918555],[-93.043945,61.844092]]]},"properties":{"scalerank":0,"featurecla":"Land","min_zoom":4}},
{"type":"Feature","geometry":{"type":"Polygon","coordinates":[[[-102.227344,76.014893],[-102.584082,76.281641],[-104.350635,76.182324],[-103.314746,75.764209],[-102.227344,76.014893]]]},"properties":{"scalerank":0,"featurecla":"Land","min_zoom":2}},
{"type":"Feature","geometry":{"type":"Polygon","coordinates":[[[-101.226123,76.579346],[-100.269141,76.734131],[-100.962158,76.73418],[-101.226123,76.579346]]]},"properties":{"scalerank":0,"featurecla":"Land","min_zoom":3}},
{"type":"Feature","geometry":{"type":"Polygon","coordinates":[[[-104.022852,76.583105],[-104.270654,76.32627],[-103.051318,76.449854],[-104.022852,76.583105]]]},"properties":{"scalerank":0,"featurecla":"Land","min_zoom":2}},
{"type":"Feature","geometry":{"type":"Polygon","coordinates":[[[-103.003369,78.146436],[-102.788281,78.218164],[-103.110449,78.24585],[-103.260059,78.183496],[-103.003369,78.146436]]]},"properties":{"scalerank":0,"featurecla":"Land","min_zoom":3}},
{"type":"Feature","geometry":{"type":"Polygon","coordinates":[[[-101.693555,77.696582],[-101.639404,77.89209],[-102.447705,77.880615],[-102.458203,77.770166],[-101.693555,77.696582]]]},"properties":{"scalerank":0,"featurecla":"Land","min_zoom":3}},
{"type":"Feature","geometry":{"type":"Polygon","coordinates":[[[-89.726465,76.507422],[-89.69541,76.741162],[-90.55625,76.73457],[-89.726465,76.507422]]]},"properties":{"scalerank":0,"featurecla":"Land","min_zoom":3}},
{"type":"Feature","geometry":{"type":"Polygon","coordinates":[[[-96.078564,75.510107],[-96.5229,75.583643],[-96.982812,75.509814],[-96.722852,75.380762],[-96.461621,75.494238],[-96.078564,75.510107]]]},"properties":{"scalerank":0,"featurecla":"Land","min_zoom":3}},
{"type":"Feature","geometry":{"type":"Polygon","coordinates":[[[-95.306641,74.50542],[-95.510205,74.636768],[-95.777197,74.550732],[-95.306641,74.50542]]]},"properties":{"scalerank":0,"featurecla":"Land","min_zoom":3}},
{"type":"Feature","geometry":{"type":"Polygon","coordinates":[[[-113.832471,77.754639],[-114.279834,78.004297],[-115.029346,77.967529],[-114.60835,77.769336],[-113.832471,77.754639]]]},"properties":{"scalerank":0,"featurecla":"Land","min_zoom":2}},
{"type":"Feature","geometry":{"type":"Polygon","coordinates":[[[-121.076221,75.745264],[-120.954932,75.78877],[-120.878711,75.906689],[-121.221094,75.77749],[-121.076221,75.745264]]]},"properties":{"scalerank":0,"featurecla":"Land","min_zoom":4}},
{"type":"Feature","geometry":{"type":"Polygon","coordinates":[[[-113.560693,76.743262],[-113.89165,76.894873],[-114.419873,76.875342],[-114.751465,76.758887],[-113.560693,76.743262]]]},"properties":{"scalerank":0,"featurecla":"Land","min_zoom":3}},
{"type":"Feature","geometry":{"type":"Polygon","coordinates":[[[-104.119922,75.036328],[-103.642139,75.162939],[-104.346191,75.429932],[-104.887402,75.147754],[-104.119922,75.036328]]]},"properties":{"scalerank":0,"featurecla":"Land","min_zoom":2}},
{"type":"Feature","geometry":{"type":"Polygon","coordinates":[[[-55.45874,51.536523],[-56.025586,51.568359],[-56.750195,51.274902],[-57.297998,50.69873],[-58.01582,49.54248],[-58.716455,48.598047],[-58.710596,48.325049],[-59.362402,47.865674],[-59.116943,47.570703],[-58.333203,47.676855],[-56.95249,47.574463],[-56.221289,47.671387],[-54.856641,47.38501],[-53.869092,47.387012],[-54.17373,46.880371],[-53.616357,46.680273],[-53.069775,46.68125],[-52.653662,47.549414],[-53.175537,47.652979],[-52.95498,48.029297],[-53.531201,48.231885],[-53.852881,48.811328],[-53.573437,49.141211],[-53.957715,49.441846],[-54.579053,49.49082],[-55.026172,49.305371],[-55.892041,49.580273],[-55.764746,49.960449],[-56.693994,50.059668],[-55.871387,50.907373],[-55.45874,51.536523]]]},"properties":{"scalerank":0,"featurecla":"Land","min_zoom":0}},
{"type":"Feature","geometry":{"type":"Polygon","coordinates":[[[-55.536133,50.719678],[-55.472754,50.775928],[-55.604492,50.780713],[-55.629346,50.720801],[-55.536133,50.719678]]]},"properties":{"scalerank":0,"featurecla":"Land","min_zoom":4}},
{"type":"Feature","geometry":{"type":"Polygon","coordinates":[[[-54.554395,49.588867],[-54.61875,49.62207],[-54.733105,49.562158],[-54.863574,49.576074],[-54.786523,49.496143],[-54.554395,49.588867]]]},"properties":{"scalerank":0,"featurecla":"Land","min_zoom":3}},
{"type":"Feature","geometry":{"type":"Polygon","coordinates":[[[-55.36123,51.889648],[-55.293555,51.92998],[-55.346484,51.982861],[-55.419629,51.900049],[-55.36123,51.889648]]]},"properties":{"scalerank":0,"featurecla":"Land","min_zoom":4}},
{"type":"Feature","geometry":{"type":"Polygon","coordinates":[[[-54.093701,49.744434],[-54.28877,49.66084],[-54.238379,49.59165],[-53.980664,49.661963],[-54.093701,49.744434]]]},"properties":{"scalerank":0,"featurecla":"Land","min_zoom":3}},
{"type":"Feature","geometry":{"type":"Polygon","coordinates":[[[-56.26709,46.838477],[-56.314893,46.953857],[-56.287354,47.070996],[-56.386914,47.067969],[-56.26709,46.838477]]]},"properties":{"scalerank":0,"featurecla":"Land","min_zoom":3}},
{"type":"Feature","geometry":{"type":"Polygon","coordinates":[[[-54.227148,47.441357],[-54.227393,47.53999],[-54.320117,47.438525],[-54.227148,47.441357]]]},"properties":{"scalerank":0,"featurecla":"Land","min_zoom":3}},
{"type":"Feature","geometry":{"type":"Polygon","coordinates":[[[-100.217236,68.806689],[-100.178467,68.903906],[-100.611572,68.990186],[-100.615967,68.78291],[-100.217236,68.806689]]]},"properties":{"scalerank":0,"featurecla":"Land","min_zoom":3}},
{"type":"Feature","geometry":{"type":"Polygon","coordinates":[[[-99.994678,69.013525],[-100.035352,69.086572],[-100.241992,69.040381],[-100.141309,68.969922],[-99.994678,69.013525]]]},"properties":{"scalerank":0,"featurecla":"Land","min_zoom":3}},
{"type":"Feature","geometry":{"type":"Polygon","coordinates":[[[-100.30835,70.495801],[-100.433936,70.649414],[-100.67832,70.646191],[-100.620654,70.546924],[-100.30835,70.495801]]]},"properties":{"scalerank":0,"featurecla":"Land","min_zoom":3}},
{"type":"Feature","geometry":{"type":"Polygon","coordinates":[[[-95.513672,69.573633],[-95.994775,69.469678],[-95.49624,69.350098],[-95.513672,69.573633]]]},"properties":{"scalerank":0,"featurecla":"Land","min_zoom":3}},
{"type":"Feature","geometry":{"type":"Polygon","coordinates":[[[-101.171729,69.39707],[-101.000635,69.461914],[-101.09834,69.540771],[-101.289502,69.44126],[-101.171729,69.39707]]]},"properties":{"scalerank":0,"featurecla":"Land","min_zoom":3}},
{"type":"Feature","geometry":{"type":"Polygon","coordinates":[[[-101.845898,68.586328],[-101.721631,68.724121],[-102.013379,68.825391],[-102.266357,68.663672],[-101.845898,68.586328]]]},"properties":{"scalerank":0,"featurecla":"Land","min_zoom":3}},
{"type":"Feature","geometry":{"type":"Polygon","coordinates":[[[-104.540674,68.405908],[-104.472119,68.503516],[-104.907275,68.581787],[-104.965234,68.491748],[-104.540674,68.405908]]]},"properties":{"scalerank":0,"featurecla":"Land","min_zoom":3}},
{"type":"Feature","geometry":{"type":"Polygon","coordinates":[[[-107.899854,67.401807],[-107.990869,67.622119],[-108.127539,67.628564],[-108.152246,67.429443],[-107.899854,67.401807]]]},"properties":{"scalerank":0,"featurecla":"Land","min_zoom":3}},
{"type":"Feature","geometry":{"type":"Polygon","coordinates":[[[-109.166406,67.982373],[-109.09624,67.924023],[-108.886035,67.898535],[-108.970508,67.979736],[-109.166406,67.982373]]]},"properties":{"scalerank":0,"featurecla":"Land","min_zoom":4}},
{"type":"Feature","geometry":{"type":"Polygon","coordinates":[[[-108.092725,67.005176],[-107.965137,66.884863],[-107.805518,66.998584],[-108.092725,67.005176]]]},"properties":{"scalerank":0,"featurecla":"Land","min_zoom":3}},
{"type":"Feature","geometry":{"type":"Polygon","coordinates":[[[-109.323145,67.990869],[-109.341699,68.04585],[-109.469141,68.097998],[-109.497949,68.047021],[-109.323145,67.990869]]]},"properties":{"scalerank":0,"featurecla":"Land","min_zoom":4}},
{"type":"Feature","geometry":{"type":"Polygon","coordinates":[[[-60.994482,56.039307],[-61.086914,56.14082],[-61.191309,56.047852],[-60.994482,56.039307]]]},"properties":{"scalerank":0,"featurecla":"Land","min_zoom":3}},
{"type":"Feature","geometry":{"type":"Polygon","coordinates":[[[-61.743604,57.55459],[-61.975488,57.49541],[-61.795264,57.422461],[-61.743604,57.55459]]]},"properties":{"scalerank":0,"featurecla":"Land","min_zoom":3}},
{"type":"Feature","geometry":{"type":"Polygon","coordinates":[[[-69.160059,59.040234],[-69.195166,59.146143],[-69.32998,59.12124],[-69.301709,58.976611],[-69.160059,59.040234]]]},"properties":{"scalerank":0,"featurecla":"Land","min_zoom":3}},
{"type":"Feature","geometry":{"type":"Polygon","coordinates":[[[22.175098,60.370752],[22.077148,60.286328],[22.258301,60.165625],[22.35498,60.355859],[22.175098,60.370752]]]},"properties":{"scalerank":0,"featurecla":"Land","min_zoom":3}},
{"type":"Feature","geometry":{"type":"Polygon","coordinates":[[[21.450879,60.52959],[21.30127,60.595557],[21.3,60.479785],[21.450879,60.52959]]]},"properties":{"scalerank":0,"featurecla":"Land","min_zoom":3}},
{"type":"Feature","geometry":{"type":"Polygon","coordinates":[[[21.833203,60.140527],[21.864355,60.201807],[21.704785,60.172314],[21.733105,60.106152],[21.833203,60.140527]]]},"properties":{"scalerank":0,"featurecla":"Land","min_zoom":4}},
{"type":"Feature","geometry":{"type":"Polygon","coordinates":[[[-64.407031,60.36709],[-64.646289,60.5146],[-64.808984,60.4104],[-64.407031,60.36709]]]},"properties":{"scalerank":0,"featurecla":"Land","min_zoom":3}},
{"type":"Feature","geometry":{"type":"Polygon","coordinates":[[[126.171973,34.731152],[126.168555,34.829687],[126.052051,34.837549],[126.115234,34.714209],[126.171973,34.731152]]]},"properties":{"scalerank":0,"featurecla":"Land","min_zoom":3}},
{"type":"Feature","geometry":{"type":"Polygon","coordinates":[[[72.491992,-7.377441],[72.493555,-7.261719],[72.445605,-7.22041],[72.47373,-7.309668],[72.467188,-7.367578],[72.491992,-7.377441]]]},"properties":{"scalerank":0,"featurecla":"Land","min_zoom":3}},
{"type":"Feature","geometry":{"type":"Polygon","coordinates":[[[-139.556201,-8.940234],[-139.583984,-8.860059],[-139.631787,-8.898535],[-139.556201,-8.940234]]]},"properties":{"scalerank":0,"featurecla":"Land","min_zoom":4}},
{"type":"Feature","geometry":{"type":"Polygon","coordinates":[[[157.64541,-8.758887],[157.579297,-8.703711],[157.45791,-8.730176],[157.58584,-8.783105],[157.64541,-8.758887]]]},"properties":{"scalerank":0,"featurecla":"Land","min_zoom":3}},
{"type":"Feature","geometry":{"type":"Polygon","coordinates":[[[20.611328,60.040674],[20.569141,60.069629],[20.42959,60.061719],[20.521777,60.01167],[20.611328,60.040674]]]},"properties":{"scalerank":0,"featurecla":"Land","min_zoom":4}},
{"type":"Feature","geometry":{"type":"Polygon","coordinates":[[[21.62832,60.107812],[21.567969,60.172314],[21.486035,60.126807],[21.62832,60.107812]]]},"properties":{"scalerank":0,"featurecla":"Land","min_zoom":4}},
{"type":"Feature","geometry":{"type":"Polygon","coordinates":[[[24.848242,64.991016],[24.786035,65.086426],[24.576563,65.042871],[24.698926,64.957813],[24.848242,64.991016]]]},"properties":{"scalerank":0,"featurecla":"Land","min_zoom":3}},
{"type":"Feature","geometry":{"type":"Polygon","coordinates":[[[29.956152,69.796777],[30.055176,69.838379],[29.83584,69.905566],[29.744238,69.791602],[29.956152,69.796777]]]},"properties":{"scalerank":0,"featurecla":"Land","min_zoom":3}},
{"type":"Feature","geometry":{"type":"Polygon","coordinates":[[[4.958691,61.08457],[4.973242,61.148242],[4.824414,61.178223],[4.799023,61.082715],[4.958691,61.08457]]]},"properties":{"scalerank":0,"featurecla":"Land","min_zoom":4}},
{"type":"Feature","geometry":{"type":"Polygon","coordinates":[[[8.102734,63.337598],[8.073535,63.470801],[7.804004,63.413916],[8.102734,63.337598]]]},"properties":{"scalerank":0,"featurecla":"Land","min_zoom":3}},
{"type":"Feature","geometry":{"type":"Polygon","coordinates":[[[8.470801,63.667139],[8.786523,63.703467],[8.708887,63.774316],[8.45127,63.731836],[8.470801,63.667139]]]},"properties":{"scalerank":0,"featurecla":"Land","min_zoom":3}},
{"type":"Feature","geometry":{"type":"Polygon","coordinates":[[[12.50957,65.901953],[12.718652,65.963867],[12.548828,66.001904],[12.50957,65.901953]]]},"properties":{"scalerank":0,"featurecla":"Land","min_zoom":3}},
{"type":"Feature","geometry":{"type":"Polygon","coordinates":[[[12.419922,66.043262],[12.576367,66.071924],[12.620801,66.17793],[12.461328,66.18501],[12.419922,66.043262]]]},"properties":{"scalerank":0,"featurecla":"Land","min_zoom":3}},
{"type":"Feature","geometry":{"type":"Polygon","coordinates":[[[19.76748,70.216699],[19.780859,70.077441],[20.088477,70.102051],[19.76748,70.216699]]]},"properties":{"scalerank":0,"featurecla":"Land","min_zoom":3}},
{"type":"Feature","geometry":{"type":"Polygon","coordinates":[[[23.440527,70.815771],[22.350293,70.657666],[23.068164,70.594092],[23.440527,70.815771]]]},"properties":{"scalerank":0,"featurecla":"Land","min_zoom":2}},
{"type":"Feature","geometry":{"type":"Polygon","coordinates":[[[20.779199,70.089746],[20.819434,70.205469],[20.411719,70.154883],[20.464258,70.076562],[20.779199,70.089746]]]},"properties":{"scalerank":0,"featurecla":"Land","min_zoom":3}},
{"type":"Feature","geometry":{"type":"Polygon","coordinates":[[[25.586328,71.14209],[25.582031,70.960791],[26.133789,70.995801],[25.586328,71.14209]]]},"properties":{"scalerank":0,"featurecla":"Land","min_zoom":3}},
{"type":"Feature","geometry":{"type":"Polygon","coordinates":[[[23.615332,70.549316],[22.941016,70.44458],[23.15918,70.282617],[23.547754,70.408154],[23.615332,70.549316]]]},"properties":{"scalerank":0,"featurecla":"Land","min_zoom":3}},
{"type":"Feature","geometry":{"type":"Polygon","coordinates":[[[24.017578,70.567383],[24.07832,70.650586],[23.778418,70.747363],[23.670117,70.59707],[24.017578,70.567383]]]},"properties":{"scalerank":0,"featurecla":"Land","min_zoom":3}},
{"type":"Feature","geometry":{"type":"Polygon","coordinates":[[[13.872852,68.265332],[13.537988,68.249023],[13.229395,67.995361],[14.029297,68.187549],[13.872852,68.265332]]]},"properties":{"scalerank":0,"featurecla":"Land","min_zoom":3}},
{"type":"Feature","geometry":{"type":"Polygon","coordinates":[[[12.971777,67.874121],[13.098242,67.956445],[12.957715,68.015479],[12.824023,67.82124],[12.971777,67.874121]]]},"properties":{"scalerank":0,"featurecla":"Land","min_zoom":3}},
{"type":"Feature","geometry":{"type":"Polygon","coordinates":[[[17.503027,69.59624],[16.971777,69.137891],[17.950684,69.198145],[17.503027,69.59624]]]},"properties":{"scalerank":0,"featurecla":"Land","min_zoom":2}},
{"type":"Feature","geometry":{"type":"Polygon","coordinates":[[[19.255078,70.066406],[18.349316,69.767871],[18.784766,69.579004],[19.592285,69.970166],[19.255078,70.066406]]]},"properties":{"scalerank":0,"featurecla":"Land","min_zoom":2}},
{"type":"Feature","geometry":{"type":"Polygon","coordinates":[[[15.760352,68.56123],[15.412598,68.61582],[14.926855,68.306592],[15.9125,68.389258],[15.760352,68.56123]]]},"properties":{"scalerank":0,"featurecla":"Land","min_zoom":2}},
{"type":"Feature","geometry":{"type":"Polygon","coordinates":[[[15.207129,68.943115],[14.373438,68.711426],[15.22207,68.616309],[15.207129,68.943115]]]},"properties":{"scalerank":0,"featurecla":"Land","min_zoom":2}},
{"type":"Feature","geometry":{"type":"Polygon","coordinates":[[[11.231445,64.865869],[11.132617,64.976172],[10.813477,64.923242],[10.83252,64.843115],[11.231445,64.865869]]]},"properties":{"scalerank":0,"featurecla":"Land","min_zoom":3}},
{"type":"Feature","geometry":{"type":"Polygon","coordinates":[[[5.08584,60.307568],[5.050195,60.388965],[4.930078,60.412061],[4.943555,60.272412],[5.08584,60.307568]]]},"properties":{"scalerank":0,"featurecla":"Land","min_zoom":3}},
{"type":"Feature","geometry":{"type":"Polygon","coordinates":[[[11.967969,65.626514],[12.003223,65.679443],[11.800391,65.683887],[11.77832,65.604541],[11.967969,65.626514]]]},"properties":{"scalerank":0,"featurecla":"Land","min_zoom":4}},
{"type":"Feature","geometry":{"type":"Polygon","coordinates":[[[-79.063086,75.925879],[-79.009326,76.145898],[-79.69873,75.883252],[-79.063086,75.925879]]]},"properties":{"scalerank":0,"featurecla":"Land","min_zoom":3}},
{"type":"Feature","geometry":{"type":"Polygon","coordinates":[[[-71.667334,77.325293],[-72.089062,77.46709],[-72.494922,77.385547],[-71.667334,77.325293]]]},"properties":{"scalerank":0,"featurecla":"Land","min_zoom":3}},
{"type":"Feature","geometry":{"type":"Polygon","coordinates":[[[-44.864551,82.083643],[-44.749902,82.401123],[-46.751904,82.348193],[-44.864551,82.083643]]]},"properties":{"scalerank":0,"featurecla":"Land","min_zoom":0}},
{"type":"Feature","geometry":{"type":"Polygon","coordinates":[[[-18.664746,81.846484],[-19.314551,82.123193],[-19.594482,81.99126],[-19.031445,81.827197],[-18.664746,81.846484]]]},"properties":{"scalerank":0,"featurecla":"Land","min_zoom":3}},
{"type":"Feature","geometry":{"type":"Polygon","coordinates":[[[-17.6125,79.825879],[-17.98291,80.055176],[-18.997168,79.940479],[-19.032422,79.772949],[-17.6125,79.825879]]]},"properties":{"scalerank":0,"featurecla":"Land","min_zoom":2}},
{"type":"Feature","geometry":{"type":"Polygon","coordinates":[[[-18.997168,77.973779],[-18.882471,78.114893],[-18.9354,78.423584],[-19.314697,78.344189],[-19.297021,78.185449],[-18.997168,77.973779]]]},"properties":{"scalerank":0,"featurecla":"Land","min_zoom":3}},
{"type":"Feature","geometry":{"type":"Polygon","coordinates":[[[-18.582617,76.042334],[-18.732617,76.642041],[-19.085352,76.430371],[-18.582617,76.042334]]]},"properties":{"scalerank":0,"featurecla":"Land","min_zoom":3}},
{"type":"Feature","geometry":{"type":"Polygon","coordinates":[[[-18.000537,75.407324],[-18.670801,75.00166],[-17.586035,74.992773],[-18.000537,75.407324]]]},"properties":{"scalerank":0,"featurecla":"Land","min_zoom":2}},
{"type":"Feature","geometry":{"type":"Polygon","coordinates":[[[-17.953711,77.642334],[-17.729492,77.706396],[-17.681445,77.858594],[-17.903711,77.862598],[-18.174023,77.714355],[-17.953711,77.642334]]]},"properties":{"scalerank":0,"featurecla":"Land","min_zoom":3}},
{"type":"Feature","geometry":{"type":"Polygon","coordinates":[[[-29.952881,83.564844],[-32.984424,83.599609],[-43.19458,83.255127],[-46.478174,82.951904],[-44.238867,82.368164],[-45.291064,81.828809],[-48.861182,82.40542],[-50.894434,81.895215],[-52.775586,82.321729],[-58.717383,82.093066],[-61.20293,81.746875],[-62.993262,81.206982],[-66.995898,80.412988],[-66.843652,80.076221],[-64.792285,80.000635],[-65.967871,79.132373],[-72.395605,78.504346],[-72.818066,78.194336],[-69.351367,77.467139],[-70.862842,77.175439],[-70.792822,76.869092],[-69.252051,76.686133],[-69.3729,76.331885],[-66.826172,75.968799],[-63.438867,76.339453],[-61.188232,76.157861],[-58.516211,75.689063],[-58.603467,75.385303],[-56.801318,74.67168],[-56.706348,74.219189],[-55.929492,73.89541],[-56.104053,73.558154],[-54.737939,72.87251],[-55.601709,72.453467],[-55.315576,72.110693],[-55.594043,71.553516],[-54.689062,71.367236],[-53.476025,71.640186],[-53.117041,71.312891],[-51.130078,70.971729],[-51.524463,70.439453],[-52.405225,70.686768],[-54.16582,70.820117],[-54.014453,70.42168],[-52.254639,70.058936],[-50.5,69.935791],[-51.249414,68.739941],[-53.039453,68.610889],[-53.884424,67.135547],[-53.038281,66.826807],[-53.634717,66.413672],[-52.259033,65.154932],[-52.093408,64.415918],[-51.468848,63.642285],[-50.33833,62.82876],[-50.319238,62.473193],[-49.553467,62.232715],[-49.289062,61.589941],[-48.92207,61.277441],[-47.79624,60.828857],[-46.874463,60.816406],[-46.011719,61.096826],[-46.046631,60.615723],[-45.379248,60.20293],[-44.065479,59.924805],[-43.320117,59.928125],[-42.717041,60.76748],[-42.110205,61.857227],[-42.152979,62.568457],[-40.550391,63.725244],[-40.781738,64.221777],[-40.182227,64.479932],[-40.655469,64.915332],[-39.57793,65.340771],[-39.960938,65.556201],[-37.754199,65.593066],[-36.932422,65.782568],[-36.379199,65.830811],[-34.632812,66.434766],[-34.10166,66.725928],[-33.156982,67.626709],[-32.274805,67.922852],[-32.137256,68.384912],[-30.978564,68.061328],[-26.341406,68.702148],[-23.088232,69.882959],[-23.173242,70.1146],[-26.747266,70.475537],[-28.015039,70.402246],[-28.540918,70.476904],[-27.68877,70.993457],[-26.71792,70.950488],[-25.742236,71.183594],[-24.377002,71.146387],[-23.327832,70.450977],[-21.522656,70.526221],[-22.293213,72.119531],[-22.185059,73.269873],[-20.509668,73.492871],[-20.367285,73.848242],[-21.129443,74.110889],[-19.225098,74.479492],[-20.484961,75.314258],[-19.508984,75.75752],[-20.103613,76.219092],[-21.569092,76.293701],[-20.94209,76.887012],[-18.510303,76.778174],[-18.339014,77.215283],[-20.231934,77.368408],[-20.862598,77.911865],[-20.955664,78.555029],[-19.074951,79.152344],[-19.429199,80.257715],[-16.868408,80.198242],[-16.760596,80.573389],[-14.503564,80.763281],[-11.528809,81.424023],[-12.192871,81.649121],[-15.555518,81.833594],[-17.226221,81.43042],[-21.146582,81.695166],[-21.337988,82.068701],[-25.148828,82.001123],[-21.520654,82.59541],[-24.470312,82.877393],[-25.947412,83.289648],[-29.952881,83.564844]]]},"properties":{"scalerank":0,"featurecla":"Land","min_zoom":0}},
{"type":"Feature","geometry":{"type":"Polygon","coordinates":[[[180,-16.540039],[180,-16.488867],[179.984668,-16.522168],[180,-16.540039]]]},"properties":{"scalerank":0,"featurecla":"Land","min_zoom":4}},
{"type":"Feature","geometry":{"type":"Polygon","coordinates":[[[-179.956152,-16.149219],[-179.969385,-16.126074],[-180,-16.15293],[-180,-16.156055],[-180,-16.168262],[-179.956152,-16.149219]]]},"properties":{"scalerank":0,"featurecla":"Land","min_zoom":1}},
{"type":"Feature","geometry":{"type":"Polygon","coordinates":[[[-85.870947,16.461523],[-85.924219,16.483301],[-85.960986,16.429688],[-85.947217,16.403613],[-85.870947,16.461523]]]},"properties":{"scalerank":0,"featurecla":"Land","min_zoom":4}},
{"type":"Feature","geometry":{"type":"Polygon","coordinates":[[[25.402734,37.419141],[25.462988,37.471094],[25.348145,37.50918],[25.307129,37.412988],[25.402734,37.419141]]]},"properties":{"scalerank":0,"featurecla":"Land","min_zoom":3}},
{"type":"Feature","geometry":{"type":"Polygon","coordinates":[[[166.958398,-0.516602],[166.913574,-0.499121],[166.916406,-0.546484],[166.958398,-0.516602]]]},"properties":{"scalerank":0,"featurecla":"Land","min_zoom":4}},
{"type":"Feature","geometry":{"type":"Polygon","coordinates":[[[169.635059,5.830078],[169.672559,5.935205],[169.651074,5.945117],[169.627148,5.855811],[169.635059,5.830078]]]},"properties":{"scalerank":0,"featurecla":"Land","min_zoom":4}},
{"type":"Feature","geometry":{"type":"Polygon","coordinates":[[[172.969629,3.129199],[172.9625,3.148779],[172.887109,3.10127],[172.90625,3.095898],[172.969629,3.129199]]]},"properties":{"scalerank":0,"featurecla":"Land","min_zoom":4}},
{"type":"Feature","geometry":{"type":"Polygon","coordinates":[[[172.844238,3.051221],[172.880273,3.053516],[172.887109,3.073975],[172.826953,3.071094],[172.844238,3.051221]]]},"properties":{"scalerank":0,"featurecla":"Land","min_zoom":4}},
{"type":"Feature","geometry":{"type":"Polygon","coordinates":[[[173.01875,1.845703],[172.969141,1.912695],[172.932715,1.925928],[173.01875,1.845703]]]},"properties":{"scalerank":0,"featurecla":"Land","min_zoom":4}},
{"type":"Feature","geometry":{"type":"Polygon","coordinates":[[[173.029395,1.717383],[173.045215,1.741553],[173.037695,1.804395],[173.023633,1.809326],[173.029395,1.717383]]]},"properties":{"scalerank":0,"featurecla":"Land","min_zoom":4}},
{"type":"Feature","geometry":{"type":"Polygon","coordinates":[[[173.032813,1.013135],[173.065039,0.962695],[173.038574,0.914746],[172.969922,0.842773],[172.991113,0.835449],[173.061426,0.915234],[173.086523,0.973437],[173.032813,1.013135]]]},"properties":{"scalerank":0,"featurecla":"Land","min_zoom":4}},
{"type":"Feature","geometry":{"type":"Polygon","coordinates":[[[174.508691,-0.801758],[174.474805,-0.642188],[174.452734,-0.64707],[174.479688,-0.773633],[174.508691,-0.801758]]]},"properties":{"scalerank":0,"featurecla":"Land","min_zoom":4}},
{"type":"Feature","geometry":{"type":"Polygon","coordinates":[[[174.773242,-1.211914],[174.741016,-1.18457],[174.755957,-1.256445],[174.778906,-1.263379],[174.773242,-1.211914]]]},"properties":{"scalerank":0,"featurecla":"Land","min_zoom":4}},
{"type":"Feature","geometry":{"type":"Polygon","coordinates":[[[168.830273,7.308984],[168.679297,7.33623],[168.719238,7.302734],[168.81543,7.293555],[168.830273,7.308984]]]},"properties":{"scalerank":0,"featurecla":"Land","min_zoom":4}},
{"type":"Feature","geometry":{"type":"Polygon","coordinates":[[[171.577344,7.048242],[171.592773,7.01626],[171.61416,7.007178],[171.659375,7.010059],[171.693359,7.000146],[171.688379,7.028271],[171.614746,7.026611],[171.577344,7.048242]]]},"properties":{"scalerank":0,"featurecla":"Land","min_zoom":4}},
{"type":"Feature","geometry":{"type":"Polygon","coordinates":[[[171.101953,7.138232],[171.095508,7.109277],[171.202344,7.073535],[171.226953,7.086963],[171.101953,7.138232]]]},"properties":{"scalerank":0,"featurecla":"Land","min_zoom":4}},
{"type":"Feature","geometry":{"type":"Polygon","coordinates":[[[-178.04668,-14.318359],[-178.142236,-14.242578],[-178.158594,-14.311914],[-178.04668,-14.318359]]]},"properties":{"scalerank":0,"featurecla":"Land","min_zoom":4}},
{"type":"Feature","geometry":{"type":"Polygon","coordinates":[[[-140.809375,-17.856641],[-140.83252,-17.838477],[-140.776318,-17.754102],[-140.803613,-17.75166],[-140.850732,-17.831055],[-140.809375,-17.856641]]]},"properties":{"scalerank":0,"featurecla":"Land","min_zoom":4}},
{"type":"Feature","geometry":{"type":"Polygon","coordinates":[[[-136.293896,-18.544336],[-136.426123,-18.474316],[-136.435693,-18.489063],[-136.344043,-18.534863],[-136.293896,-18.544336]]]},"properties":{"scalerank":0,"featurecla":"Land","min_zoom":4}},
{"type":"Feature","geometry":{"type":"Polygon","coordinates":[[[-136.971729,-18.341992],[-137.029639,-18.272852],[-137.067578,-18.265332],[-136.971338,-18.360938],[-136.971729,-18.341992]]]},"properties":{"scalerank":0,"featurecla":"Land","min_zoom":4}},
{"type":"Feature","geometry":{"type":"Polygon","coordinates":[[[-138.505859,-20.857227],[-138.514941,-20.813379],[-138.546387,-20.795117],[-138.524023,-20.850586],[-138.505859,-20.857227]]]},"properties":{"scalerank":0,"featurecla":"Land","min_zoom":4}},
{"type":"Feature","geometry":{"type":"Polygon","coordinates":[[[-140.685352,-18.379883],[-140.781738,-18.33418],[-140.773242,-18.36377],[-140.696045,-18.399121],[-140.685352,-18.379883]]]},"properties":{"scalerank":0,"featurecla":"Land","min_zoom":4}},
{"type":"Feature","geometry":{"type":"Polygon","coordinates":[[[-140.829883,-18.189355],[-140.925146,-18.083789],[-140.958643,-18.085059],[-140.895459,-18.147949],[-140.860059,-18.19873],[-140.829883,-18.189355]]]},"properties":{"scalerank":0,"featurecla":"Land","min_zoom":4}},
{"type":"Feature","geometry":{"type":"Polygon","coordinates":[[[-142.511816,-16.096289],[-142.481201,-16.017773],[-142.506836,-16.027734],[-142.511816,-16.096289]]]},"properties":{"scalerank":0,"featurecla":"Land","min_zoom":4}},
{"type":"Feature","geometry":{"type":"Polygon","coordinates":[[[-143.440576,-16.619727],[-143.458545,-16.635449],[-143.386182,-16.668848],[-143.440576,-16.619727]]]},"properties":{"scalerank":0,"featurecla":"Land","min_zoom":4}},
{"type":"Feature","geometry":{"type":"Polygon","coordinates":[[[-143.571143,-16.634766],[-143.614795,-16.618066],[-143.670215,-16.580859],[-143.707422,-16.580859],[-143.610645,-16.64043],[-143.571143,-16.634766]]]},"properties":{"scalerank":0,"featurecla":"Land","min_zoom":4}},
{"type":"Feature","geometry":{"type":"Polygon","coordinates":[[[-145.051367,-15.856055],[-145.133545,-15.762012],[-145.137939,-15.788086],[-145.076416,-15.857617],[-145.051367,-15.856055]]]},"properties":{"scalerank":0,"featurecla":"Land","min_zoom":4}},
{"type":"Feature","geometry":{"type":"Polygon","coordinates":[[[-145.48667,-16.329785],[-145.5771,-16.159863],[-145.576709,-16.201465],[-145.539844,-16.295117],[-145.48667,-16.329785]]]},"properties":{"scalerank":0,"featurecla":"Land","min_zoom":4}},
{"type":"Feature","geometry":{"type":"Polygon","coordinates":[[[173.038379,1.34209],[173.106348,1.35708],[173.163086,1.35752],[173.143359,1.381348],[173.028613,1.35874],[173.038379,1.34209]]]},"properties":{"scalerank":0,"featurecla":"Land","min_zoom":4}},
{"type":"Feature","geometry":{"type":"Polygon","coordinates":[[[-169.755225,56.635059],[-169.586865,56.542432],[-169.474316,56.594043],[-169.755225,56.635059]]]},"properties":{"scalerank":0,"featurecla":"Land","min_zoom":3}},
{"type":"Feature","geometry":{"type":"Polygon","coordinates":[[[-72.664062,20.0375],[-72.791016,20.091895],[-72.844238,20.035449],[-72.664062,20.0375]]]},"properties":{"scalerank":0,"featurecla":"Land","min_zoom":3}},
{"type":"Feature","geometry":{"type":"Polygon","coordinates":[[[24.523535,37.125098],[24.529102,37.192334],[24.441211,37.186865],[24.424805,37.131982],[24.523535,37.125098]]]},"properties":{"scalerank":0,"featurecla":"Land","min_zoom":4}},
{"type":"Feature","geometry":{"type":"Polygon","coordinates":[[[142.188184,26.616504],[142.202148,26.648779],[142.161719,26.709961],[142.107129,26.721533],[142.169922,26.615674],[142.188184,26.616504]]]},"properties":{"scalerank":0,"featurecla":"Land","min_zoom":4}},
{"type":"Feature","geometry":{"type":"Polygon","coordinates":[[[130.916016,37.478467],[130.903711,37.553711],[130.838379,37.537207],[130.816797,37.478467],[130.916016,37.478467]]]},"properties":{"scalerank":0,"featurecla":"Land","min_zoom":4}},
{"type":"Feature","geometry":{"type":"Polygon","coordinates":[[[-57.020654,-63.372852],[-57.389648,-63.22627],[-58.87207,-63.551855],[-59.510156,-63.820703],[-60.86416,-64.073438],[-61.631787,-64.604688],[-62.576221,-64.755664],[-64.038037,-65.179004],[-64.065918,-65.553711],[-65.617285,-66.135254],[-67.493359,-67.112793],[-67.585791,-67.435156],[-66.70498,-67.527148],[-67.149854,-68.024609],[-66.793359,-68.24043],[-67.390527,-68.86123],[-67.371777,-69.412305],[-68.707959,-69.432227],[-67.888477,-70.42168],[-67.460352,-71.526758],[-66.827734,-72.09043],[-67.66709,-72.83457],[-68.820947,-73.105469],[-72.929199,-73.447949],[-73.996045,-73.699805],[-75.293066,-73.63877],[-77.134912,-73.817676],[-78.407861,-73.555762],[-79.521729,-73.089551],[-80.442236,-72.944531],[-81.262402,-73.314941],[-81.30874,-73.738281],[-82.183496,-73.856836],[-84.981201,-73.502051],[-85.980762,-73.208496],[-87.037939,-73.353906],[-88.419385,-73.229004],[-88.194531,-72.858594],[-90.29541,-72.97793],[-90.920947,-73.319141],[-92.241016,-73.178418],[-96.152148,-73.309277],[-98.012402,-73.033203],[-102.409277,-72.987402],[-102.675049,-73.320898],[-100.020801,-73.402539],[-99.781104,-73.720117],[-102.410645,-73.616406],[-101.251709,-74.485742],[-98.557861,-75.189746],[-101.039355,-75.421875],[-101.708105,-75.127344],[-104.901855,-75.115137],[-106.618848,-75.343945],[-111.463135,-75.133398],[-110.300439,-74.710645],[-110.30708,-74.366699],[-111.806348,-74.269727],[-111.69624,-74.792188],[-113.931836,-74.981836],[-113.508496,-74.088867],[-114.791016,-73.988574],[-115.105176,-74.455078],[-118.342041,-74.381543],[-119.677002,-74.65459],[-123.889453,-74.773047],[-127.863379,-74.719238],[-129.79082,-74.891406],[-132.049365,-74.765723],[-133.474854,-74.851855],[-135.362061,-74.69043],[-136.549512,-75.139453],[-139.691162,-75.212793],[-141.505713,-75.69043],[-143.574268,-75.563574],[-146.383008,-76.099707],[-145.885742,-76.424316],[-148.320312,-76.104492],[-145.750488,-76.749023],[-145.966992,-77.06875],[-149.717725,-77.797461],[-151.718994,-77.425879],[-153.460596,-77.416016],[-154.814941,-77.126953],[-158.213574,-77.157129],[-158.500391,-77.77832],[-155.209912,-78.964844],[-152.091406,-79.241602],[-148.176514,-79.775879],[-148.317139,-80.070996],[-150.575391,-80.353711],[-148.122754,-80.900781],[-156.528223,-81.162305],[-153.956641,-81.700195],[-154.717432,-81.940723],[-153.009863,-82.449609],[-155.459424,-82.980762],[-157.679492,-83.129492],[-159.444385,-83.543164],[-163.111084,-83.329102],[-168.417676,-83.228809],[-167.552881,-83.81084],[-164.950879,-83.805859],[-163.568506,-84.528711],[-156.986328,-84.811133],[-157.12749,-85.185645],[-162.933398,-84.901172],[-171.703662,-84.542383],[-180,-84.351562],[-180,-85.05752],[-180,-85.763379],[-180,-86.469336],[-180,-87.175195],[-180,-87.881055],[-180,-88.587012],[-180,-89.292969],[-180,-89.58291],[-180,-89.998926],[180,-89.998926],[180,-84.351562],[179.403027,-84.206152],[168.110059,-83.362012],[167.232617,-82.952344],[160.907813,-81.390234],[160.482715,-79.201465],[164.634766,-78.603223],[166.208594,-78.45166],[164.429688,-78.042188],[162.762793,-76.745703],[162.815723,-75.846191],[161.67959,-75.217773],[162.533594,-75.16709],[163.167383,-74.601953],[165.302832,-74.59375],[164.775684,-74.028516],[167.61582,-73.336816],[169.54502,-73.050391],[170.162305,-71.630469],[168.172656,-71.183203],[167.569434,-70.810254],[164.403223,-70.510449],[163.34873,-70.620898],[162.674805,-70.30459],[161.424512,-70.826758],[161.037012,-70.317188],[160.209668,-69.974902],[159.783984,-69.521875],[158.157813,-69.208887],[157.481348,-69.308691],[155.520313,-69.024414],[154.199707,-68.417871],[153.081836,-68.856836],[151.562109,-68.693652],[151.068262,-68.384961],[148.45625,-68.466992],[146.797656,-68.273633],[146.827832,-67.964648],[145.975195,-67.624219],[143.941992,-67.794043],[144.621191,-67.141406],[143.448242,-66.876758],[139.900098,-66.715137],[137.753809,-66.406445],[135.351953,-66.127148],[134.971484,-66.330176],[133.444531,-66.081445],[131.830859,-66.23584],[130.951758,-66.191406],[129.741211,-66.468555],[129.236914,-67.041602],[127.541211,-67.051074],[126.664746,-66.497559],[125.865625,-66.364453],[124.597852,-66.708203],[123.969336,-66.608105],[122.182813,-66.859473],[121.487598,-67.090723],[119.133008,-67.370703],[118.138672,-67.082422],[116.713477,-67.047168],[114.026563,-67.441211],[113.991211,-67.211914],[115.27373,-67.02793],[115.310352,-66.56084],[114.336914,-66.360156],[113.099414,-65.799902],[110.906738,-66.07666],[110.622266,-66.524023],[109.462793,-66.908691],[108.15791,-66.639063],[103.951172,-65.988086],[102.674219,-65.865137],[101.474414,-65.951172],[100.889063,-66.358008],[99.370117,-66.648242],[98.257617,-66.46748],[95.541016,-66.630957],[94.839844,-66.501367],[93.964258,-66.689648],[92.073438,-66.50791],[89.698438,-66.823047],[87.980273,-66.788477],[85.710742,-67.161328],[84.485156,-67.114453],[83.304297,-67.603027],[82.016992,-67.690039],[79.287793,-68.119336],[78.72627,-68.277832],[77.81748,-69.068945],[75.891211,-69.575586],[75.423828,-69.893066],[73.942188,-69.743164],[72.82207,-70.095898],[71.904883,-70.706641],[71.276758,-71.623926],[69.554688,-72.374512],[68.419824,-72.515039],[67.971387,-73.085645],[66.89209,-72.948633],[67.432227,-72.00293],[68.037402,-71.391016],[68.872754,-71.035156],[69.250195,-70.431055],[67.267969,-70.273145],[68.178125,-69.837305],[69.082617,-69.866602],[68.90625,-69.372754],[69.629492,-69.231641],[69.53418,-68.736914],[69.982227,-68.464258],[69.416406,-67.742969],[68.32793,-67.889551],[63.699023,-67.508301],[62.687891,-67.647559],[60.482031,-67.385156],[59.250781,-67.484961],[57.627441,-67.014063],[57.185449,-66.613281],[55.710352,-66.07998],[53.671777,-65.858691],[51.88457,-66.02002],[50.332422,-66.444629],[50.605957,-67.150195],[49.24707,-66.941602],[48.713672,-67.216895],[48.648047,-67.794043],[47.117188,-67.572656],[44.989551,-67.769238],[42.819531,-68.123242],[39.863867,-68.966992],[39.705078,-69.425586],[38.859277,-70.006055],[37.559766,-69.718359],[35.224805,-69.637305],[34.192871,-68.702441],[33.121484,-68.68916],[32.567578,-69.074219],[32.989355,-69.624219],[32.621289,-70.000586],[30.00332,-70.3],[27.206836,-70.910938],[25.974121,-71.037402],[24.756738,-70.89209],[23.803613,-70.40459],[22.979004,-70.810352],[21.70498,-70.258496],[21.070801,-70.843457],[19.265137,-70.902344],[19.196387,-70.293164],[18.124609,-70.540332],[15.806934,-70.324023],[13.822656,-70.343164],[12.929395,-70.213379],[11.70127,-70.766602],[9.141602,-70.183691],[8.523047,-70.473828],[5.113086,-70.655664],[2.609473,-70.900098],[0.834961,-71.202344],[-0.543164,-71.712695],[-0.89585,-71.349219],[-5.950049,-71.341602],[-5.936328,-70.712695],[-7.873486,-70.940332],[-7.713721,-71.546484],[-8.646484,-71.672754],[-9.230664,-71.174023],[-9.887988,-71.027344],[-10.825439,-71.55332],[-11.496973,-72.412891],[-14.320996,-73.123047],[-15.595996,-73.096777],[-16.518848,-73.644043],[-15.748828,-73.945605],[-15.67251,-74.407324],[-17.299023,-74.333887],[-19.493018,-75.539941],[-24.26958,-75.766992],[-28.933643,-76.370313],[-32.063379,-77.159863],[-34.075781,-77.425391],[-36.180859,-78.468359],[-36.23916,-78.774219],[-32.994238,-79.228809],[-30.315918,-79.163086],[-29.949316,-79.599023],[-25.258643,-79.7625],[-24.240283,-80.061914],[-29.329102,-80.17207],[-35.327002,-80.650684],[-37.209277,-81.063867],[-38.771729,-80.882324],[-41.433838,-81.297754],[-43.669336,-82.270117],[-48.360791,-81.892285],[-53.986084,-82.200586],[-57.353613,-82.840234],[-59.516016,-83.458398],[-61.589844,-83.341211],[-62.735645,-82.527344],[-65.913184,-82.183203],[-64.137109,-81.869336],[-64.750146,-81.52168],[-70.239111,-80.856641],[-75.236523,-80.802637],[-76.557861,-79.903516],[-76.499121,-79.325684],[-80.151172,-79.268066],[-83.26001,-78.774219],[-83.245898,-78.357031],[-80.292285,-78.822754],[-77.869141,-78.745508],[-77.432568,-78.434668],[-81.441016,-77.885645],[-80.601562,-77.751953],[-74.812061,-78.177832],[-72.851953,-77.590234],[-75.386914,-77.474219],[-76.248584,-77.274902],[-77.190039,-76.629785],[-75.268359,-76.581445],[-71.798682,-76.752734],[-70.095508,-76.654492],[-69.304395,-76.350781],[-66.37041,-76.013379],[-63.363379,-75.451465],[-63.924707,-75.004492],[-62.225684,-74.505566],[-61.010791,-74.47832],[-60.878857,-73.612012],[-61.405469,-73.46709],[-60.384668,-73.007324],[-60.719434,-72.072656],[-61.213574,-71.564063],[-61.017236,-71.166895],[-61.961084,-70.900586],[-61.961084,-70.120117],[-62.450537,-69.584375],[-63.455957,-69.041895],[-63.343506,-68.810449],[-64.898291,-68.67334],[-65.639502,-68.130566],[-65.443115,-67.326172],[-64.819287,-67.307324],[-64.686279,-66.80625],[-63.752539,-66.277734],[-61.875439,-66.296094],[-62.305029,-65.84043],[-62.145312,-65.331738],[-61.059863,-64.98125],[-59.963086,-64.431348],[-58.895459,-64.388867],[-58.262988,-63.763379],[-57.020654,-63.372852]]]},"properties":{"scalerank":0,"featurecla":"Land","min_zoom":0}},
{"type":"Feature","geometry":{"type":"Polygon","coordinates":[[[178.861523,70.826416],[180,70.993018],[180,71.537744],[178.891113,71.231104],[178.861523,70.826416]]]},"properties":{"scalerank":0,"featurecla":"Land","min_zoom":0.5}},
{"type":"Feature","geometry":{"type":"Polygon","coordinates":[[[17.979785,59.329053],[18.970508,59.757227],[18.55752,60.253564],[17.955762,60.589795],[17.250977,60.700781],[17.130762,61.575732],[17.417285,61.740674],[17.895605,62.830518],[20.762695,63.867822],[21.465039,64.37959],[21.138184,64.808691],[21.565527,65.408105],[23.691406,65.828516],[24.581543,65.757129],[25.347852,65.479248],[25.372656,65.009473],[24.55791,64.801025],[23.24873,63.896143],[22.243262,63.437939],[21.103613,62.622949],[21.255957,61.989648],[21.605957,61.591553],[21.436035,60.596387],[22.575879,60.359082],[22.793457,60.076807],[23.721777,59.965674],[27.241895,60.538672],[28.650586,60.610986],[29.147266,59.999756],[28.453906,59.814258],[27.892578,59.414209],[25.509277,59.639014],[24.380371,59.472656],[23.494434,59.195654],[23.767578,58.36084],[24.529102,58.354248],[24.301563,57.784131],[24.403223,57.325],[23.647754,56.971045],[22.55459,57.724268],[21.728711,57.570996],[21.071289,56.82373],[21.061914,55.813428],[21.188867,54.935205],[19.974512,54.921191],[19.407129,54.386084],[18.669629,54.430908],[18.323438,54.838184],[16.559766,54.553809],[16.186328,54.290381],[14.715723,54.018311],[14.487598,53.671875],[13.865527,53.853369],[13.028613,54.411035],[12.575391,54.467383],[11.399609,53.944629],[10.212402,54.408936],[9.64541,55.022803],[9.591113,55.493213],[10.183008,55.865186],[10.537109,57.448535],[9.962305,57.580957],[9.554297,57.232471],[8.618555,57.111279],[8.163965,56.606885],[8.132129,55.599805],[8.615918,55.418213],[8.682324,54.791846],[8.957227,54.53833],[8.897754,53.835693],[8.538477,53.556885],[7.285254,53.681348],[6.816211,53.441162],[6.062207,53.40708],[4.67832,52.809766],[4.482813,52.30918],[3.946875,51.810547],[4.182617,51.610303],[3.743945,51.596045],[3.586914,51.453906],[1.579492,50.739258],[1.551563,50.293945],[1.245508,49.998242],[0.186719,49.703027],[-0.163477,49.296777],[-1.138525,49.387891],[-1.258643,49.680176],[-1.856445,49.683789],[-1.437646,48.641406],[-2.446191,48.648291],[-3.231445,48.84082],[-4.720752,48.539893],[-4.629199,48.085791],[-4.312109,47.8229],[-3.158838,47.694678],[-2.018896,47.037646],[-1.786523,46.514844],[-1.146289,46.311377],[-1.066016,45.805664],[-1.245508,44.559863],[-1.484863,43.56377],[-2.337109,43.328027],[-3.604639,43.519482],[-4.523047,43.415723],[-5.66582,43.582471],[-7.261963,43.594629],[-7.698145,43.764551],[-8.873682,43.334424],[-9.235205,42.976904],[-8.690918,42.27417],[-8.887207,42.105273],[-8.655566,41.029492],[-9.148291,39.542578],[-9.374756,39.338281],[-9.474121,38.730859],[-8.914795,38.512109],[-8.81416,37.430811],[-8.597656,37.121338],[-7.834131,37.005713],[-6.884619,37.194238],[-6.492432,36.954639],[-6.040674,36.188428],[-5.625488,36.025928],[-5.171484,36.423779],[-4.366846,36.718115],[-2.111523,36.77666],[-1.797607,37.232861],[-1.327539,37.561133],[-0.822168,37.580762],[-0.646777,38.151855],[0.201563,38.75918],[-0.204932,39.062598],[-0.327002,39.519873],[1.03291,41.062061],[2.082617,41.287402],[3.248047,41.944238],[3.051758,42.915137],[3.258887,43.193213],[4.052637,43.593066],[4.628711,43.387109],[6.115918,43.072363],[6.494043,43.169287],[7.181445,43.659131],[8.081641,43.918945],[8.76582,44.422314],[10.047656,44.019971],[10.708398,42.936328],[12.630859,41.469678],[13.088672,41.243848],[13.733398,41.235645],[14.102344,40.827148],[14.765723,40.668408],[14.950879,40.239014],[15.692773,39.990186],[16.196777,38.759229],[15.972363,38.712598],[15.724512,37.939111],[16.056836,37.941846],[16.545605,38.409082],[16.558984,38.714795],[17.174609,38.998096],[17.114551,39.380615],[16.52998,39.859668],[16.928223,40.458057],[17.865039,40.280176],[18.07793,39.936963],[18.48584,40.104834],[17.95498,40.655176],[17.103418,41.062158],[16.012598,41.4354],[15.964063,41.939453],[15.16875,41.934033],[14.010449,42.689551],[13.56416,43.571289],[12.396289,44.223877],[12.24834,44.72251],[12.523438,44.967969],[12.274316,45.446045],[13.030273,45.6375],[13.517188,45.481787],[13.96582,44.835645],[14.386133,45.342139],[14.85459,45.081006],[14.895215,44.706592],[15.269824,44.383496],[15.122949,44.256787],[15.941504,43.656641],[16.903125,43.392432],[17.823828,42.797412],[18.894238,42.249463],[19.577539,41.7875],[19.440625,41.424756],[19.398145,40.284863],[19.851855,40.043555],[20.300781,39.3271],[20.779688,39.008545],[21.113184,38.384668],[21.14502,37.919287],[21.571289,37.541016],[21.58291,37.080957],[22.080469,37.028955],[22.608398,36.779736],[23.073535,36.774951],[23.193652,37.959033],[23.966992,38.275],[23.25293,38.66123],[22.965527,39.030908],[22.919043,39.628906],[22.592188,40.036914],[22.629492,40.495557],[23.312012,40.216455],[23.664551,40.223828],[24.383789,40.912744],[25.104492,40.994727],[25.855664,40.844092],[26.105469,40.611328],[27.258008,40.687354],[27.499414,40.973145],[28.172168,41.080713],[28.780371,40.97417],[29.057227,41.229736],[28.346387,41.466357],[27.982715,42.047412],[27.484766,42.468066],[27.888867,42.749707],[27.928906,43.186133],[28.561816,43.501318],[28.64541,44.295654],[29.048242,44.757568],[29.55752,44.843408],[29.726953,45.343311],[29.60166,45.68252],[30.219043,45.866748],[30.796289,46.552002],[31.974316,46.708789],[32.035742,46.260986],[32.476758,46.083691],[33.202246,46.175732],[33.664844,45.94707],[32.508008,45.403809],[33.555176,45.097656],[33.450684,44.553662],[33.909961,44.387598],[35.472559,45.098486],[36.393359,45.065381],[36.170508,45.453076],[35.558008,45.310889],[35.022852,45.700977],[34.849609,46.189893],[35.827148,46.624316],[37.339844,46.916895],[37.543359,47.074561],[38.484766,47.175537],[39.293457,47.105762],[37.967969,46.618018],[37.933105,46.001709],[37.647168,45.377197],[36.941211,45.289697],[37.411328,44.735352],[38.717285,44.288086],[39.873633,43.472803],[40.836621,43.063477],[41.48877,42.659326],[41.762988,41.97002],[41.414355,41.423633],[40.265234,40.961328],[39.426367,41.106445],[38.381055,40.924512],[36.509668,41.2625],[36.051758,41.682568],[35.297754,41.728516],[34.750488,41.956836],[33.381348,42.017578],[32.306445,41.72959],[31.254883,41.107617],[29.322266,41.227734],[29.364746,40.809277],[28.289062,40.403027],[27.475586,40.319922],[26.738086,40.400244],[26.181348,39.990088],[26.113086,39.467383],[26.681836,39.292236],[27.013672,38.886865],[26.763672,38.709619],[26.682813,38.19834],[27.232422,37.978662],[27.077832,37.687695],[27.348926,37.01958],[28.133691,37.029492],[29.038281,36.693457],[29.143262,36.397217],[29.689063,36.156689],[30.483594,36.3104],[30.644043,36.865674],[31.352539,36.801074],[32.021973,36.535303],[32.377734,36.183643],[32.794824,36.035889],[33.694727,36.181982],[34.601367,36.784473],[35.537402,36.597021],[35.956934,35.998145],[35.764453,35.571582],[35.943066,35.223828],[35.97793,34.547412],[35.647852,34.248242],[35.251367,33.392627],[34.678418,31.895703],[34.17627,31.303906],[33.666504,31.13042],[32.101758,31.092822],[31.193945,31.587598],[30.395117,31.457617],[29.591602,31.011523],[29.07207,30.830273],[28.514844,31.050439],[27.967578,31.097412],[27.248047,31.377881],[25.893262,31.620898],[25.225488,31.533789],[25.025,31.88335],[23.286328,32.213818],[23.090625,32.61875],[22.187402,32.918262],[21.635938,32.937305],[20.621094,32.580176],[20.121484,32.21875],[19.926367,31.817529],[20.150977,31.078613],[19.713281,30.488379],[18.936426,30.29043],[18.19043,30.777295],[17.349219,31.081494],[16.123047,31.264453],[15.496387,31.656787],[15.176563,32.391162],[13.283496,32.914648],[12.279883,32.858545],[10.722754,33.514404],[10.158984,33.850049],[10.200391,34.346045],[10.534863,34.544727],[11.120117,35.240283],[11.004297,35.633838],[10.59082,35.887256],[10.525684,36.32334],[11.12666,36.874072],[10.571289,36.879443],[10.196387,37.205859],[9.687988,37.340381],[8.823535,36.997607],[7.910449,36.856348],[7.607715,36.999756],[6.927539,36.919434],[6.486523,37.085742],[6.064746,36.864258],[5.195605,36.676807],[4.758105,36.896338],[3.779004,36.896191],[2.972852,36.784473],[2.593359,36.600684],[1.257227,36.51958],[0.514941,36.261816],[0.047949,35.900537],[-0.91748,35.668408],[-1.673633,35.183105],[-2.017773,35.085059],[-2.839941,35.127832],[-3.693262,35.27998],[-4.32998,35.161475],[-5.105371,35.467773],[-5.397363,35.929883],[-5.924805,35.785791],[-6.353125,34.776074],[-6.900977,33.969043],[-8.301172,33.374365],[-9.24585,32.572461],[-9.347461,32.086377],[-9.808691,31.424609],[-9.875488,30.71792],[-9.66709,30.109277],[-10.486475,29.064941],[-11.430176,28.382031],[-11.986084,28.129297],[-12.948926,27.91416],[-13.175977,27.655713],[-13.575781,26.735107],[-14.413867,26.253711],[-14.794922,25.40415],[-15.038867,24.548828],[-15.586328,24.072754],[-16.210254,23.0979],[-16.514404,22.333496],[-16.930859,21.9],[-16.876074,21.086133],[-16.62251,20.63418],[-16.210449,20.22793],[-16.283398,19.787158],[-16.514453,19.361963],[-16.213086,19.00332],[-16.084961,18.521191],[-16.078906,17.54585],[-16.535742,16.286816],[-16.535254,15.838379],[-17.147168,14.922021],[-17.168066,14.640625],[-16.587793,13.689551],[-16.824805,13.341064],[-16.711816,12.354834],[-16.138428,11.917285],[-15.958789,11.959619],[-15.819385,11.763477],[-15.501904,11.723779],[-15.393115,11.217236],[-14.775928,10.931641],[-14.426904,10.24834],[-13.700488,9.85127],[-13.269482,9.170557],[-13.181836,8.576904],[-12.880957,7.856641],[-12.510449,7.665723],[-12.485645,7.386279],[-11.929199,7.183545],[-10.785596,6.310156],[-10.276367,6.077637],[-9.132178,5.054639],[-8.259033,4.58999],[-7.426074,4.376025],[-6.845166,4.671484],[-5.564746,5.089453],[-4.037207,5.230127],[-2.398926,4.929346],[-2.001855,4.762451],[-1.638477,4.980859],[-0.797705,5.226709],[0.259668,5.757324],[0.949707,5.810254],[1.105566,6.051367],[1.818164,6.260645],[2.772461,6.375732],[4.125879,6.411377],[4.861035,6.026318],[5.232422,5.483789],[5.587793,4.647217],[6.076563,4.290625],[6.757031,4.343555],[7.154688,4.514404],[7.16416,4.615576],[7.284375,4.547656],[7.459863,4.555225],[7.644238,4.525342],[8.293066,4.557617],[8.431348,4.74624],[8.574414,4.526221],[8.761914,4.580029],[9.000098,4.091602],[9.425293,3.922314],[9.948438,3.079053],[9.807031,1.92749],[9.494238,1.435303],[9.625879,0.779443],[9.29668,-0.35127],[8.821387,-0.708398],[9.064648,-1.29834],[9.330664,-1.53457],[9.265625,-1.825098],[9.759473,-2.518555],[10.347656,-3.013086],[11.032031,-3.826465],[11.777539,-4.56582],[12.206543,-5.468262],[12.155469,-5.632715],[12.521289,-6.590332],[13.378516,-8.369727],[13.358984,-8.687207],[12.998535,-9.048047],[13.209375,-9.703223],[13.847461,-11.054395],[13.785352,-11.812793],[13.416992,-12.52041],[12.983203,-12.775684],[12.550488,-13.437793],[12.280469,-14.6375],[11.967871,-15.633984],[11.750879,-15.831934],[11.818945,-16.704102],[11.72168,-17.466797],[11.775879,-18.001758],[12.458203,-18.926758],[13.168359,-20.184668],[13.450586,-20.916699],[14.321875,-22.189941],[14.525977,-22.702539],[14.501563,-24.201953],[14.837109,-25.033203],[14.967773,-26.318066],[15.341504,-27.386523],[15.719043,-27.96582],[16.480762,-28.641504],[16.95,-29.403418],[17.189063,-30.099805],[17.677441,-31.019043],[18.21084,-31.74248],[18.250879,-32.652148],[17.878223,-32.961523],[18.808789,-34.108203],[19.634961,-34.75332],[20.020605,-34.785742],[20.529883,-34.463086],[21.788965,-34.372656],[22.245508,-34.069141],[23.268164,-34.081152],[23.585547,-33.985156],[24.827148,-34.168945],[25.00293,-33.973633],[25.638184,-34.011133],[25.989551,-33.711328],[26.429492,-33.75957],[27.077441,-33.521191],[27.860645,-33.053906],[28.855957,-32.294238],[30.288672,-30.970117],[31.335156,-29.378125],[31.778223,-28.937109],[32.285742,-28.621484],[32.534766,-28.199707],[32.849121,-27.080176],[32.933594,-26.252344],[32.59043,-26.004102],[32.792188,-25.644336],[33.347461,-25.260938],[34.607324,-24.821289],[35.155957,-24.541406],[35.438086,-24.171191],[35.37041,-23.798242],[35.575391,-22.963086],[35.315723,-22.396875],[35.267676,-21.650977],[34.982324,-20.80625],[34.698145,-20.404395],[34.947852,-19.812695],[35.65127,-19.163867],[36.540137,-18.518164],[37.244531,-17.739941],[38.144922,-17.242773],[39.084375,-16.972852],[39.844629,-16.435645],[40.558984,-15.473438],[40.835156,-14.791504],[40.639941,-14.390039],[40.545117,-13.462891],[40.580859,-12.635547],[40.402832,-11.332031],[40.611719,-10.661523],[40.38877,-10.353516],[39.783789,-9.914551],[39.304004,-8.443848],[39.441016,-8.011523],[39.288477,-7.517871],[39.472363,-6.878613],[38.874023,-6.33125],[38.819238,-5.877637],[39.228125,-4.665527],[39.490918,-4.478418],[40.11543,-3.250586],[40.222461,-2.688379],[40.644141,-2.539453],[40.995508,-1.950586],[41.386914,-1.866992],[41.979883,-0.973047],[43.467676,0.621631],[44.332715,1.390967],[44.920215,1.810156],[46.051172,2.475146],[46.878809,3.285645],[47.975293,4.497021],[49.049316,6.173633],[49.348535,6.990527],[50.102832,8.199805],[50.825,9.428174],[50.898438,10.253125],[51.140625,10.656885],[51.084277,11.335645],[51.254883,11.830713],[50.792285,11.983691],[50.110059,11.529297],[48.903125,11.254883],[48.674414,11.322656],[48.019238,11.139355],[47.40498,11.174023],[46.565039,10.745996],[45.816699,10.835889],[44.942969,10.436719],[44.386523,10.430225],[43.852734,10.784277],[43.441211,11.346436],[42.799023,11.739404],[43.409766,12.189941],[43.08291,12.824609],[42.796191,12.864258],[42.245117,13.587646],[41.658203,13.983057],[41.176465,14.620312],[40.204102,15.014111],[39.86377,15.470312],[39.506543,15.532129],[39.298926,15.921094],[39.142578,16.72915],[38.911719,17.427148],[38.574023,18.072949],[38.201758,18.249414],[37.471289,18.820117],[37.248438,19.581885],[37.150586,21.10376],[36.829688,22.097656],[36.229688,22.628809],[35.697852,22.946191],[35.522754,23.442529],[35.624707,24.066016],[35.194141,24.475146],[34.565137,25.691162],[33.959082,26.649023],[33.893066,27.049463],[33.549805,27.607373],[33.54707,27.898145],[32.898242,28.565234],[32.631836,28.992236],[33.075781,29.073047],[33.247754,28.567725],[33.760254,28.047656],[34.220117,27.764307],[34.616211,28.14834],[35.180469,28.034863],[36.249609,26.594775],[36.762695,25.751318],[37.148828,25.291113],[37.180859,24.82002],[37.543066,24.29165],[37.919727,24.1854],[38.46416,23.711865],[38.941113,22.881836],[39.095898,22.392773],[38.987891,21.881738],[39.093555,21.310352],[39.613672,20.517676],[40.75918,19.755469],[41.229492,18.678418],[41.75,17.885742],[42.293945,17.434961],[42.698828,16.736963],[42.839648,16.032031],[42.717188,15.654639],[43.021094,14.554883],[43.089063,14.010986],[43.282617,13.639844],[43.231934,13.26709],[43.475293,12.839014],[43.929785,12.616504],[44.617773,12.817236],[45.038672,12.815869],[45.657324,13.338721],[46.788867,13.465576],[47.407715,13.661621],[47.989941,14.048096],[48.668359,14.050146],[49.349902,14.637793],[50.166895,14.851025],[50.527051,15.038184],[51.603711,15.336816],[52.21748,15.655518],[52.174023,15.956836],[52.581445,16.470361],[53.609863,16.759961],[54.068164,17.005518],[55.06416,17.038916],[55.479102,17.843262],[56.270313,17.950781],[56.550781,18.165967],[56.655078,18.587354],[57.176563,18.902588],[57.811621,19.01709],[57.715137,19.606934],[57.861816,20.244141],[58.474219,20.406885],[58.895703,21.112793],[59.371484,21.498828],[59.8,22.219922],[58.578027,23.643457],[57.219824,23.922754],[56.640625,24.470312],[56.372852,25.018311],[56.429785,26.327197],[55.941211,25.793994],[54.746777,24.810449],[54.39707,24.278174],[53.893359,24.077051],[52.648242,24.154639],[51.906055,23.985352],[51.767578,24.254395],[51.309863,24.340381],[51.586914,24.964844],[51.543066,25.902393],[51.003125,25.981445],[50.55791,25.08667],[50.031641,26.110986],[50.213867,26.308496],[49.986133,26.828906],[49.405273,27.180957],[48.906445,27.629053],[48.183789,28.979395],[47.969629,29.616699],[47.98252,30.011328],[48.454199,29.938477],[48.919141,30.120898],[49.554883,30.028955],[49.983105,30.209375],[50.649609,29.420068],[50.675195,29.146582],[51.062012,28.726123],[51.278906,28.131348],[51.666309,27.844971],[52.475879,27.616504],[52.691602,27.323389],[53.705762,26.725586],[54.895801,26.556689],[55.650293,26.977539],[56.356152,27.200244],[56.982227,26.905469],[57.33457,25.791553],[57.796094,25.653027],[59.456055,25.481494],[61.412207,25.1021],[62.315332,25.134912],[62.572461,25.254736],[63.491406,25.21084],[63.720898,25.385889],[64.658984,25.184082],[64.77666,25.307324],[65.679688,25.355273],[66.428613,25.575342],[66.698633,25.226318],[66.703027,24.860937],[67.171484,24.756104],[67.309375,24.174805],[67.668457,23.810986],[68.037012,23.848242],[68.41748,23.571484],[68.640723,23.189941],[69.235938,22.848535],[69.664648,22.759082],[70.251172,22.970898],[70.177246,22.572754],[69.008789,22.196777],[70.127344,21.094678],[70.719336,20.74043],[71.024609,20.738867],[72.015234,21.155713],[72.254004,21.531006],[72.037207,21.823047],[72.332617,22.270215],[72.590137,22.278125],[72.543066,21.696582],[72.813867,21.117188],[72.881152,20.563184],[72.667773,19.830957],[72.870898,18.683057],[73.156055,17.621924],[73.337598,16.459863],[73.476074,16.054248],[73.931934,15.396973],[73.949219,15.074756],[74.382227,14.494727],[74.670898,13.667627],[74.770508,13.077344],[75.19668,12.05752],[75.723828,11.361768],[75.922559,10.784082],[76.346484,9.922119],[76.324609,9.4521],[76.553418,8.902783],[76.966895,8.407275],[77.517578,8.07832],[78.060156,8.38457],[78.19248,8.890869],[78.421484,9.105029],[78.97959,9.268555],[78.996289,9.683105],[79.390527,10.305957],[79.838184,10.322559],[79.848633,11.196875],[79.754102,11.575293],[79.858496,11.98877],[80.229102,12.690332],[80.342383,13.361328],[80.111719,14.212207],[80.053418,15.074023],[80.293457,15.710742],[80.646582,15.89502],[80.978711,15.75835],[81.238574,16.263965],[81.761914,16.329492],[82.258789,16.559863],[82.35957,17.096191],[83.19834,17.608984],[83.654297,18.069873],[84.104102,18.292676],[84.770996,19.125391],[85.575,19.69292],[86.279492,19.919434],[86.750391,20.313232],[86.975488,20.700146],[86.85957,21.236719],[87.100684,21.500781],[87.948438,21.825439],[88.253711,21.622314],[89.05166,21.654102],[89.811914,21.983496],[90.158789,21.816846],[90.589453,22.258447],[90.435059,22.751904],[90.945605,22.597021],[91.482129,22.797412],[91.692969,22.504785],[92.008008,21.684766],[92.056055,21.174805],[93.001953,20.074854],[93.362305,20.058301],[93.998145,19.440869],[93.705469,19.026904],[94.07002,18.893408],[94.430762,18.20166],[94.588965,17.569336],[94.214258,16.126611],[94.5875,16.288818],[94.942578,15.818262],[95.389551,15.722754],[95.763281,16.169043],[96.622461,16.563916],[97.17832,17.062012],[97.375879,16.522949],[97.619629,16.537207],[97.812305,14.858936],[98.24541,13.733496],[98.575977,13.161914],[98.741406,11.591699],[98.675586,10.986914],[98.464941,10.67583],[98.561914,9.8375],[98.241797,8.767871],[98.238184,8.423096],[98.579199,8.344287],[99.720313,7.106201],[99.695996,6.87666],[100.119141,6.441992],[100.343262,5.98418],[100.352637,5.587695],[100.614551,4.652246],[100.71543,3.966211],[101.299902,3.253271],[101.354297,3.011133],[101.295508,2.885205],[102.727148,1.855566],[103.694531,1.449658],[104.288477,1.480664],[103.812207,2.580469],[103.439453,2.933105],[103.362012,3.769141],[103.46875,4.393262],[103.41582,4.850293],[102.982422,5.524951],[102.340137,6.172021],[101.799219,6.474609],[101.497949,6.865283],[101.017871,6.860937],[100.58623,7.175977],[100.279395,8.268506],[99.960645,8.67124],[99.723828,9.314209],[99.393848,9.213721],[99.160742,9.734033],[99.165039,10.319824],[99.486914,10.889551],[99.627344,11.462891],[99.989062,12.170801],[100.01748,13.353174],[100.656055,13.521289],[100.962695,13.431982],[100.863281,12.714502],[101.723633,12.689355],[102.762988,12.012451],[103.125488,11.460645],[103.152832,10.913721],[103.532422,11.14668],[103.721875,10.890137],[103.532227,10.604639],[104.262402,10.54126],[104.663477,10.169922],[105.027832,10.067432],[104.845215,9.606152],[104.818555,8.801855],[105.322266,8.801123],[105.500977,9.093213],[106.572461,9.641113],[106.812695,10.433301],[107.261523,10.398389],[108.27168,10.934277],[108.820801,11.31543],[109.198633,11.724854],[109.218945,12.645801],[109.423926,12.955957],[109.271875,13.279346],[109.30332,13.856445],[109.084863,14.716162],[108.821289,15.37793],[108.029395,16.331104],[107.180371,16.897949],[106.478906,17.71958],[106.499023,17.946436],[105.888281,18.50249],[105.621777,18.966309],[105.984082,19.939062],[106.517969,20.288867],[106.753418,20.735059],[106.675488,20.960498],[107.354297,21.055176],[107.409961,21.284814],[108.324805,21.693506],[109.930762,21.480566],[109.662598,20.916895],[110.123145,20.263721],[110.511523,20.518262],[110.193555,21.037646],[110.771094,21.386523],[111.602734,21.559082],[111.943945,21.849658],[112.586328,21.776855],[113.008203,22.119336],[113.896484,22.428174],[114.267969,22.295557],[114.65166,22.755273],[115.49834,22.718848],[116.470703,22.945898],[116.538281,23.179688],[118.056055,24.246094],[118.087109,24.627002],[118.560352,24.580371],[119.024609,25.223438],[119.539453,25.59126],[120.278711,27.09707],[121.098437,28.290527],[121.602051,28.366602],[121.71748,29.256348],[121.944336,29.894092],[121.159375,30.301758],[120.997656,30.558252],[121.87793,30.916992],[121.660645,31.319727],[121.055371,31.719434],[121.351953,31.858789],[121.400977,32.371924],[120.853223,32.661377],[120.871094,33.016504],[120.201465,34.325684],[119.58291,34.582227],[119.21582,35.011768],[120.054688,35.861133],[120.989941,36.597949],[121.932715,36.959473],[122.519727,36.946826],[122.602344,37.426416],[121.640234,37.460352],[120.75,37.833936],[120.370117,37.701025],[119.449902,37.124756],[118.952637,37.331152],[119.08916,37.700732],[118.940039,38.042773],[118.014941,38.183398],[117.557813,38.625146],[117.784668,39.134473],[118.912305,39.166406],[119.591113,39.902637],[120.479102,40.230957],[121.174512,40.90127],[121.858789,40.84209],[122.275,40.541846],[121.517578,39.638965],[121.785449,39.40083],[122.334863,39.366113],[123.348145,39.762939],[124.26748,39.92417],[125.36084,39.526611],[125.409668,39.288379],[125.067383,38.556738],[124.690918,38.129199],[125.193164,38.037793],[125.449316,37.730225],[125.941699,37.873682],[126.572754,37.796826],[126.868945,36.975732],[126.217188,36.870947],[126.548242,36.477637],[126.717383,35.768848],[126.291113,35.15415],[126.508301,34.350635],[127.714844,34.954687],[128.443945,34.870361],[128.510938,35.100977],[129.21416,35.181836],[129.561719,35.947656],[129.403516,36.052148],[129.473438,36.741895],[129.335156,37.274561],[128.618848,38.176074],[128.374609,38.623437],[127.786133,39.084131],[127.394531,39.20791],[127.568164,39.781982],[128.304492,40.035937],[129.708691,40.857324],[129.756348,41.712256],[130.068262,42.045752],[131.158301,42.626025],[131.72207,43.202637],[132.303809,42.883301],[133.159961,42.696973],[133.709375,42.829932],[135.131055,43.525732],[135.874609,44.373535],[136.142285,44.489111],[136.803516,45.171143],[137.685449,45.818359],[138.336914,46.543408],[138.586816,47.057227],[139.372656,47.887354],[140.170605,48.523682],[140.517188,49.596143],[140.476367,50.545996],[140.687695,51.232275],[141.485254,52.178516],[141.169824,52.368408],[141.402051,53.183984],[139.707422,54.277148],[138.695703,54.32002],[138.660742,53.744775],[137.32832,53.538965],[136.683008,53.931299],[136.797266,54.620996],[135.851562,54.583936],[135.2625,54.943311],[136.175195,55.352246],[137.691504,56.139355],[138.662109,56.965527],[140.002344,57.6875],[142.025391,58.999658],[143.192188,59.370117],[146.444336,59.430469],[147.514453,59.268555],[149.20498,59.488184],[149.642578,59.77041],[151.485742,59.524121],[151.990039,59.160059],[152.882227,58.939062],[153.361133,59.214795],[154.010938,59.075537],[155.166699,59.360156],[154.293066,59.83335],[154.970801,60.37666],[155.85332,60.777148],[157.469336,61.798926],[159.07666,61.922266],[160.766602,60.75332],[162.392578,61.662109],[163.009277,61.791504],[163.331738,62.550928],[164.255664,62.696582],[164.005469,61.343799],[163.709961,60.916797],[162.003613,60.420166],[161.753516,60.152295],[159.847363,59.127148],[159.036914,58.423926],[157.450391,57.799268],[156.728418,57.152246],[155.98252,56.695215],[155.554883,55.348486],[156.098828,53.006494],[156.364746,52.509375],[156.500391,51.475098],[156.747754,50.969287],[158.103516,51.809619],[158.463477,52.30498],[158.608789,52.873633],[159.897656,53.380762],[160.074414,54.18916],[160.772656,54.541357],[161.725684,54.532959],[162.105566,54.752148],[161.729395,55.358008],[162.084961,56.089648],[162.528223,56.260693],[163.335547,56.23252],[163.256543,56.688037],[162.802637,56.811475],[162.779297,57.357617],[161.960059,58.076904],[162.141602,58.447412],[163.272852,59.302588],[163.409961,59.834961],[163.780078,60.041113],[165.08457,60.098584],[166.352148,60.484814],[166.964063,60.307031],[168.1375,60.573926],[169.226758,60.595947],[169.982617,60.06709],[170.608203,60.434912],[172.392773,61.061768],[172.856543,61.469189],[174.514355,61.823633],[175.267871,62.102393],[177.35127,62.587451],[179.120703,62.320361],[179.570508,62.6875],[179.332324,63.190186],[178.706445,63.521533],[178.650293,63.965283],[177.43291,64.444482],[178.519531,64.602979],[180,65.067236],[180,65.309912],[180,68.983447],[178.84834,69.387207],[176.924414,69.645996],[176.10752,69.860303],[173.277441,69.823828],[170.486816,70.107568],[170.99541,69.045312],[169.609863,68.786035],[169.310645,69.079541],[168.303027,69.271484],[167.628125,69.740332],[166.820312,69.499561],[162.375684,69.649072],[161.536914,69.379541],[159.83252,69.784961],[160.006445,70.309668],[159.350684,70.790723],[158.037012,71.039258],[155.895215,71.095508],[152.508789,70.834473],[150.599805,71.520117],[149.501563,72.164307],[148.402051,72.311963],[146.594141,72.302441],[145.485742,72.54209],[142.061426,72.720801],[139.601172,72.496094],[139.695117,71.700439],[137.31543,71.359424],[135.884766,71.630566],[134.102832,71.378955],[132.562305,71.895313],[131.562012,70.901025],[129.761914,71.119531],[128.358789,72.08833],[129.411719,72.315479],[128.888672,73.190234],[127.740332,73.481543],[125.61709,73.520605],[124.388086,73.754834],[123.305078,73.53291],[123.160352,72.954883],[119.750391,72.979102],[118.430273,73.246533],[118.450195,73.589795],[115.337695,73.702588],[114.060547,73.584668],[112.147266,73.708936],[110.261426,74.017432],[109.855273,73.472461],[107.750391,73.173145],[107.271094,73.621045],[108.199512,73.694092],[109.840332,74.321973],[111.868262,74.740039],[113.613574,75.292969],[113.870996,75.856006],[112.619531,76.383545],[111.114844,76.723047],[108.02793,76.718457],[107.429785,76.926563],[104.911914,77.174707],[105.894531,77.488867],[104.014551,77.73042],[100.989941,76.990479],[100.322363,76.47915],[96.879199,75.931055],[94.575586,76.151758],[93.549805,75.854102],[90.184961,75.591064],[87.671387,75.12959],[86.651465,74.682422],[86.591406,73.894287],[83.544727,73.666504],[80.583203,73.568457],[80.827051,72.488281],[82.183594,72.237549],[82.986133,71.748682],[81.51123,71.746143],[79.42207,72.380762],[78.482617,72.394971],[76.032422,71.9104],[75.741406,72.29624],[73.671777,71.845068],[73.08623,71.444922],[74.310938,70.653613],[73.560156,69.707227],[73.775684,69.198242],[74.814844,69.090576],[76.000977,69.235059],[76.45918,68.978271],[74.57959,68.751221],[74.391406,68.420605],[74.769531,67.766357],[73.79209,66.995312],[72.417383,66.560791],[71.916992,66.246729],[70.339453,66.342383],[69.194336,66.578662],[69.013477,66.78833],[69.877148,66.845459],[70.939453,66.548145],[71.551172,66.760449],[73.152148,67.865039],[73.548047,68.574512],[72.527344,69.080518],[72.731641,70.822852],[71.912012,71.547949],[72.624414,72.079443],[72.812109,72.691406],[71.500195,72.913672],[69.645117,72.897559],[69.039062,72.669922],[68.269238,71.682812],[66.917578,71.282373],[67.284766,70.738721],[67.064453,69.693701],[68.005859,69.480029],[68.542773,68.96709],[68.504199,68.348438],[63.361426,69.675293],[61.015918,69.851465],[60.170605,69.590918],[60.933594,68.986768],[59.897363,68.421924],[58.918945,69.003809],[57.126855,68.554004],[56.043652,68.648877],[53.967871,68.227344],[53.801953,68.995898],[52.550098,68.592432],[50.838867,68.349951],[48.87793,67.731348],[47.874707,67.58418],[47.709082,67.04502],[45.986035,66.853125],[44.939453,67.477441],[45.528711,67.757568],[46.69043,67.848828],[45.891992,68.479687],[44.048047,68.548828],[44.225391,67.995605],[43.782422,67.254492],[44.488672,66.671777],[44.097168,66.235059],[42.210547,66.519678],[41.475781,66.123437],[39.816504,65.597949],[40.28125,64.998096],[39.758008,64.577051],[38.009375,64.87876],[36.882812,65.172363],[36.528223,64.847363],[38.070801,64.02583],[37.442188,63.813379],[36.364941,64.002832],[34.869531,64.56001],[34.406445,65.395752],[34.786328,65.864551],[33.566699,66.320996],[32.463672,66.916309],[34.824609,66.611133],[35.513477,66.395801],[38.397559,66.064453],[39.289062,66.132031],[40.521582,66.446631],[41.188965,66.826172],[40.966406,67.713477],[40.380664,67.831885],[35.85791,69.191748],[33.684375,69.310254],[32.377734,69.479102],[29.601367,69.976758],[30.944141,70.274414],[29.102344,70.860742],[27.59707,71.091309],[24.42002,70.702002],[23.046484,70.101855],[22.68457,70.374756],[21.400391,70.174463],[21.163086,69.889502],[20.068945,69.883447],[19.197266,69.747852],[18.991113,69.561133],[18.293164,69.475098],[18.101465,69.156299],[16.651855,68.625781],[16.064551,68.199902],[14.798926,67.809326],[14.75498,67.499023],[13.104688,66.539404],[12.976074,66.019189],[12.272852,65.568164],[12.159668,65.178955],[11.349902,64.905908],[9.708008,63.864893],[9.696875,63.624561],[8.398145,63.535107],[8.100586,63.090967],[7.008496,62.957666],[5.533301,62.310889],[4.927832,61.710693],[5.049121,60.70752],[5.244043,60.56958],[5.131641,59.226465],[5.845215,59.353467],[5.706836,58.523633],[7.004883,58.024219],[8.166113,58.145313],[9.618457,58.946045],[10.179395,59.009277],[10.644922,59.389209],[11.195801,59.078271],[11.271582,58.475635],[11.734961,57.717676],[12.421484,56.906396],[12.883691,56.617725],[12.592578,56.137598],[13.321387,55.346387],[14.341699,55.527734],[14.215039,55.832617],[14.782031,56.161914],[15.99668,56.222607],[16.52793,57.068164],[16.651953,58.434326],[18.285352,59.109375],[17.979785,59.329053]],[[50.679883,46.938721],[51.178027,47.110156],[52.18877,46.839502],[52.916016,46.954395],[53.170215,46.669043],[53.135254,46.19165],[52.773828,45.572754],[53.078906,45.30752],[52.531055,45.398633],[51.415723,45.357861],[50.860352,44.62876],[50.830762,44.192773],[51.301758,43.482373],[51.844141,42.910449],[52.596582,42.760156],[52.462109,42.100635],[52.609375,41.529443],[53.16416,42.093799],[53.846484,42.091162],[54.094824,41.519385],[54.592188,41.193555],[54.710059,40.891113],[53.87002,40.648682],[53.145215,40.824951],[52.733691,40.39873],[52.9875,39.987598],[53.472266,39.668799],[53.124805,39.43208],[53.868652,38.949268],[53.823535,37.92793],[54.017188,36.95249],[52.190137,36.621729],[51.118555,36.742578],[50.533203,37.013672],[50.130469,37.407129],[49.470117,37.49668],[48.959961,37.890137],[48.850879,38.815332],[49.362793,39.349561],[49.324414,39.60835],[49.775977,40.583984],[48.228613,42.180957],[47.463184,43.035059],[47.508984,43.509717],[47.229883,44.192383],[46.753027,44.420654],[47.524219,45.601709],[48.15918,45.737012],[49.07959,46.189209],[49.347461,46.519141],[49.999805,46.634277],[50.679883,46.938721]]]},"properties":{"scalerank":0,"featurecla":"Land","min_zoom":0}},
{"type":"Feature","geometry":{"type":"Polygon","coordinates":[[[145.881543,43.459521],[145.893945,43.419824],[145.943555,43.426465],[145.931152,43.457031],[145.881543,43.459521]]]},"properties":{"scalerank":0,"featurecla":"Land","min_zoom":4}},
{"type":"Feature","geometry":{"type":"Polygon","coordinates":[[[146.358789,43.625391],[146.310156,43.651855],[146.288184,43.625391],[146.358789,43.625391]]]},"properties":{"scalerank":0,"featurecla":"Land","min_zoom":4}},
{"type":"Feature","geometry":{"type":"Polygon","coordinates":[[[146.045605,43.409326],[146.086328,43.429199],[146.088574,43.449023],[146.028027,43.420361],[146.045605,43.409326]]]},"properties":{"scalerank":0,"featurecla":"Land","min_zoom":4}},
{"type":"Feature","geometry":{"type":"Polygon","coordinates":[[[-159.740527,-21.249219],[-159.768359,-21.188477],[-159.832031,-21.200488],[-159.8396,-21.238086],[-159.740527,-21.249219]]]},"properties":{"scalerank":0,"featurecla":"Land","min_zoom":4}},
{"type":"Feature","geometry":{"type":"Polygon","coordinates":[[[-172.47915,-8.580762],[-172.487256,-8.556152],[-172.498682,-8.547949],[-172.483691,-8.58291],[-172.47915,-8.580762]]]},"properties":{"scalerank":0,"featurecla":"Land","min_zoom":4}},
{"type":"Feature","geometry":{"type":"Polygon","coordinates":[[[-171.186426,-9.355469],[-171.194434,-9.33877],[-171.200049,-9.344727],[-171.186426,-9.355469]]]},"properties":{"scalerank":0,"featurecla":"Land","min_zoom":4}},
{"type":"Feature","geometry":{"type":"Polygon","coordinates":[[[-172.214551,-4.511133],[-172.212207,-4.493945],[-172.22832,-4.507031],[-172.214551,-4.511133]]]},"properties":{"scalerank":0,"featurecla":"Land","min_zoom":4}},
{"type":"Feature","geometry":{"type":"Polygon","coordinates":[[[-171.697607,-2.766406],[-171.660205,-2.798535],[-171.639746,-2.829199],[-171.638525,-2.84668],[-171.678369,-2.824512],[-171.670605,-2.844434],[-171.647363,-2.855566],[-171.627637,-2.846973],[-171.639648,-2.81123],[-171.66499,-2.785547],[-171.697607,-2.766406]]]},"properties":{"scalerank":0,"featurecla":"Land","min_zoom":4}},
{"type":"Feature","geometry":{"type":"Polygon","coordinates":[[[-171.085156,-3.135449],[-171.081006,-3.12041],[-171.087695,-3.115039],[-171.096729,-3.136914],[-171.085156,-3.135449]]]},"properties":{"scalerank":0,"featurecla":"Land","min_zoom":4}},
{"type":"Feature","geometry":{"type":"Polygon","coordinates":[[[-171.233203,-4.463477],[-171.239404,-4.444141],[-171.252393,-4.441602],[-171.261768,-4.459766],[-171.233203,-4.463477]]]},"properties":{"scalerank":0,"featurecla":"Land","min_zoom":4}},
{"type":"Feature","geometry":{"type":"Polygon","coordinates":[[[-174.512939,-4.675098],[-174.531396,-4.659473],[-174.533105,-4.665332],[-174.501025,-4.694727],[-174.501123,-4.688379],[-174.512939,-4.675098]]]},"properties":{"scalerank":0,"featurecla":"Land","min_zoom":4}},
{"type":"Feature","geometry":{"type":"Polygon","coordinates":[[[-154.95625,-4.087988],[-154.951221,-4.031055],[-155.015039,-4.048047],[-154.95625,-4.087988]]]},"properties":{"scalerank":0,"featurecla":"Land","min_zoom":4}},
{"type":"Feature","geometry":{"type":"Polygon","coordinates":[[[-151.782617,-11.441016],[-151.802783,-11.392676],[-151.819141,-11.409277],[-151.806689,-11.45127],[-151.782617,-11.441016]]]},"properties":{"scalerank":0,"featurecla":"Land","min_zoom":4}},
{"type":"Feature","geometry":{"type":"Polygon","coordinates":[[[-155.863818,-5.62666],[-155.872266,-5.611328],[-155.928613,-5.607617],[-155.914355,-5.631641],[-155.863818,-5.62666]]]},"properties":{"scalerank":0,"featurecla":"Land","min_zoom":4}},
{"type":"Feature","geometry":{"type":"Polygon","coordinates":[[[-178.535107,-19.166016],[-178.574072,-19.143164],[-178.595947,-19.151367],[-178.546338,-19.175],[-178.535107,-19.166016]]]},"properties":{"scalerank":0,"featurecla":"Land","min_zoom":4}},
{"type":"Feature","geometry":{"type":"Polygon","coordinates":[[[-179.799854,-18.940332],[-179.831104,-18.924219],[-179.856201,-18.943262],[-179.797607,-18.969824],[-179.799854,-18.940332]]]},"properties":{"scalerank":0,"featurecla":"Land","min_zoom":4}},
{"type":"Feature","geometry":{"type":"Polygon","coordinates":[[[-178.711621,-20.667773],[-178.724561,-20.645703],[-178.730566,-20.652832],[-178.723096,-20.666797],[-178.711621,-20.667773]]]},"properties":{"scalerank":0,"featurecla":"Land","min_zoom":4}},
{"type":"Feature","geometry":{"type":"Polygon","coordinates":[[[-78.80415,-33.646484],[-78.888281,-33.576367],[-78.98335,-33.667773],[-78.80415,-33.646484]]]},"properties":{"scalerank":0,"featurecla":"Land","min_zoom":3}},
{"type":"Feature","geometry":{"type":"Polygon","coordinates":[[[-14.364355,-7.974316],[-14.302539,-7.935449],[-14.383643,-7.882617],[-14.414941,-7.94375],[-14.364355,-7.974316]]]},"properties":{"scalerank":0,"featurecla":"Land","min_zoom":4}},
{"type":"Feature","geometry":{"type":"Polygon","coordinates":[[[72.780371,11.20249],[72.787891,11.215918],[72.795898,11.260449],[72.781836,11.243311],[72.772461,11.214258],[72.780371,11.20249]]]},"properties":{"scalerank":0,"featurecla":"Land","min_zoom":4}},
{"type":"Feature","geometry":{"type":"Polygon","coordinates":[[[73.067383,8.269092],[73.079785,8.293066],[73.075195,8.306348],[73.055859,8.274561],[73.067383,8.269092]]]},"properties":{"scalerank":0,"featurecla":"Land","min_zoom":4}},
{"type":"Feature","geometry":{"type":"Polygon","coordinates":[[[73.416602,3.23125],[73.442773,3.274316],[73.401563,3.28877],[73.382031,3.246484],[73.416602,3.23125]]]},"properties":{"scalerank":0,"featurecla":"Land","min_zoom":4}},
{"type":"Feature","geometry":{"type":"Polygon","coordinates":[[[73.512207,4.164551],[73.52832,4.243311],[73.504102,4.234619],[73.473047,4.170703],[73.512207,4.164551]]]},"properties":{"scalerank":0,"featurecla":"Land","min_zoom":4}},
{"type":"Feature","geometry":{"type":"Polygon","coordinates":[[[131.172363,3.026221],[131.172363,3.060596],[131.136719,3.039453],[131.172363,3.026221]]]},"properties":{"scalerank":0,"featurecla":"Land","min_zoom":4}},
{"type":"Feature","geometry":{"type":"Polygon","coordinates":[[[151.647754,7.346191],[151.629492,7.39043],[151.604297,7.357227],[151.647754,7.346191]]]},"properties":{"scalerank":0,"featurecla":"Land","min_zoom":4}},
{"type":"Feature","geometry":{"type":"Polygon","coordinates":[[[151.881445,7.432031],[151.912598,7.453857],[151.865332,7.466162],[151.881445,7.432031]]]},"properties":{"scalerank":0,"featurecla":"Land","min_zoom":4}},
{"type":"Feature","geometry":{"type":"Polygon","coordinates":[[[166.890332,11.153076],[166.888086,11.168652],[166.858887,11.166309],[166.864453,11.14624],[166.890332,11.153076]]]},"properties":{"scalerank":0,"featurecla":"Land","min_zoom":4}},
{"type":"Feature","geometry":{"type":"Polygon","coordinates":[[[177.121484,-12.505469],[177.118066,-12.482324],[177.067578,-12.476953],[177.082422,-12.515625],[177.121484,-12.505469]]]},"properties":{"scalerank":0,"featurecla":"Land","min_zoom":4}},
{"type":"Feature","geometry":{"type":"Polygon","coordinates":[[[174.629688,-21.69502],[174.604199,-21.66748],[174.592969,-21.702344],[174.629688,-21.69502]]]},"properties":{"scalerank":0,"featurecla":"Land","min_zoom":4}},
{"type":"Feature","geometry":{"type":"Polygon","coordinates":[[[179.213672,-8.524219],[179.211621,-8.488086],[179.197949,-8.488672],[179.200879,-8.512109],[179.213672,-8.524219]]]},"properties":{"scalerank":0,"featurecla":"Land","min_zoom":4}},
{"type":"Feature","geometry":{"type":"Polygon","coordinates":[[[178.694824,-7.483496],[178.689844,-7.473828],[178.674219,-7.480176],[178.687109,-7.494043],[178.694824,-7.483496]]]},"properties":{"scalerank":0,"featurecla":"Land","min_zoom":4}},
{"type":"Feature","geometry":{"type":"Polygon","coordinates":[[[178.389746,-8.045801],[178.370703,-8.060645],[178.377051,-8.068457],[178.389746,-8.045801]]]},"properties":{"scalerank":0,"featurecla":"Land","min_zoom":4}},
{"type":"Feature","geometry":{"type":"Polygon","coordinates":[[[169.551074,-0.87373],[169.538672,-0.846875],[169.522949,-0.865625],[169.551074,-0.87373]]]},"properties":{"scalerank":0,"featurecla":"Land","min_zoom":4}},
{"type":"Feature","geometry":{"type":"Polygon","coordinates":[[[-128.290088,-24.397363],[-128.303613,-24.333594],[-128.350195,-24.340234],[-128.320654,-24.399707],[-128.290088,-24.397363]]]},"properties":{"scalerank":0,"featurecla":"Land","min_zoom":4}},
{"type":"Feature","geometry":{"type":"Polygon","coordinates":[[[-166.109863,66.227441],[-165.942285,66.278174],[-166.03252,66.277734],[-166.146484,66.237158],[-166.109863,66.227441]]]},"properties":{"scalerank":0,"featurecla":"Land","min_zoom":4}},
{"type":"Feature","geometry":{"type":"Polygon","coordinates":[[[-86.714014,21.239307],[-86.739062,21.27998],[-86.752881,21.278809],[-86.736377,21.233301],[-86.714014,21.239307]]]},"properties":{"scalerank":0,"featurecla":"Land","min_zoom":4}},
{"type":"Feature","geometry":{"type":"Polygon","coordinates":[[[54.46543,24.442773],[54.39834,24.506348],[54.357715,24.442773],[54.46543,24.442773]]]},"properties":{"scalerank":0,"featurecla":"Land","min_zoom":4}},
{"type":"Feature","geometry":{"type":"Polygon","coordinates":[[[-81.783838,24.54458],[-81.739746,24.554492],[-81.767676,24.576709],[-81.783838,24.54458]]]},"properties":{"scalerank":0,"featurecla":"Land","min_zoom":4}},
{"type":"Feature","geometry":{"type":"Polygon","coordinates":[[[124.744531,37.980615],[124.661133,37.973437],[124.69668,37.920166],[124.744531,37.980615]]]},"properties":{"scalerank":0,"featurecla":"Land","min_zoom":4}}
]}